 product_name,product_category_tree,brand,discounted_price,description
Merry Christmas Banner,"[""Christmas Decor >> Wall Decor""]",PartyCraft,179,Red glitter banner for walls or balconies.
Hanging Snowflake Ornaments,"[""Christmas Decor >> Ornaments""]",ShineBright,299,Set of 12 plastic snowflake ornaments for tree or window decoration.
Scented Candles (Set of 3),"[""Christmas Decor >> Candles & Fragrances""]","AromaNest	",299,Cinnamon and vanilla scented candles for a festive aroma.
Christmas Garland (6ft),"[""Christmas Decor >> Garland""]",GreenFest,349,Decorative pine garland with berries and LED lights for doors or shelves.
Mini Christmas Tree (2ft),"[""Christmas Decor >> Trees""]","DecorTree	",599,Tabletop artificial Christmas tree with ornaments and lights. I want to decorate my room for Christmas
OM SHIVAKRITI Square wall Clock Showpiece  -  38.1 cm,"[""Home Decor & Festive Needs >> Showpiece >> Gramophones >> OM SHIVAKRITI Gramophones >> OM SHIVAKRITI Square wall Clock Showpiece  -  38...""]",OM SHIVAKRITI,1499,"Key Features of OM SHIVAKRITI Square wall Clock Showpiece  -  38.1 cm Paper Mache Height - 38.1 cm Width - 38.1 cm,OM SHIVAKRITI Square wall Clock Showpiece  -  38.1 cm (Paper Mache, Multicolor) Price: Rs. 1,499 Omshivakriti brings you this square wall watch made from paper mache and finished in attractive set of colors. The product in display is ideal to décor your home.,Specifications of OM SHIVAKRITI Square wall Clock Showpiece  -  38.1 cm (Paper Mache, Multicolor) General Brand OM SHIVAKRITI Model Number OSK60 Type Antique Material Paper Mache Model Name Square wall Clock Color Multicolor Dimensions Height 38.1 cm Width 38.1 cm Depth 3.81 cm In the Box Sales Package 1 showpiece"
Redbag Eight Armed Goddess Sherawali Maa Showpiece  -  10.8 cm,"[""Home Decor & Festive Needs >> Table Decor & Handicrafts >> Showpiece >> Religious Idols >> Redbag Religious Idols >> Redbag Eight Armed Goddess Sherawali Maa Showpie...""]",Redbag,1200,"Key Features of Redbag Eight Armed Goddess Sherawali Maa Showpiece  -  10.8 cm Brass Height - 10.8 cm Width - 10.16 cm Weight - 850 g,Specifications of Redbag Eight Armed Goddess Sherawali Maa Showpiece  -  10.8 cm (Brass, Gold) General Brand Redbag Model Number 6437 Type Religious Idols Model Name Eight Armed Goddess Sherawali Maa Material Brass Color Gold Dimensions Weight 850 g Height 10.8 cm Width 10.16 cm Depth 5.08 cm In the Box Sales Package 1 Showpiece Figurine"
"Kleio Festive, Party, Casual Blue PU  Clutch","[""Bags, Wallets & Belts >> Wallets & Clutches >> Clutches >> Kleio Clutches >> Kleio Festive, Party, Casual Blue PU  Clutch""]",Kleio,999,"Key Features of Kleio Festive, Party, Casual Blue PU  Clutch Occasion: Festive, Party, Casual Compartments: 1 Closure: Buckle Pattern: Solid,Specifications of Kleio Festive, Party, Casual Blue PU  Clutch General Closure Buckle Size in inch 1 inch Model Name Designer party Sling Bag Material PU Style Code ESR200004KL Occasion Festive, Party, Casual Color Code Blue Dimensions Weight 300 g Height 160 mm Width 310 mm Depth 30 mm Body Features Pattern Solid Number of Compartments 1 In the Box Clutch"
Pure Source Psi-As-Hanggnrlx Relaxing Liquid Air Freshener,"[""Home Decor & Festive Needs >> Candles & Fragrances >> Home Fragrances >> Aroma Oil & Diffuser Sets >> Pure Source Aroma Oil & Diffuser Sets""]",Pure Source,375,Buy Pure Source Psi-As-Hanggnrlx Relaxing Liquid Air Freshener for Rs.375 online. Pure Source Psi-As-Hanggnrlx Relaxing Liquid Air Freshener at best prices with FREE shipping & cash on delivery. Only Genuine Products. 30 Day Replacement Guarantee.
Karigaari Set Of 5 Adivasi Doing Merry On Trumpet Showpiece  -  30 cm,"[""Home Decor & Festive Needs >> Showpieces >> Karigaari Showpieces""]",Karigaari,2050,"Karigaari Set Of 5 Adivasi Doing Merry On Trumpet Showpiece  -  30 cm (Iron, Wooden, Multicolor)
                         Price: Rs. 2,050
				
			Indian Society Is A Potpourri Of Different And Divergent Cultures, Wherein Every Sect Has Its Own Unique Role To Play. Not To Forget, Is The Contribution From Various Aadivasi Group From Various Parts Of This Vast Country. Known To Embrace Ways Of Life Close To Nature, A Group Of Aadivasi Men And Women Seen Making Merry In This Specially Designed Wrought Iron Artefact By Karigaari India. The Figurines Are Arranged On An Elephant-Tusk Shaped Base, Making It A Perfect Table Top Artefact. Bring It Home Or Gift It To Your Friend & Family To Enjoy This Ethnic Splendour.
Indian Society Is A Potpourri Of Different And Divergent Cultures, Wherein Every Sect Has Its Own Unique Role To Play. Not To Forget, Is The Contribution From Various Aadivasi Group From Various Parts Of This Vast Country. Known To Embrace Ways Of Life Close To Nature, A Group Of Aadivasi Men And Women Seen Making Merry In This Specially Designed Wrought Iron Artefact By Karigaari India. The Figurines Are Arranged On An Elephant-Tusk Shaped Base, Making It A Perfect Table Top Artefact. Bring It Home Or Gift It To Your Friend & Family To Enjoy This Ethnic Splendour."
Myesquire Square Pot Aroma Electric Burner Lemongrass Liquid Air Freshener,"[""Home Decor & Festive Needs >> Candles & Fragrances >> Home Fragrances >> Handheld Air Fresheners >> Myesquire Handheld Air Fresheners""]",Myesquire,628,Buy Myesquire Square Pot Aroma Electric Burner Lemongrass Liquid Air Freshener for Rs.628 online. Myesquire Square Pot Aroma Electric Burner Lemongrass Liquid Air Freshener at best prices with FREE shipping & cash on delivery. Only Genuine Products. 30 Day Replacement Guarantee.
Myesquire Black and White Aroma Burner Combo Lemongrass Liquid Air Freshener,"[""Home Decor & Festive Needs >> Candles & Fragrances >> Home Fragrances >> Aroma Oils >> Myesquire Aroma Oils""]",Myesquire,310,"Myesquire Black and White Aroma Burner Combo Lemongrass Liquid Air Freshener (70 ml)
                         Price: Rs. 310
				
			Illuminate Every Corner Of Your Living Room In Style With This Home Fragrance Burner Diffuser Combo That Is Brought To You By Myesquire. This Is A Very Unique, Useful And Value For Money Product For Home Decoration And Fragrance. This Combo Contains Diffuser Pot, Aroma Burner, Tea Lights, Aroma Burner Oil, Aroma Diffuser Oil. How To Use Aroma Burner Pot: Put A Small Amount 1-2 Tea Spoon Of Aroma Oil On The Top Bowl Surface Of Burner Pot And Light The Tlight In The Space Under The Bowl Surface. After Few Minutes As The Oil Heats Up, The Fragrance Will Spread In The Room. And You Will Be All Set To Enjoy The Captivating Aroma. Keep It Away From Children As Surface Becomes Hot. Blow Off Tealight When Optimum Level Of Fragrance Is Acheived. How To Use Aroma Diffuser Pot: Put Around 10-15 Ml Of Aroma Diffuser Oil In The Bottle And Place Wooden Cane Reeds (4-5) In The Pot After Around 30-45 Minutes Oil Will Rise In The Wooden Reeds And Start Diffusing In The Room. For Better Aroma Effect Use It In Enclosed Space And Rotate Reeds Upside Down After Every 2-3 Days.
Illuminate Every Corner Of Your Living Room In Style With This Home Fragrance Burner Diffuser Combo That Is Brought To You By Myesquire. This Is A Very Unique, Useful And Value For Money Product For Home Decoration And Fragrance. This Combo Contains Diffuser Pot, Aroma Burner, Tea Lights, Aroma Burner Oil, Aroma Diffuser Oil. How To Use Aroma Burner Pot: Put A Small Amount 1-2 Tea Spoon Of Aroma Oil On The Top Bowl Surface Of Burner Pot And Light The Tlight In The Space Under The Bowl Surface. After Few Minutes As The Oil Heats Up, The Fragrance Will Spread In The Room. And You Will Be All Set To Enjoy The Captivating Aroma. Keep It Away From Children As Surface Becomes Hot. Blow Off Tealight When Optimum Level Of Fragrance Is Acheived. How To Use Aroma Diffuser Pot: Put Around 10-15 Ml Of Aroma Diffuser Oil In The Bottle And Place Wooden Cane Reeds (4-5) In The Pot After Around 30-45 Minutes Oil Will Rise In The Wooden Reeds And Start Diffusing In The Room. For Better Aroma Effect Use It In Enclosed Space And Rotate Reeds Upside Down After Every 2-3 Days."
Myesquire Oval Electric Aroma Lemongrass Liquid Air Freshener,"[""Home Decor & Festive Needs >> Candles & Fragrances >> Home Fragrances >> Aroma Oil & Diffuser Sets >> Myesquire Aroma Oil & Diffuser Sets""]",Myesquire,590,"Myesquire Oval Electric Aroma Lemongrass Liquid Air Freshener (30 ml)
                         Price: Rs. 590
				
			Illuminate Every Corner Of Your Living Room In Style With This Home Fragrance Electric Burner Combo With Fragrance That Is Brought To You By Myesquire. This Is A Very Unique, Useful And Value For Money Product For Home Decoration And Fragrance. This Unique Combo Contains Aroma Electric Burner With All Electric Accessories Including Electric Bulb And Aroma Oil. Put A Small Amount 1-2 Tea Spoon Of Aroma Oil On The Bowl Surface And Light The Electric Bulb And After Few Minutes As The Oil Heats Up, The Fragrance Will Spread In The Room. And You Will Be All Set To Enjoy The Captivating Aroma. Keep It Away From Children As Surface Becomes Hot. For better effects don't mix water with oil.
Illuminate Every Corner Of Your Living Room In Style With This Home Fragrance Electric Burner Combo With Fragrance That Is Brought To You By Myesquire. This Is A Very Unique, Useful And Value For Money Product For Home Decoration And Fragrance. This Unique Combo Contains Aroma Electric Burner With All Electric Accessories Including Electric Bulb And Aroma Oil. Put A Small Amount 1-2 Tea Spoon Of Aroma Oil On The Bowl Surface And Light The Electric Bulb And After Few Minutes As The Oil Heats Up, The Fragrance Will Spread In The Room. And You Will Be All Set To Enjoy The Captivating Aroma. Keep It Away From Children As Surface Becomes Hot. For better effects don't mix water with oil."
Myesquire Oval Electric Aroma Lemongrass Liquid Air Freshener,"[""Home Decor & Festive Needs >> Candles & Fragrances >> Home Fragrances >> Aroma Oils >> Myesquire Aroma Oils""]",Myesquire,599,"Myesquire Oval Electric Aroma Lemongrass Liquid Air Freshener (30 ml)
                         Price: Rs. 599
				
			Illuminate Every Corner Of Your Living Room In Style With This Home Fragrance Electric Burner Combo With Fragrance That Is Brought To You By Myesquire. This Is A Very Unique, Useful And Value For Money Product For Home Decoration And Fragrance. This Unique Combo Contains Aroma Electric Burner With All Electric Accessories Including Electric Bulb And Aroma Oil. Put A Small Amount 1-2 Tea Spoon Of Aroma Oil On The Bowl Surface And Light The Electric Bulb And After Few Minutes As The Oil Heats Up, The Fragrance Will Spread In The Room. And You Will Be All Set To Enjoy The Captivating Aroma. Keep It Away From Children As Surface Becomes Hot. For better effects don't mix water with oil.
Illuminate Every Corner Of Your Living Room In Style With This Home Fragrance Electric Burner Combo With Fragrance That Is Brought To You By Myesquire. This Is A Very Unique, Useful And Value For Money Product For Home Decoration And Fragrance. This Unique Combo Contains Aroma Electric Burner With All Electric Accessories Including Electric Bulb And Aroma Oil. Put A Small Amount 1-2 Tea Spoon Of Aroma Oil On The Bowl Surface And Light The Electric Bulb And After Few Minutes As The Oil Heats Up, The Fragrance Will Spread In The Room. And You Will Be All Set To Enjoy The Captivating Aroma. Keep It Away From Children As Surface Becomes Hot. For better effects don't mix water with oil."
Myesquire Ceramic Coffee Burner Pot Lemongrass Liquid Air Freshener,"[""Home Decor & Festive Needs >> Candles & Fragrances >> Home Fragrances >> Aroma Oils >> Myesquire Aroma Oils""]",Myesquire,245,"Myesquire Ceramic Coffee Burner Pot Lemongrass Liquid Air Freshener (30 ml)
                         Price: Rs. 245
				
			Illuminate Every Corner Of Your Living Room In Style With This Home Fragrance Electric Burner Combo With Fragrance That Is Brought To You By Myesquire. This Is A Very Unique, Useful And Value for Money Product For Home Decoration And Fragrance. This Unique Combo Contains Aroma Burner With All Accessories and is ready to use . Put A Small Amount 1-2 Tea Spoon Of Aroma Oil On The Bowl Surface And Light The Tea Light and After Few Minutes As The Oil Heats Up, The Fragrance Will Spread In The Room. And You Will Be All Set To Enjoy The Captivating Aroma. Keep It Away From Children As Surface Becomes Hot.
Illuminate Every Corner Of Your Living Room In Style With This Home Fragrance Electric Burner Combo With Fragrance That Is Brought To You By Myesquire. This Is A Very Unique, Useful And Value for Money Product For Home Decoration And Fragrance. This Unique Combo Contains Aroma Burner With All Accessories and is ready to use . Put A Small Amount 1-2 Tea Spoon Of Aroma Oil On The Bowl Surface And Light The Tea Light and After Few Minutes As The Oil Heats Up, The Fragrance Will Spread In The Room. And You Will Be All Set To Enjoy The Captivating Aroma. Keep It Away From Children As Surface Becomes Hot."
Myesquire Blue Green Aroma Burner Combo Lemongrass Liquid Air Freshener,"[""Home Decor & Festive Needs >> Candles & Fragrances >> Home Fragrances >> Aroma Oils >> Myesquire Aroma Oils""]",Myesquire,280,"Myesquire Blue Green Aroma Burner Combo Lemongrass Liquid Air Freshener (70 ml)
                         Price: Rs. 280
				
			Illuminate Every Corner Of Your Living Room In Style With This Home Fragrance Burner Diffuser Combo That Is Brought To You By Myesquire. This Is A Very Unique, Useful And Value For Money Product For Home Decoration And Fragrance. This Combo Contains Diffuser Pot, Aroma Burner, Tea Lights, Aroma Burner Oil, Aroma Diffuser Oil. How To Use Aroma Burner Pot: Put A Small Amount 1-2 Tea Spoon Of Aroma Oil On The Top Bowl Surface Of Burner Pot And Light The Tlight In The Space Under The Bowl Surface. After Few Minutes As The Oil Heats Up, The Fragrance Will Spread In The Room. And You Will Be All Set To Enjoy The Captivating Aroma. Keep It Away From Children As Surface Becomes Hot. Blow Off Tealight When Optimum Level Of Fragrance Is Acheived. How To Use Aroma Diffuser Pot: Put Around 10-15 Ml Of Aroma Diffuser Oil In The Bottle And Place Wooden Cane Reeds (4-5) In The Pot After Around 30-45 Minutes Oil Will Rise In The Wooden Reeds And Start Diffusing In The Room. For Better Aroma Effect Use It In Enclosed Space And Rotate Reeds Upside Down After Every 2-3 Days.
Illuminate Every Corner Of Your Living Room In Style With This Home Fragrance Burner Diffuser Combo That Is Brought To You By Myesquire. This Is A Very Unique, Useful And Value For Money Product For Home Decoration And Fragrance. This Combo Contains Diffuser Pot, Aroma Burner, Tea Lights, Aroma Burner Oil, Aroma Diffuser Oil. How To Use Aroma Burner Pot: Put A Small Amount 1-2 Tea Spoon Of Aroma Oil On The Top Bowl Surface Of Burner Pot And Light The Tlight In The Space Under The Bowl Surface. After Few Minutes As The Oil Heats Up, The Fragrance Will Spread In The Room. And You Will Be All Set To Enjoy The Captivating Aroma. Keep It Away From Children As Surface Becomes Hot. Blow Off Tealight When Optimum Level Of Fragrance Is Acheived. How To Use Aroma Diffuser Pot: Put Around 10-15 Ml Of Aroma Diffuser Oil In The Bottle And Place Wooden Cane Reeds (4-5) In The Pot After Around 30-45 Minutes Oil Will Rise In The Wooden Reeds And Start Diffusing In The Room. For Better Aroma Effect Use It In Enclosed Space And Rotate Reeds Upside Down After Every 2-3 Days."
Myesquire White Brown Aroma Burner Combo Lemongrass Liquid Air Freshener,"[""Home Decor & Festive Needs >> Candles & Fragrances >> Home Fragrances >> Aroma Oils >> Myesquire Aroma Oils""]",Myesquire,270,"Myesquire White Brown Aroma Burner Combo Lemongrass Liquid Air Freshener (70 ml)
                         Price: Rs. 270
				
			Illuminate Every Corner Of Your Living Room In Style With This Home Fragrance Burner Diffuser Combo That Is Brought To You By Myesquire. This Is A Very Unique, Useful And Value For Money Product For Home Decoration And Fragrance. This Combo Contains Diffuser Pot, Aroma Burner, Tea Lights, Aroma Burner Oil, Aroma Diffuser Oil. How To Use Aroma Burner Pot: Put A Small Amount 1-2 Tea Spoon Of Aroma Oil On The Top Bowl Surface Of Burner Pot And Light The Tlight In The Space Under The Bowl Surface. After Few Minutes As The Oil Heats Up, The Fragrance Will Spread In The Room. And You Will Be All Set To Enjoy The Captivating Aroma. Keep It Away From Children As Surface Becomes Hot. Blow Off Tealight When Optimum Level Of Fragrance Is Acheived. How To Use Aroma Diffuser Pot: Put Around 10-15 Ml Of Aroma Diffuser Oil In The Bottle And Place Wooden Cane Reeds (4-5) In The Pot After Around 30-45 Minutes Oil Will Rise In The Wooden Reeds And Start Diffusing In The Room. For Better Aroma Effect Use It In Enclosed Space And Rotate Reeds Upside Down After Every 2-3 Days.
Illuminate Every Corner Of Your Living Room In Style With This Home Fragrance Burner Diffuser Combo That Is Brought To You By Myesquire. This Is A Very Unique, Useful And Value For Money Product For Home Decoration And Fragrance. This Combo Contains Diffuser Pot, Aroma Burner, Tea Lights, Aroma Burner Oil, Aroma Diffuser Oil. How To Use Aroma Burner Pot: Put A Small Amount 1-2 Tea Spoon Of Aroma Oil On The Top Bowl Surface Of Burner Pot And Light The Tlight In The Space Under The Bowl Surface. After Few Minutes As The Oil Heats Up, The Fragrance Will Spread In The Room. And You Will Be All Set To Enjoy The Captivating Aroma. Keep It Away From Children As Surface Becomes Hot. Blow Off Tealight When Optimum Level Of Fragrance Is Acheived. How To Use Aroma Diffuser Pot: Put Around 10-15 Ml Of Aroma Diffuser Oil In The Bottle And Place Wooden Cane Reeds (4-5) In The Pot After Around 30-45 Minutes Oil Will Rise In The Wooden Reeds And Start Diffusing In The Room. For Better Aroma Effect Use It In Enclosed Space And Rotate Reeds Upside Down After Every 2-3 Days."
Myesquire Brown Aroma Burner Combo Lemongrass Liquid Air Freshener,"[""Home Decor & Festive Needs >> Candles & Fragrances >> Home Fragrances >> Aroma Oils >> Myesquire Aroma Oils""]",Myesquire,270,Buy Myesquire Brown Aroma Burner Combo Lemongrass Liquid Air Freshener for Rs.270 online. Myesquire Brown Aroma Burner Combo Lemongrass Liquid Air Freshener at best prices with FREE shipping & cash on delivery. Only Genuine Products. 30 Day Replacement Guarantee.
Myesquire Ceramic Burner Pot Lemongrass Liquid Air Freshener,"[""Home Decor & Festive Needs >> Candles & Fragrances >> Home Fragrances >> Aroma Oils >> Myesquire Aroma Oils""]",Myesquire,245,"Myesquire Ceramic Burner Pot Lemongrass Liquid Air Freshener (30 ml)
                         Price: Rs. 245
				
			Illuminate Every Corner Of Your Living Room In Style With This Home Fragrance Electric Burner Combo With Fragrance That Is Brought To You By Myesquire. This Is A Very Unique, Useful And Value for Money Product For Home Decoration And Fragrance. This Unique Combo Contains Aroma Burner With All Accessories and is ready to use . Put A Small Amount 1-2 Tea Spoon Of Aroma Oil On The Bowl Surface And Light The Tea Light and After Few Minutes As The Oil Heats Up, The Fragrance Will Spread In The Room. And You Will Be All Set To Enjoy The Captivating Aroma. Keep It Away From Children As Surface Becomes Hot.
Illuminate Every Corner Of Your Living Room In Style With This Home Fragrance Electric Burner Combo With Fragrance That Is Brought To You By Myesquire. This Is A Very Unique, Useful And Value for Money Product For Home Decoration And Fragrance. This Unique Combo Contains Aroma Burner With All Accessories and is ready to use . Put A Small Amount 1-2 Tea Spoon Of Aroma Oil On The Bowl Surface And Light The Tea Light and After Few Minutes As The Oil Heats Up, The Fragrance Will Spread In The Room. And You Will Be All Set To Enjoy The Captivating Aroma. Keep It Away From Children As Surface Becomes Hot."
Myesquire Ceramic Burner Pot Lemongrass Liquid Air Freshener,"[""Home Decor & Festive Needs >> Candles & Fragrances >> Home Fragrances >> Aroma Oils >> Myesquire Aroma Oils""]",Myesquire,245,Buy Myesquire Ceramic Burner Pot Lemongrass Liquid Air Freshener for Rs.245 online. Myesquire Ceramic Burner Pot Lemongrass Liquid Air Freshener at best prices with FREE shipping & cash on delivery. Only Genuine Products. 30 Day Replacement Guarantee.
KalaBhawan Stair Sculpture Showpiece  -  39 cm,"[""Home Decor & Festive Needs >> Table Decor & Handicrafts >> Showpieces >> Human Figurines >> KalaBhawan Human Figurines""]",KalaBhawan,1399,Buy KalaBhawan Stair Sculpture Showpiece  -  39 cm for Rs.1399 online. KalaBhawan Stair Sculpture Showpiece  -  39 cm at best prices with FREE shipping & cash on delivery. Only Genuine Products. 30 Day Replacement Guarantee.
Serebroarts Iron Decorative Platter,"[""Home Decor & Festive Needs >> Table Decor & Handicrafts >> Decorative Platters >> Serebroarts Decorative Platters""]",Serebroarts,1099,"Serebroarts Iron Decorative Platter (Gold, Silver, Pink, White)
                         Price: Rs. 1,099
				
			Serebroarts ring ceremony , wedding and engagement decorative Platter
Serebroarts ring ceremony , wedding and engagement decorative Platter"
Sunrise Showpiece  -  28 cm,"[""Home Decor & Festive Needs >> Showpieces >> Sunrise Showpieces""]",Sunrise,2081,Buy Sunrise Showpiece  -  28 cm for Rs.2081 online. Sunrise Showpiece  -  28 cm at best prices with FREE shipping & cash on delivery. Only Genuine Products. 30 Day Replacement Guarantee.
Devinez Home Liquid Air Freshener,"[""Home Decor & Festive Needs >> Candles & Fragrances >> Home Fragrances >> Potpourri >> Devinez Potpourri >> Devinez Home Liquid Air Freshener (30 g)""]",Devinez,299,"Specifications of Devinez Home Liquid Air Freshener (30 g) General Brand Devinez Quantity 30 g Fragrance Jasmine, Tea Tree Model ID 7003GR Color Green Dimensions Weight 100 g Height 26 cm Width 7 cm Depth 10 cm In the Box Number of Contents in Sales Package Pack of 1 Sales Package Devinez Fragranced Potpourri Bag with Jasmine & Tea Tree Essential Oil, 15ml each"
ROSEMOORE Home Gel Air Freshener,"[""Home Decor & Festive Needs >> Candles & Fragrances >> Home Fragrances >> Potpourri >> ROSEMOORE Potpourri >> ROSEMOORE Home Gel Air Freshener (45 g)""]",ROSEMOORE,350,"Key Features of ROSEMOORE Home Gel Air Freshener Gel,ROSEMOORE Home Gel Air Freshener (45 g) Price: Rs. 350 These are pretty fabric bags filled with scented beads. They can easily be hung on door knobs and can be placed in closets, lockers, drawers, suitcases, cupboards, powder rooms, bathrooms, etc.,Specifications of ROSEMOORE Home Gel Air Freshener (45 g) General Brand ROSEMOORE Quantity 45 g Fragrance WHITE TEA Model ID 3330 Color BROWN Warranty No In the Box Number of Contents in Sales Package Pack of 1 Sales Package 1 Scent Sack"
Itiha Home Liquid Air Freshener,"[""Home Decor & Festive Needs >> Candles & Fragrances >> Home Fragrances >> Potpourri >> Itiha Potpourri >> Itiha Home Liquid Air Freshener (20 ml)""]",Itiha,399,"Key Features of Itiha Home Liquid Air Freshener Eucalyptus essential oil is obtained from fresh leaves of the tall, evergreen eucalyptus tree Fresh Rose Oil(10ml) Aroma Oil Used in Potpourri Used in Diffuser,Itiha Home Liquid Air Freshener (20 ml) Price: Rs. 399 Eucalyptus essential oil is effective for treating a number of respiratory problems including cold, cough, runny nose, sore throat, asthma, nasal congestion, bronchitis and sinusitis.Eucalyptus oil, a stimulant, removes exhaustion and mental sluggishness and rejuvenates the spirits of the sick.Lavender essential oil induces sleep which has made it a common recommendation for an alternative treatment of insomnia.Fresh Roses Aroma Oil obtained from Rose Blooms has a mild fragrance of Fresh Roses. Comes in a 10 ml bottle.. Rose Aroma Oil is known to boost your emotional & energy levels. Pour few drops of Aroma Oil in a Potpourri to experience a heavenly fragrance.These Oils come with 2 Pouches Non-Fragrant Potpourri (50 gms ),Specifications of Itiha Home Liquid Air Freshener (20 ml) General Brand Itiha Quantity 20 ml Fragrance Eucalyptus /Nilgiri, Fresh Roses Model ID 01 Color Multicolour Dimensions Weight 300 g In the Box Number of Contents in Sales Package Pack of 4 Sales Package 1 Eucalyptus Essential Oil(10ml), 1 Fresh Roses Aroma Oil(10ml), 2 Potpourri Pouches (50 gms each)"
Itiha Home Liquid Air Freshener,"[""Home Decor & Festive Needs >> Candles & Fragrances >> Home Fragrances >> Potpourri >> Itiha Potpourri >> Itiha Home Liquid Air Freshener (20 ml)""]",Itiha,399,"Key Features of Itiha Home Liquid Air Freshener Citronella Essential OIL(10ml) extracted  from Cymbopogon genus plant family , primarily through steam distillation Eucalyptus essential oil is obtained from fresh leaves of the tall, evergreen eucalyptus tree Used in Potpourri Used in Diffuser,Itiha Home Liquid Air Freshener (20 ml) Price: Rs. 399 Citronella essential oil is obtained from the Cymbopogon genus plant family through steam distillation process. It comes in a 10 ml bottle. Citronella Essential Oil can be attributed to its properties as an antibacterial, antidepressant, antiseptic, antispasmodic, anti-inflammatory, deodorant, diaphoretic, diuretic, febrifuge, fungicidal, insect repellent, stomachic, stimulant, tonic and vermifuge substance.Eucalyptus essential oil is obtained from fresh leaves of the tall, evergreen eucalyptus tree. Comes in a 10 ml bottle. Eucalyptus essential oil is effective for treating a number of respiratory problems including cold, cough, runny nose, sore throat, asthma, nasal congestion, bronchitis and sinusitis.Eucalyptus oil, a stimulant, removes exhaustion and mental sluggishness and rejuvenates the spirits of the sick.Pour few drops of Oil in a potpourri or add a few drops of oil in water and use it in a diffuser to experience a heavenly fragrance.These Oils come with 2 Pouches Non-Fragrant Potpourri (50 gms ),Specifications of Itiha Home Liquid Air Freshener (20 ml) General Brand Itiha Quantity 20 ml Fragrance Citronella, Eucalyptus/Nilgiri Model ID 01 Color Multicolour Dimensions Weight 300 g In the Box Number of Contents in Sales Package Pack of 4 Sales Package 1 Citronella Essential Oil(10ml), 1 Eucalyptus Essential Oil(10ml), 2 Potpourri Pouches (50 gms each)"
Itiha Home Liquid Air Freshener,"[""Home Decor & Festive Needs >> Candles & Fragrances >> Home Fragrances >> Potpourri >> Itiha Potpourri >> Itiha Home Liquid Air Freshener (20 ml)""]",Itiha,399,"Specifications of Itiha Home Liquid Air Freshener (20 ml) General Brand Itiha Quantity 20 ml Fragrance Mandarin, Fresh Roses Model ID 01 Color Multicolour Dimensions Weight 300 g In the Box Number of Contents in Sales Package Pack of 4 Sales Package 1 Mandarin Aroma Oil(10ml), 1 Fresh Roses Aroma Oil, 2 Potpourri Pouches (50 gms each)"
MohanJodero Showpiece  -  46 cm,"[""Home Decor & Festive Needs >> Showpieces >> Ethnic >> MohanJodero Ethnic >> MohanJodero Showpiece  -  46 cm (Iron, Multicolor)""]",MohanJodero,999,"Key Features of MohanJodero Showpiece  -  46 cm Iron Height - 46 cm Width - 11 cm Weight - 423 g,Specifications of MohanJodero Showpiece  -  46 cm (Iron, Multicolor) General Brand MohanJodero Model Number MJSPM023 Type Ethnic Material Iron Color Multicolor Dimensions Weight 423 g Height 46 cm Width 11 cm Depth 10 cm In the Box Sales Package Elegant Metal Handicraft Musician"
"Asian Aura Electric Burner Rose, Vanilla Liquid Air Freshener","[""Home Decor & Festive Needs >> Candles & Fragrances >> Home Fragrances >> Aroma Diffuser >> Asian Aura Aroma Diffuser >> Asian Aura Electric Burner Rose, Vanilla Liquid ...""]",Asian Aura,575,"Key Features of Asian Aura Electric Burner Rose, Vanilla Liquid Air Freshener Liquid,Asian Aura Electric Burner Rose, Vanilla Liquid Air Freshener (20 ml) Price: Rs. 575 Electric aroma oil diffuser,Specifications of Asian Aura Electric Burner Rose, Vanilla Liquid Air Freshener (20 ml) In the Box Sales Package 1 Electric Burner , 1 Bulb , 2 X 10 Ml aroma oil bottles Number of Contents in Sales Package Pack of 1 General Brand Asian Aura Model ID AAEB-045 Fragrance Rose, Vanilla Quantity 20 ml Color BLACK"
Mini Christmas Tree (2ft),"[""Home Decor & Festive Needs >> Table Decor & Handicrafts >> Photo Frames >> The Decor mart Photo Frames >> The Decor mart Leatherette Photo Frame (Photo Si...""]",The Decor mart,799,"Key Features of The Decor mart Leatherette Photo Frame Colour Gold,Specifications of The Decor mart Leatherette Photo Frame (Photo Size - 10.5X8.5X.1, 1 Photos) Body Material Frame Material Leatherette Backing Leather In The Box Number of Contents in Sales Package Pack of 1 Sales Package 1, Photo Frame General color Gold Number of Photos 1 Ideal For Man and Woman Dimensions Suitable Photo Size 10.5X8.5X.1 Height 2.54 cm Width 21.59 cm Depth 26.67 cm"
Bharatcraft Lord Ganesha with Diya on Leaf Showpiece  -  10.16 cm,"[""Home Decor & Festive Needs >> Table Decor & Handicrafts >> Table Decor >> Showpiece >> Religious Idols >> Bharatcraft Religious Idols >> Bharatcraft Lord Ganesha with Diya on Leaf Showp...""]",Bharatcraft,599,"Key Features of Bharatcraft Lord Ganesha with Diya on Leaf Showpiece  -  10.16 cm Aluminium Height - 10.16 cm Width - 13.97 cm,Bharatcraft Lord Ganesha with Diya on Leaf Showpiece  -  10.16 cm (Aluminium, Silver) Price: Rs. 799 Specifications of Lord Ganesha with Diya on Leaf Showpiece,Specifications of Bharatcraft Lord Ganesha with Diya on Leaf Showpiece  -  10.16 cm (Aluminium, Silver) General Brand Bharatcraft Model Number H10101 Type Religious Idols Model Name Lord Ganesha with Diya on Leaf Material Aluminium Color Silver Dimensions Height 10.16 cm Width 13.97 cm Depth 5.5 cm In the Box Sales Package 1 showpiece figurine Pack of 1"
Weldecor Picture Light Wall Lamp,"[""Home Decor & Festive Needs >> Decorative Lighting & Lamps >> Wall Lamps >> Weldecor Wall Lamps >> Weldecor Picture Light Wall Lamp (2)""]",Weldecor,2399,"Key Features of Weldecor Picture Light Wall Lamp HandMade Carved Brass,Weldecor Picture Light Wall Lamp (2) Price: Rs. 2,999 Feel royal and get spoiled with the sparkling gold Weldecor Lighting Downward Double Shade Picture Light/SpotLight. Made of antique finished brass, it is a hand carved masterpiece. It comes with Two B22 holder(Indian two pin holder). It is compatible with every type of CFL or LED, Glass Bulbs. MAKE IN INDIA,Specifications of Weldecor Picture Light Wall Lamp (2) General Mount Type Surface Mounted Bulb Included No Brand Color Brass Brand Weldecor Suitable For Display Light, Mirror Light, Spot Light Bulb Used LED, CFL Model Number WD-DoublePL-1004 Number of Lights 2 Type Picture Light Material Brass Adjustable Yes Color Gold Dimensions Weight 200 g Height 20 cm Width 31 cm In the Box 1 Picture Light"
VarEesha Wooden Key Holder,"[""Home Decor & Festive Needs >> Wall Decor & Clocks >> Key Holders >> VarEesha Key Holders >> VarEesha Wooden Key Holder (8 Hooks, Multicolor)""]",VarEesha,1199,"Key Features of VarEesha Wooden Key Holder Hand made using wrought iron and mango wood Color - Brown Material - Sheesham wood Care instructions : Clean with a wet cloth and wipe gently.,VarEesha Wooden Key Holder (8 Hooks, Multicolor) Price: Rs. 1,199 Traditional design combined with utility, this wood and iron designed keybox is a convenient place to store all your keys. The iron design has a glass back to protect from dust and makes this box very manageable. Has 6 hooks inside for your keys which are less frequently used and 2 bigger hooks outside for car keys and other bigger keys which are used daily.,Specifications of VarEesha Wooden Key Holder (8 Hooks, Multicolor) General Brand VarEesha Model Number VSSWH001 Material Wooden Number of Hooks 8 Color Multicolor In the box Sales Package 1 KeyHanger Pack of 1 Dimensions Weight 900 g Other Dimensions L*B*H-20x10x35 cms"
AND Designs Artistic Wooden Key Holder Wooden Key Holder,"[""Home Decor & Festive Needs >> Wall Decor & Clocks >> Key Holders >> AND Designs Key Holders >> AND Designs Artistic Wooden Key Holder Wooden Ke...""]",AND Designs,300,"Key Features of AND Designs Artistic Wooden Key Holder Wooden Key Holder Cloth Hanger Artistic Handicraft Package Holder Treditional Handicraft,AND Designs Artistic Wooden Key Holder Wooden Key Holder (6 Hooks, Multicolor) Price: Rs. 300 Artistic Handicrafts, Key Holder, Cloth Hanger, Wall Decorator,Specifications of AND Designs Artistic Wooden Key Holder Wooden Key Holder (6 Hooks, Multicolor) General Shape Semi Circle Brand AND Designs Model Number AND021600028 Material Wooden Model Name Artistic Wooden Key Holder Number of Hooks 6 Color Multicolor In the box Sales Package 1 Key Holder Pack of 1 Dimensions Height 13 cm Width 25 cm"
VarEesha Wooden Key Holder,"[""Home Decor & Festive Needs >> Wall Decor & Clocks >> Key Holders >> VarEesha Key Holders >> VarEesha Wooden Key Holder (4 Hooks, Multicolor)""]",VarEesha,599,"Key Features of VarEesha Wooden Key Holder Hand Painted using Rajasthani Cone work Color - Multicolored Material - Recycled Wood Care instructions : Clean with a wet cloth and wipe gently.,VarEesha Wooden Key Holder (4 Hooks, Multicolor) Price: Rs. 599 An elegant Royal Hand Made Key Holder from VarEesha, this is a small, yet convenient utility cum decorative wall hanging. It has four hooks to store daily knick knacks and keys. Mafe in classic colours combination of gold and copper, it brings a traditional touch to your decor.,Specifications of VarEesha Wooden Key Holder (4 Hooks, Multicolor) General Brand VarEesha Model Number VGBWH003 Material Wooden Number of Hooks 4 Color Multicolor In the box Sales Package 1 KeyHanger Pack of 1 Dimensions Weight 340 g Other Dimensions L*B*H-17x2x20 cms"
BI Classics Wallpaper,"[""Home Decor & Festive Needs >> Wall Decor & Clocks >> Wallpapers >> BI Wallpapers >> BI Classics Wallpaper (520 cm X 106 cm)""]",BI,2490,"Key Features of BI Classics Wallpaper easy to use fastly or swiftly done Hassle free,BI Classics Wallpaper (520 cm X 106 cm) Price: Rs. 2,490 wallpapers are a new way of living we can make our walls speak for themselves.wallpapers add elegance,richness and elegance to our interior spaces and make a standout stylestatement. They are easy to use,fastly done and hassle free.,Specifications of BI Classics Wallpaper (520 cm X 106 cm) General Brand BI Scratch Resistant No Shade blue Match Straight Material Paper, Vinyl Finish textured Color Cream, Brown, golden, Red, Blue Design floral::antique Shape cylindrical Suitable For kitchen, Bathroom, drawing room, offices, hospitals, lobbies, et Theme Classics Model Number B0027 Length 520 cm Paper Type Vinyl-coated Width 106 cm Print Type Surface Printing Size 57sqft material Warranty Warranty Summary warranty only resides till the delivery of the product,any breakages till the delivery Dimensions Weight 1500 g Paper Density 250 gsm Additional Features Washable Yes In the Box Pack of 1"
Treasure Showpiece  -  23 cm,"[""Home Decor & Festive Needs >> Table Decor & Handicrafts >> Showpieces >> Fengshui >> Treasure Fengshui >> Treasure Showpiece  -  23 cm (Polyresin, Blue)""]",Treasure,399,"Key Features of Treasure Showpiece  -  23 cm Polyresin Height - 23 cm Width - 1 cm,Specifications of Treasure Showpiece  -  23 cm (Polyresin, Blue) General Brand Treasure Model Number TE6 Type Fengshui Material Polyresin Color Blue Dimensions Height 23 cm Width 1 cm Depth 1 cm In the Box Sales Package 1 show piece"
"Linzina Wedding, Party, Festive Gold Pearls, Beads, Stone  Clutch","[""Bags, Wallets & Belts >> Wallets & Clutches >> Clutches >> Linzina Clutches >> Linzina Wedding, Party, Festive Gold Pearls, Bea...""]",Linzina,989,"Key Features of Linzina Wedding, Party, Festive Gold Pearls, Beads, Stone  Clutch Occasion: Wedding, Party, Festive Compartments: 3 Closure: Zip, Magnet,Specifications of Linzina Wedding, Party, Festive Gold Pearls, Beads, Stone  Clutch General Closure Zip, Magnet Material Pearls, Beads, Stone Style Code CLU 0018M Occasion Wedding, Party, Festive Color Code Gold Body Features Card Slots 3 Number of Compartments 3 In the Box 1 Clutch"
@home Glass Vase,"[""Home Decor & Festive Needs >> Flowers, Plants & Vases >> Flower Vase >> @home Flower Vase >> @home Glass Vase (18 inch, Grey)""]",@home,2173,"Specifications of @home Glass Vase (18 inch, Grey) General Brand @home Suitable For Table Model Number HGFVSCGSTGRY00094 Type Garden Decor Material Glass Color Grey Dimensions Height 18 inch Width 18 inch Depth 42 inch In the Box Sales Package 1 Vase Pack of 1"
MayurShilpa Paper Vase,"[""Home Decor & Festive Needs >> Flowers, Plants & Vases >> Flower Vase >> MayurShilpa Flower Vase >> MayurShilpa Paper Vase (8 inch, Multicolor)""]",MayurShilpa,428,"Key Features of MayurShilpa Paper Vase Handmade Flower Vase,MayurShilpa Paper Vase (8 inch, Multicolor) Price: Rs. 428 A flower vase with cylindrical shape with two rings at the outer part makes it perfect. Lovely floral design on the outer part gives a spectacular look to the vase. Any kind of flower can be kept on this and it wont disappoint with the style. A beautiful product from paper mache.,Specifications of MayurShilpa Paper Vase (8 inch, Multicolor) General Brand MayurShilpa Suitable For Table Model Number 441 Material Paper Color Multicolor Dimensions Top Diameter 3 inch Weight 185 g Height 8 inch Width 3 inch Depth 3 inch Warranty Covered in Warranty NA Warranty Service Type NA Not Covered in Warranty NA Body & Design Features Shape Cylinder Design Cylinder In the Box Sales Package 1Vase Pack of 1"
Smart Wall Guru Medium Adhesive Sticker,"[""Home Decor & Festive Needs >> Wall Decor & Clocks >> Wall Decals & Stickers >> Smart Wall Guru Wall Decals & Stickers >> Smart Wall Guru Medium Adhesive Sticker (Pack of 1)""]",Smart Wall Guru,299,"Key Features of Smart Wall Guru Medium Adhesive Sticker We Showcase A Variety Of Wall Decal Categories Study room Looking Awesome Living room Bath room Attractive Guest room Kitchen Easy to Install Easy to Remove Easy To Clean All Wall Decal are front Matte Finish, water resistant & packaged between two layers.,Smart Wall Guru Medium Adhesive Sticker (Pack of 1) Price: Rs. 299 'Smart Wall Guru'' gives u a pure beautiful house with our decoration wall stickers,wall decals & all kind of designs for your home decoration.These stickers are made of self adhesive PVC vinyl and very easy to apply on plane surface. These are the great suppliment of wallpaper,wall color and another decoration method. Thnkss…,Specifications of Smart Wall Guru Medium Adhesive Sticker (Pack of 1) In The Box Number of Contents in Sales Package Pack of 1 Sales Package 1 Sticker General Ideal Use Home, Child Bedroom, Bedroom Scratch-resistant Yes Brand Smart Wall Guru Laminated Yes Type Adhesive Size in Number 58.43 cm Number of Stickers 1 Material Self Adhesive PVC Vinyl Size Medium Dimensions Height 43 cm Width 58 cm"
Opaleena MDF Wall Shelf,"[""Home Decor & Festive Needs >> Wall Decor & Clocks >> Wall Shelves >> Opaleena Wall Shelves >> Opaleena MDF Wall Shelf (Number of Shelves - 3, ...""]",Opaleena,3799,"Key Features of Opaleena MDF Wall Shelf Suitable For: Living Room & Bedroom Wall Mountable,Opaleena MDF Wall Shelf (Number of Shelves - 3, White, Pink) Price: Rs. 3,799 Pink & White shade square and rectangular adjoint boxes make an awesome wall shelf. Keep your decorative knick knacks in shelves and give wall and wall shelf an awesome look. Hues of glossy pink and white give this wall shelf a classy look. Brand: Opaleena,Specifications of Opaleena MDF Wall Shelf (Number of Shelves - 3, White, Pink) General Brand Opaleena Suitable For Living Room & Bedroom Model Number WS1614 Material MDF Color White, Pink Dimensions Height 4 inch Width 19 inch Body & Design Features Number of Shelves 3 In the Box Sales Package 3 Rack Shelf Fitting"
AYMH MDF Wall Shelf,"[""Home Decor & Festive Needs >> Wall Decor & Clocks >> Wall Shelves >> AYMH Wall Shelves >> AYMH MDF Wall Shelf (Number of Shelves - 3)""]",AYMH,839,"Key Features of AYMH MDF Wall Shelf Suitable For: Living Room & Bedroom,Specifications of AYMH MDF Wall Shelf (Number of Shelves - 3) General Brand AYMH Suitable For Living Room & Bedroom Model Number aymh green wooden wall shelves Material MDF Body & Design Features Number of Shelves 3 In the Box Sales Package 3 Rack Self"
Viaan T1-HH-020 Car Hanging Ornament,"[""Automotive >> Car & Bike Accessories >> Car Interior & Exterior >> Car Interior >> Car Hanging Decor >> Viaan T1-HH-020 Car Hanging Ornament""]",Viaan,399,Specifications of Viaan T1-HH-020 Car Hanging Ornament General Brand Viaan Theme Spiritual Model Number T1-HH-020 Model Name Premium Quality Good Looking Material Plastic Color Orange In the Box Sales Package 1 Car Hanging Ornament
,,,,
,,,,
Diviniti DG Royal Ornamental Size 4 Allha religious wall hanging Showpiece  -  30.5 cm,"[""Home Decor & Festive Needs >> Table Decor & Handicrafts >> Showpieces >> Religious Idols >> Diviniti Religious Idols""]",Diviniti,17460,"Diviniti DG Royal Ornamental Size 4 Allha religious wall hanging Showpiece  -  30.5 cm (Glass, Gold)
                         Price: Rs. 17,460
				
			From The House Of Diviniti, We Bring You Double Glass Royale Ornamental Frames Which Are Perfect Accessories For Your Wall, Desk Etc.Set In Double Glass Royale Ornamental Frames And Embodied In Swiss Technology 24 Carat Gold Plated Foil, These Are A Definite Buy For Personal Use Or For Gifting.
From The House Of Diviniti, We Bring You Double Glass Royale Ornamental Frames Which Are Perfect Accessories For Your Wall, Desk Etc.Set In Double Glass Royale Ornamental Frames And Embodied In Swiss Technology 24 Carat Gold Plated Foil, These Are A Definite Buy For Personal Use Or For Gifting."
Parv Collections Showpiece  -  9 cm,"[""Home Decor & Festive Needs >> Showpieces >> Parv Collections Showpieces""]",Parv Collections,730,"Parv Collections Showpiece  -  9 cm (Polyresin, Multicolor)
                         Price: Rs. 730
				
			Lady with A Guitar Statue
Lady with A Guitar Statue"
Parv Collections Showpiece  -  12 cm,"[""Home Decor & Festive Needs >> Showpieces >> Parv Collections Showpieces""]",Parv Collections,1085,"Parv Collections Showpiece  -  12 cm (Polyresin, Multicolor)
                         Price: Rs. 1,085
				
			Lovely Sitting Couple Statue
Lovely Sitting Couple Statue"
Diviniti DG Royal Ornamental Size 4.5 Murgan Ji religious wall hanging Showpiece  -  30.5 cm,"[""Home Decor & Festive Needs >> Table Decor & Handicrafts >> Showpieces >> Religious Idols >> Diviniti Religious Idols""]",Diviniti,47620,"Diviniti DG Royal Ornamental Size 4.5 Murgan Ji religious wall hanging Showpiece  -  30.5 cm (Glass, Gold)
                         Price: Rs. 47,620
				
			From the house of Diviniti, we bring you double glass royale ornamental frames which are perfect accessories for your wall, desk etc.Set in double glass royale ornamental frames and embodied in Swiss Technology 24 carat gold plated foil, these are a definite buy for personal use or for gifting.
From the house of Diviniti, we bring you double glass royale ornamental frames which are perfect accessories for your wall, desk etc.Set in double glass royale ornamental frames and embodied in Swiss Technology 24 carat gold plated foil, these are a definite buy for personal use or for gifting."
Iron Crafts Creative Showpiece  -  21 cm,"[""Home Decor & Festive Needs >> Table Decor & Handicrafts >> Showpieces >> Human Figurines >> Iron Crafts Human Figurines""]",Iron Crafts,449,"Iron Crafts Creative Showpiece  -  21 cm (Iron, Steel)
                         Price: Rs. 449
				
			Showpieces are the wonderful gift items that you can opt for your loved ones on any grand occasion or festival. The presence of a beautiful showpiece whether it is a cute love bird, an artistic flower vase or a candle stand will definitely add a special charm to the interior of your dear one���s home. Anyone will be enthralled to receive showpiece as gift. If your thinking to send unique showpiece as��gift
Showpieces are the wonderful gift items that you can opt for your loved ones on any grand occasion or festival. The presence of a beautiful showpiece whether it is a cute love bird, an artistic flower vase or a candle stand will definitely add a special charm to the interior of your dear one���s home. Anyone will be enthralled to receive showpiece as gift. If your thinking to send unique showpiece as��gift"
Exotic India Adi Buddha Vajrasattva Showpiece  -  27.94 cm,"[""Home Decor & Festive Needs >> Showpieces >> Exotic India Showpieces""]",Exotic India,21800,Buy Exotic India Adi Buddha Vajrasattva Showpiece  -  27.94 cm for Rs.21800 online. Exotic India Adi Buddha Vajrasattva Showpiece  -  27.94 cm at best prices with FREE shipping & cash on delivery. Only Genuine Products. 30 Day Replacement Guarantee.
Aapno Rajasthan Princess Design Showpiece  -  22 cm,"[""Home Decor & Festive Needs >> Showpieces >> Aapno Rajasthan Showpieces""]",Aapno Rajasthan,999,Buy Aapno Rajasthan Princess Design Showpiece  -  22 cm for Rs.999 online. Aapno Rajasthan Princess Design Showpiece  -  22 cm at best prices with FREE shipping & cash on delivery. Only Genuine Products. 30 Day Replacement Guarantee.
Diviniti Dg Royal Ornamental Size 2.5 Murgan Religious Wall Hanging Showpiece  -  28 cm,"[""Home Decor & Festive Needs >> Table Decor & Handicrafts >> Showpieces >> Religious Idols >> Diviniti Religious Idols""]",Diviniti,5140,"Diviniti Dg Royal Ornamental Size 2.5 Murgan Religious Wall Hanging Showpiece  -  28 cm (Glass, Gold)
                         Price: Rs. 5,140
				
			From the house of Diviniti, we bring you double glass royale ornamental frames which are perfect accessories for your wall, desk etc.Set in double glass royale ornamental frames and embodied in Swiss Technology 24 carat gold plated foil, these are a definite buy for personal use or for gifting.
From the house of Diviniti, we bring you double glass royale ornamental frames which are perfect accessories for your wall, desk etc.Set in double glass royale ornamental frames and embodied in Swiss Technology 24 carat gold plated foil, these are a definite buy for personal use or for gifting."
ARK Creation Baster Tribal Lady Showpiece  -  20 cm,"[""Home Decor & Festive Needs >> Table Decor & Handicrafts >> Showpieces >> Human Figurines >> ARK Creation Human Figurines""]",ARK Creation,1480,"ARK Creation Baster Tribal Lady Showpiece  -  20 cm (Brass, Yellow, Copper)
                         Price: Rs. 1,480
				
			Ark Creation (A Unit Of Ark Estate Pvt. Ltd.) One Of India'S Most Prestigious Handicrafts Maker. We Have Selected National Award Winning Artist All Across India.We Use High Quality Of Material And Colors Which Don'T Have Any Side Effects. All Items Are Handmade. The Bastar District Specializes In The Preparation Of Items From The Dhokra Handicraft. This Process Calls For A Great Deal Of Precision And Skill. The Artifacts Prepared From Dhokra Technique Of This Art Use The Cow Dung, Paddy Husk And Red Soil In The Preparation, Beeswax Being The Most Important One. Apart From Contouring, Wax Wires Are Also Used For Decoration Purpose And For Giving A Finishing Touch To Artifacts. From The Bell Metal Handicraft Of Chhattisgarh In India, The Real Genius And Creative Faculty Of The Artisans Come Into Picture And Thus Make For Some Of The Most Wonderful Pieces Of Art.
Ark Creation (A Unit Of Ark Estate Pvt. Ltd.) One Of India'S Most Prestigious Handicrafts Maker. We Have Selected National Award Winning Artist All Across India.We Use High Quality Of Material And Colors Which Don'T Have Any Side Effects. All Items Are Handmade. The Bastar District Specializes In The Preparation Of Items From The Dhokra Handicraft. This Process Calls For A Great Deal Of Precision And Skill. The Artifacts Prepared From Dhokra Technique Of This Art Use The Cow Dung, Paddy Husk And Red Soil In The Preparation, Beeswax Being The Most Important One. Apart From Contouring, Wax Wires Are Also Used For Decoration Purpose And For Giving A Finishing Touch To Artifacts. From The Bell Metal Handicraft Of Chhattisgarh In India, The Real Genius And Creative Faculty Of The Artisans Come Into Picture And Thus Make For Some Of The Most Wonderful Pieces Of Art."
Exotic India Vaishnava Symbols - Shankha And Chakra Showpiece  -  37 cm,"[""Home Decor & Festive Needs >> Showpieces >> Exotic India Showpieces""]",Exotic India,6655,Buy Exotic India Vaishnava Symbols - Shankha And Chakra Showpiece  -  37 cm for Rs.6655 online. Exotic India Vaishnava Symbols - Shankha And Chakra Showpiece  -  37 cm at best prices with FREE shipping & cash on delivery. Only Genuine Products. 30 Day Replacement Guarantee.
ARK Creation Baster Tribal Lady Showpiece  -  20 cm,"[""Home Decor & Festive Needs >> Table Decor & Handicrafts >> Showpieces >> Human Figurines >> ARK Creation Human Figurines""]",ARK Creation,1480,Buy ARK Creation Baster Tribal Lady Showpiece  -  20 cm for Rs.1480 online. ARK Creation Baster Tribal Lady Showpiece  -  20 cm at best prices with FREE shipping & cash on delivery. Only Genuine Products. 30 Day Replacement Guarantee.
Paras Purple Beautyfullady Flower Pot Showpiece  -  70 cm,"[""Home Decor & Festive Needs >> Table Decor & Handicrafts >> Showpieces >> Human Figurines >> Paras Human Figurines""]",Paras,1958,"Paras Purple Beautyfullady Flower Pot Showpiece  -  70 cm (Polyresin, Multicolor)
                         Price: Rs. 1,958
				
			This Is Very Beaurtiful Purple Lady Flower Pot. This Is Made With Good Quality Material.
This Is Very Beaurtiful Purple Lady Flower Pot. This Is Made With Good Quality Material."
Diviniti DG Royal Ornamental Size 4 Ganesha religious wall hanging Showpiece  -  30.5 cm,"[""Home Decor & Festive Needs >> Table Decor & Handicrafts >> Showpieces >> Religious Idols >> Diviniti Religious Idols""]",Diviniti,17460,"Diviniti DG Royal Ornamental Size 4 Ganesha religious wall hanging Showpiece  -  30.5 cm (Glass, Gold)
                         Price: Rs. 17,460
				
			From The House Of Diviniti, We Bring You Double Glass Royale Ornamental Frames Which Are Perfect Accessories For Your Wall, Desk Etc.Set In Double Glass Royale Ornamental Frames And Embodied In Swiss Technology 24 Carat Gold Plated Foil, These Are A Definite Buy For Personal Use Or For Gifting.
From The House Of Diviniti, We Bring You Double Glass Royale Ornamental Frames Which Are Perfect Accessories For Your Wall, Desk Etc.Set In Double Glass Royale Ornamental Frames And Embodied In Swiss Technology 24 Carat Gold Plated Foil, These Are A Definite Buy For Personal Use Or For Gifting."
Right Florist Showpiece  -  11 cm,"[""Home Decor & Festive Needs >> Showpieces >> Right Florist Showpieces""]",Right Florist,520,Buy Right Florist Showpiece  -  11 cm for Rs.520 online. Right Florist Showpiece  -  11 cm at best prices with FREE shipping & cash on delivery. Only Genuine Products. 30 Day Replacement Guarantee.
Exotic India Relaxing Ganesha Showpiece  -  11.43 cm,"[""Home Decor & Festive Needs >> Showpieces >> Exotic India Showpieces""]",Exotic India,10890,Buy Exotic India Relaxing Ganesha Showpiece  -  11.43 cm for Rs.10890 online. Exotic India Relaxing Ganesha Showpiece  -  11.43 cm at best prices with FREE shipping & cash on delivery. Only Genuine Products. 30 Day Replacement Guarantee.
Sixthsense Women of African Tribes Showpiece  -  9 cm,"[""Home Decor & Festive Needs >> Showpieces >> Sixthsense Showpieces""]",Sixthsense,1100,Buy Sixthsense Women of African Tribes Showpiece  -  9 cm for Rs.1100 online. Sixthsense Women of African Tribes Showpiece  -  9 cm at best prices with FREE shipping & cash on delivery. Only Genuine Products. 30 Day Replacement Guarantee.
BeYOUtiful Copper Repouss�� - Man With Dhol Showpiece  -  36 cm,"[""Home Decor & Festive Needs >> Showpieces >> BeYOUtiful Showpieces""]",BeYOUtiful,999,Buy BeYOUtiful Copper Repouss�� - Man With Dhol Showpiece  -  36 cm for Rs.999 online. BeYOUtiful Copper Repouss�� - Man With Dhol Showpiece  -  36 cm at best prices with FREE shipping & cash on delivery. Only Genuine Products. 30 Day Replacement Guarantee.
Exotic India Blessing Buddha Showpiece  -  36.83 cm,"[""Home Decor & Festive Needs >> Table Decor & Handicrafts >> Showpieces >> Religious Idols >> Exotic India Religious Idols""]",Exotic India,15000,Buy Exotic India Blessing Buddha Showpiece  -  36.83 cm for Rs.15000 online. Exotic India Blessing Buddha Showpiece  -  36.83 cm at best prices with FREE shipping & cash on delivery. Only Genuine Products. 30 Day Replacement Guarantee.
Amba Handicraft 3 Face Clock Showpiece  -  64 cm,"[""Home Decor & Festive Needs >> Table Decor & Handicrafts >> Showpieces >> Human Figurines >> Amba Handicraft Human Figurines""]",Amba Handicraft,1980,"Amba Handicraft 3 Face Clock Showpiece  -  64 cm (Iron, Multicolor)
                         Price: Rs. 1,980
				
			Heighten the ethnic and traditional decor of your house by adding this showpiece to the interiors. This multi-coloured showpiece comes with a wall-mount mechanism that helps you to decorate your office, living room or any other suitable space.

Design

Used for decorative purposes, this piece from Amba Handicraft has a remarkable design where a small figurine is creatively built on a twig of five leafs.
Heighten the ethnic and traditional decor of your house by adding this showpiece to the interiors. This multi-coloured showpiece comes with a wall-mount mechanism that helps you to decorate your office, living room or any other suitable space.

Design

Used for decorative purposes, this piece from Amba Handicraft has a remarkable design where a small figurine is creatively built on a twig of five leafs."
Diviniti DG 4 Khanda Sahib With Gold Plated Foil Wall Hanging Showpiece  -  37 cm,"[""Home Decor & Festive Needs >> Table Decor & Handicrafts >> Showpieces >> Religious Idols >> Diviniti Religious Idols""]",Diviniti,13610,Buy Diviniti DG 4 Khanda Sahib With Gold Plated Foil Wall Hanging Showpiece  -  37 cm for Rs.13610 online. Diviniti DG 4 Khanda Sahib With Gold Plated Foil Wall Hanging Showpiece  -  37 cm at best prices with FREE shipping & cash on delivery. Only Genuine Products. 30 Day Replacement Guarantee.
My Angel Gifts Show Piece Showpiece  -  5 cm,"[""Home Decor & Festive Needs >> Table Decor & Handicrafts >> Showpieces >> Human Figurines >> My Angel Human Figurines""]",My Angel,1149,Buy My Angel Gifts Show Piece Showpiece  -  5 cm for Rs.1149 online. My Angel Gifts Show Piece Showpiece  -  5 cm at best prices with FREE shipping & cash on delivery. Only Genuine Products. 30 Day Replacement Guarantee.
Diviniti DG Royal Ornamental Size 4 Gurunanak religious wall hanging Showpiece  -  30.5 cm,"[""Home Decor & Festive Needs >> Table Decor & Handicrafts >> Showpieces >> Religious Idols >> Diviniti Religious Idols""]",Diviniti,17460,"Diviniti DG Royal Ornamental Size 4 Gurunanak religious wall hanging Showpiece  -  30.5 cm (Glass, Gold)
                         Price: Rs. 17,460
				
			From The House Of Diviniti, We Bring You Double Glass Royale Ornamental Frames Which Are Perfect Accessories For Your Wall, Desk Etc.Set In Double Glass Royale Ornamental Frames And Embodied In Swiss Technology 24 Carat Gold Plated Foil, These Are A Definite Buy For Personal Use Or For Gifting.
From The House Of Diviniti, We Bring You Double Glass Royale Ornamental Frames Which Are Perfect Accessories For Your Wall, Desk Etc.Set In Double Glass Royale Ornamental Frames And Embodied In Swiss Technology 24 Carat Gold Plated Foil, These Are A Definite Buy For Personal Use Or For Gifting."
Paras Rajasthani Man 1 Showpiece  -  27 cm,"[""Home Decor & Festive Needs >> Showpieces >> Paras Showpieces""]",Paras,909,"Paras Rajasthani Man 1 Showpiece  -  27 cm (Polyresin, Multicolor)
                         Price: Rs. 909
				
			Rajasthani Man is playing harmonium. It is in the sitting posture. It is made withj good quality material. It is mainly used for home decore.
Rajasthani Man is playing harmonium. It is in the sitting posture. It is made withj good quality material. It is mainly used for home decore."
Seher Tribal Fibre Art Showpiece  -  36 cm,"[""Home Decor & Festive Needs >> Table Decor & Handicrafts >> Showpieces >> Human Figurines >> Seher Human Figurines""]",Seher,790,"Seher Tribal Fibre Art Showpiece  -  36 cm (Wooden, Multicolor)
                         Price: Rs. 790
				
			This is the newest art from in the culturally rich land of West Bengal. Artisans make shapes out of White polymer that are then planted on wooden sheets and left to dry. They are then painted with vibrant metallic colors. This hand crafted wall hanging is a perfect example of a rustic yet exquisite art form creating abstract visuals on a wooden canvas.
This is the newest art from in the culturally rich land of West Bengal. Artisans make shapes out of White polymer that are then planted on wooden sheets and left to dry. They are then painted with vibrant metallic colors. This hand crafted wall hanging is a perfect example of a rustic yet exquisite art form creating abstract visuals on a wooden canvas."
Adaa Gold Plated - Classic Angle With Crystals Showpiece  -  14 cm,"[""Home Decor & Festive Needs >> Showpieces >> Adaa Showpieces""]",Adaa,2190,Buy Adaa Gold Plated - Classic Angle With Crystals Showpiece  -  14 cm for Rs.2190 online. Adaa Gold Plated - Classic Angle With Crystals Showpiece  -  14 cm at best prices with FREE shipping & cash on delivery. Only Genuine Products. 30 Day Replacement Guarantee.
Diviniti MDF Color Religious Wall Hanging Size 4 Sai Baba Showpiece  -  36.4 cm,"[""Home Decor & Festive Needs >> Table Decor & Handicrafts >> Showpieces >> Religious Idols >> Diviniti Religious Idols""]",Diviniti,13400,Buy Diviniti MDF Color Religious Wall Hanging Size 4 Sai Baba Showpiece  -  36.4 cm for Rs.13400 online. Diviniti MDF Color Religious Wall Hanging Size 4 Sai Baba Showpiece  -  36.4 cm at best prices with FREE shipping & cash on delivery. Only Genuine Products. 30 Day Replacement Guarantee.
Karigaari Gopi's Playing Music Wall Hanging Showpiece  -  49 cm,"[""Home Decor & Festive Needs >> Table Decor & Handicrafts >> Showpieces >> Human Figurines >> Karigaari Human Figurines""]",Karigaari,2299,Buy Karigaari Gopi's Playing Music Wall Hanging Showpiece  -  49 cm for Rs.2299 online. Karigaari Gopi's Playing Music Wall Hanging Showpiece  -  49 cm at best prices with FREE shipping & cash on delivery. Only Genuine Products. 30 Day Replacement Guarantee.
Diviniti DG 3 Khanda Sahib With Gold Plated Foil Wall Hanging Showpiece  -  32.5 cm,"[""Home Decor & Festive Needs >> Table Decor & Handicrafts >> Showpieces >> Religious Idols >> Diviniti Religious Idols""]",Diviniti,4890,Buy Diviniti DG 3 Khanda Sahib With Gold Plated Foil Wall Hanging Showpiece  -  32.5 cm for Rs.4890 online. Diviniti DG 3 Khanda Sahib With Gold Plated Foil Wall Hanging Showpiece  -  32.5 cm at best prices with FREE shipping & cash on delivery. Only Genuine Products. 30 Day Replacement Guarantee.
SR Crafts Showpiece  -  15.24 cm,"[""Home Decor & Festive Needs >> Table Decor & Handicrafts >> Showpieces >> Human Figurines >> SR Crafts Human Figurines""]",SR Crafts,1399,"SR Crafts Showpiece  -  15.24 cm (Polyresin, Multicolor)
                         Price: Rs. 1,399
				
			SR Crafts Designer fibre Cultural Sculptures with fine work.
One Male sculptures and One Female sculptures.
SR Crafts Designer fibre Cultural Sculptures with fine work.
One Male sculptures and One Female sculptures."
Diviniti Mdf Royal Religious Wall Hanging Size 2.5 Bal Gopal Showpiece  -  25 cm,"[""Home Decor & Festive Needs >> Table Decor & Handicrafts >> Showpieces >> Religious Idols >> Diviniti Religious Idols""]",Diviniti,4060,Buy Diviniti Mdf Royal Religious Wall Hanging Size 2.5 Bal Gopal Showpiece  -  25 cm for Rs.4060 online. Diviniti Mdf Royal Religious Wall Hanging Size 2.5 Bal Gopal Showpiece  -  25 cm at best prices with FREE shipping & cash on delivery. Only Genuine Products. 30 Day Replacement Guarantee.
FOCI Dancing Couple Showpiece  -  10 cm,"[""Home Decor & Festive Needs >> Table Decor & Handicrafts >> Showpieces >> Human Figurines >> FOCI Human Figurines""]",FOCI,2850,Buy FOCI Dancing Couple Showpiece  -  10 cm for Rs.2850 online. FOCI Dancing Couple Showpiece  -  10 cm at best prices with FREE shipping & cash on delivery. Only Genuine Products. 30 Day Replacement Guarantee.
E-Studio Ganesha Caturbhuja Showpiece  -  12 cm,"[""Home Decor & Festive Needs >> Table Decor & Handicrafts >> Showpieces >> Religious Idols >> E-Studio Religious Idols""]",E-Studio,4250,Buy E-Studio Ganesha Caturbhuja Showpiece  -  12 cm for Rs.4250 online. E-Studio Ganesha Caturbhuja Showpiece  -  12 cm at best prices with FREE shipping & cash on delivery. Only Genuine Products. 30 Day Replacement Guarantee.
Handecor Ballet Dancer Showpiece  -  30 cm,"[""Home Decor & Festive Needs >> Showpieces >> Handecor Showpieces""]",Handecor,2045,Buy Handecor Ballet Dancer Showpiece  -  30 cm for Rs.2045 online. Handecor Ballet Dancer Showpiece  -  30 cm at best prices with FREE shipping & cash on delivery. Only Genuine Products. 30 Day Replacement Guarantee.
Diviniti MDF Color religious wall hanging Size 4.5 Mahaveer Showpiece  -  62.5 cm,"[""Home Decor & Festive Needs >> Table Decor & Handicrafts >> Showpieces >> Religious Idols >> Diviniti Religious Idols""]",Diviniti,36320,Buy Diviniti MDF Color religious wall hanging Size 4.5 Mahaveer Showpiece  -  62.5 cm for Rs.36320 online. Diviniti MDF Color religious wall hanging Size 4.5 Mahaveer Showpiece  -  62.5 cm at best prices with FREE shipping & cash on delivery. Only Genuine Products. 30 Day Replacement Guarantee.
Green House African-Tribal-Male Showpiece  -  35.5 cm,"[""Home Decor & Festive Needs >> Table Decor & Handicrafts >> Showpieces >> Human Figurines >> Green House Human Figurines""]",Green House,699,Buy Green House African-Tribal-Male Showpiece  -  35.5 cm for Rs.699 online. Green House African-Tribal-Male Showpiece  -  35.5 cm at best prices with FREE shipping & cash on delivery. Only Genuine Products. 30 Day Replacement Guarantee.
Diviniti MDF Color Religious Wall Hanging Size 4 Radha Krishna Showpiece  -  36.4 cm,"[""Home Decor & Festive Needs >> Table Decor & Handicrafts >> Showpieces >> Religious Idols >> Diviniti Religious Idols""]",Diviniti,13400,Buy Diviniti MDF Color Religious Wall Hanging Size 4 Radha Krishna Showpiece  -  36.4 cm for Rs.13400 online. Diviniti MDF Color Religious Wall Hanging Size 4 Radha Krishna Showpiece  -  36.4 cm at best prices with FREE shipping & cash on delivery. Only Genuine Products. 30 Day Replacement Guarantee.
K&P Lord Ganesha Regular 16 Showpiece  -  13 cm,"[""Home Decor & Festive Needs >> Table Decor & Handicrafts >> Showpieces >> Religious Idols >> K&P Religious Idols >> K&P Lord Ganesha Regular 16 Showpiece  -  13 cm ...""]",K&P,751,"Key Features of K&P Lord Ganesha Regular 16 Showpiece  -  13 cm Glossy Finish Jewellery done on every idol Plastic case for dust proof Designer frame Ideal for Gifting,K&P Lord Ganesha Regular 16 Showpiece  -  13 cm (Polyresin, Multicolor) Price: Rs. 939 Figurines by K&P. Built with great Craftsmanship and Exquisite Details by artisans. These beautiful designs by K&P are a perfect to decorate your home on every occasion. These sculptures and idols are perfect gifts for your loved ones on any occasion.This beautiful showpiece figurine from K&P is a wonderful gifting option for your best friend on her housewarming party. Ideal to keep in your puja room or living room in a showcase.,Specifications of K&P Lord Ganesha Regular 16 Showpiece  -  13 cm (Polyresin, Multicolor) General Brand K&P Model Number CMR1601 Type Religious Idols Material Polyresin Model Name Lord Ganesha Regular 16 Color Multicolor Dimensions Weight 200 g Height 13 cm Width 10 cm Depth 8 cm In the Box Sales Package 1 Showpiece Figurine Pack of 1"
Gift Island Actn Showpiece  -  8 cm,"[""Home Decor & Festive Needs >> Table Decor & Handicrafts >> Showpieces >> Human Figurines >> Gift Island Human Figurines""]",Gift Island,699,Buy Gift Island Actn Showpiece  -  8 cm for Rs.699 online. Gift Island Actn Showpiece  -  8 cm at best prices with FREE shipping & cash on delivery. Only Genuine Products. 30 Day Replacement Guarantee.
"Goyal India 31 cm Iron, Glass Garden Stake","[""Home Decor & Festive Needs >> Garden & Leisure >> Garden Stakes >> Goyal India Garden Stakes""]",Goyal India,948,"Buy Goyal India 31 cm Iron, Glass Garden Stake for Rs.948 online. Goyal India 31 cm Iron, Glass Garden Stake at best prices with FREE shipping & cash on delivery. Only Genuine Products. 30 Day Replacement Guarantee."
Eternity Handcrafted unique Mosaic Glass Table Lamp,"[""Home Decor & Festive Needs >> Decorative Lighting & Lamps >> Table Lamps >> Eternity Table Lamps >> Eternity Handcrafted unique Mosaic Glass Table L...""]",Eternity,1499,"Specifications of Eternity Handcrafted unique Mosaic Glass Table Lamp (35 cm, Blue) In The Box Sales Package 1 Table Lamp Number of Contents in Sales Package Pack of 1 General Type Buffet, Desk Color Blue Lamp Body Material Glass Lamp Base Material Metal Bulb Type 1x15 LED, CFSL ,Bulb Light Color Blue Assembly Required No Model Name Handcrafted unique Mosaic Glass Model Number Eternity001007 Power Features Power Requirement 110-240V, 50/60Hz Power Source Ac Additional Features Handcrafted lamps Dimensions Width 15 cm Height 35 cm Weight 1000 g"
Exotic India Bhagwan Vishnu Showpiece  -  22.86 cm,"[""Home Decor & Festive Needs >> Showpieces >> Exotic India Showpieces""]",Exotic India,3850,Buy Exotic India Bhagwan Vishnu Showpiece  -  22.86 cm for Rs.3850 online. Exotic India Bhagwan Vishnu Showpiece  -  22.86 cm at best prices with FREE shipping & cash on delivery. Only Genuine Products. 30 Day Replacement Guarantee.
Empreus MDF Photo Frame,"[""Home Decor & Festive Needs >> Wall Decor & Clocks >> Wall Photo Frames >> Empreus Wall Photo Frames >> Empreus MDF Photo Frame (Photo Size - 15cmx10cm,...""]",Empreus,1299,"Key Features of Empreus MDF Photo Frame Material: MDF Colour: White Home Wall Decor Number of Photos: 6,Empreus MDF Photo Frame (Photo Size - 15cmx10cm, 6 Photos) Price: Rs. 1,299 Bring back old memories with this photo frame from the world of empreus. This photo frame will definitely accentuate your interior space. This can also be an ideal gift item. Purchase this item now as it will capture a lot of old and new memories.,Specifications of Empreus MDF Photo Frame (Photo Size - 15cmx10cm, 6 Photos) Body Material Frame Material MDF In The Box Number of Contents in Sales Package Pack of 1 Sales Package 1 photo collage General color White Number of Photos 6 Dimensions Weight 450 g Suitable Photo Size 15cmx10cm"
Edel Shoulder Bag,"[""Bags, Wallets & Belts >> Bags >> Hand Bags >> Edel Hand Bags >> Edel Shoulder Bag (purpe)""]",Edel,1599,"Key Features of Edel Shoulder Bag Ideal For: Girls, Women Material: PU Closure: Zip,Edel Shoulder Bag (purpe) Price: Rs. 1,599 A roomy woven faux-leather bag dips in to create a slouchy hobo silhouette. The bag is original texture of weaving. It is designed artistically, which creates a true masterpiece of weaving. The bag is made from finest grain PU which makes it durable for years to come. A must experience for those sharp set of eyes that understands fashion!,Specifications of Edel Shoulder Bag (purpe) General Closure Zip Type Shoulder Bag Material PU Style Code HHCHAI Occasion Evening/Party, Casual, Formal, Festive Ideal For Girls, Women Color Code purpe"
Edel Shoulder Bag,"[""Bags, Wallets & Belts >> Bags >> Hand Bags >> Edel Hand Bags >> Edel Shoulder Bag (sky blue)""]",Edel,1599,"Key Features of Edel Shoulder Bag Ideal For: Girls, Women Material: PU Closure: Zip,Edel Shoulder Bag (sky blue) Price: Rs. 1,599 A roomy woven faux-leather bag dips in to create a slouchy hobo silhouette. The bag is original texture of weaving. It is designed artistically, which creates a true masterpiece of weaving. The bag is made from finest grain PU which makes it durable for years to come. A must experience for those sharp set of eyes that understands fashion!,Specifications of Edel Shoulder Bag (sky blue) General Closure Zip Type Shoulder Bag Material PU Style Code HHCHAI Ideal For Girls, Women Occasion Evening/Party, Casual, Formal, Festive Color Code sky blue"
GLAMWALK Festive Bellies,"[""Footwear >> Women's Footwear >> Ballerinas >> GLAMWALK Festive Bellies""]",GLAMWALK,599,"Key Features of GLAMWALK Festive Bellies Classic Fashion Elegant Look Comfortable Insole Fahionable girly look,GLAMWALK Festive Bellies Price: Rs. 599 GLAMWALK brings you one of the best women's footwear online. This lovely pair of Bellies can be worn on casual or Festive wear. These women Bellies are made with high quality material ensuring it does not slide when you walk. Add a cute touch to your outfit with these sweet belly shoes, featuring a pointed toe and adorable bow detail,This pair is designed to ensure that every nerve in your feet can relax on the comfortable sole. Club these shoes with a flowy midi dress for a contrasting feminine look.,Specifications of GLAMWALK Festive Bellies General Occasion Casual Ideal For Women Shoe Details Sole Material PU Number of Contents in Sales Package Pack of 2 Weight 200 g (per single Shoe) - Weight of the product may vary depending on size. Heel Height 0 inch Inner Material Synthetic Outer Material Synthetic Leather Color Beige In the Box 2 Footwear Additional Details Care Instructions Wash In Lukewarm Water, Do Not Bleach"
GLAMWALK Festive Bellies,"[""Footwear >> Women's Footwear >> Ballerinas >> GLAMWALK Festive Bellies""]",GLAMWALK,599,"Specifications of GLAMWALK Festive Bellies General Occasion Casual Ideal For Women Shoe Details Sole Material PU Number of Contents in Sales Package Pack of 2 Weight 200 g (per single Shoe) - Weight of the product may vary depending on size. Heel Height 0 inch Inner Material Synthetic Outer Material Synthetic Leather Color Purple In the Box 2 Footwear Additional Details Care Instructions Wash In Lukewarm Water, Do Not Bleach"
Prachin Varaha Laxmi Sitting Showpiece  -  11 cm,"[""Home Decor & Festive Needs >> Table Decor & Handicrafts >> Showpieces >> Religious Idols >> Prachin Religious Idols""]",Prachin,2460,Buy Prachin Varaha Laxmi Sitting Showpiece  -  11 cm for Rs.2460 online. Prachin Varaha Laxmi Sitting Showpiece  -  11 cm at best prices with FREE shipping & cash on delivery. Only Genuine Products. 30 Day Replacement Guarantee.
Exotic India Lord Ganesha Playing Flute (Carved in Sunstone) Showpiece  -  6.8580000000000005 cm,"[""Home Decor & Festive Needs >> Showpieces >> Exotic India Showpieces""]",Exotic India,2860,Buy Exotic India Lord Ganesha Playing Flute (Carved in Sunstone) Showpiece  -  6.8580000000000005 cm for Rs.2860 online. Exotic India Lord Ganesha Playing Flute (Carved in Sunstone) Showpiece  -  6.8580000000000005 cm at best prices with FREE shipping & cash on delivery. Only Genuine Products. 30 Day Replacement Guarantee.
Collectible India Relaxing Conch Ganesha Brass Idol - Antique Finish Statue Showpiece  -  17.5 cm,"[""Home Decor & Festive Needs >> Table Decor & Handicrafts >> Showpieces >> Religious Idols >> Collectible India Religious Idols""]",Collectible India,3999,Buy Collectible India Relaxing Conch Ganesha Brass Idol - Antique Finish Statue Showpiece  -  17.5 cm for Rs.3999 online. Collectible India Relaxing Conch Ganesha Brass Idol - Antique Finish Statue Showpiece  -  17.5 cm at best prices with FREE shipping & cash on delivery. Only Genuine Products. 30 Day Replacement Guarantee.
Recrafto Buddha Showpiece  -  15.24 cm,"[""Home Decor & Festive Needs >> Table Decor & Handicrafts >> Showpieces >> Religious Idols >> Recrafto Religious Idols""]",Recrafto,3500,"Recrafto Buddha Showpiece  -  15.24 cm (Brass, Black, Green)
                         Price: Rs. 3,500
				
			Recrafto Brass Buddha Religious Idols
Recrafto Brass Buddha Religious Idols"
Interio Crafts Brass Gramophone,"[""Home Decor & Festive Needs >> Showpieces >> Gramophones >> Interio Crafts Gramophones""]",Interio Crafts,3999,"Interio Crafts Brass Gramophone (Yes)
                         Price: Rs. 3,999
				
			Wooden 8 Corner(octagonal) Antique Replica Big Brass Horn Gramophone. The gramophone gives your living room an elegant unique look and is a show piece.
Wooden 8 Corner(octagonal) Antique Replica Big Brass Horn Gramophone. The gramophone gives your living room an elegant unique look and is a show piece."
Exotic India Lord Ganesha (Carved in Hematite) Showpiece  -  5.08 cm,"[""Home Decor & Festive Needs >> Showpieces >> Exotic India Showpieces""]",Exotic India,2750,Buy Exotic India Lord Ganesha (Carved in Hematite) Showpiece  -  5.08 cm for Rs.2750 online. Exotic India Lord Ganesha (Carved in Hematite) Showpiece  -  5.08 cm at best prices with FREE shipping & cash on delivery. Only Genuine Products. 30 Day Replacement Guarantee.
Rajrang Carved Pattern Elephant Showpiece  -  8 cm,"[""Home Decor & Festive Needs >> Showpieces >> Animal Figurines >> Rajrang Animal Figurines >> Rajrang Carved Pattern Elephant Showpiece  -  8 ...""]",Rajrang,216,"Key Features of Rajrang Carved Pattern Elephant Showpiece  -  8 cm Carved Design Made by Wooden Hand Carved Work Wooden Handicraft showpiece figurine,Rajrang Carved Pattern Elephant Showpiece  -  8 cm (Wooden, Brown) Price: Rs. 216 Wood carving of religious idols, and also panels, is a traditional craft amongst many south Indian craft communities. Usually the master craftsman makes the drawings, after which the male artisans do the carvings and the women paint them. Wood is seasoned naturally by exposing it to changing weather conditions for many days. Hence, the statues are usually long lasting and sturdy.,Specifications of Rajrang Carved Pattern Elephant Showpiece  -  8 cm (Wooden, Brown) General Brand Rajrang Model Number WOD00083 Type Animal Figurines Shade Brown Material Wooden Model Name Carved Pattern Elephant Color Brown Dimensions Weight 100 g Height 8 cm Width 4 cm Depth 9 cm Additional Features Other Features Gift Accessries, Handicrafts, Wooden Handicrafts, Decorative Accessries Water Resistant No Wall Mount No In the Box Sales Package 1 Showpiece Figurine Pack of 1"
Holy Krishna Showpiece  -  19.5 cm,"[""Home Decor & Festive Needs >> Table Decor & Handicrafts >> Showpieces >> Religious Idols >> Holy Krishna Religious Idols >> Holy Krishna Showpiece  -  19.5 cm (Polyresin, M...""]",Holy Krishna,795,"Key Features of Holy Krishna Showpiece  -  19.5 cm A Beautiful Item For Gift. People who struggle to achieve success in their endeavors People who suffer from severe health ailments,People who fear their enemies People who desire to acquire the qualities of courage and confidence Check for Holy Krishna 100% Genuine Quality Sticker Suitable for Home,Office,Workplace.,Holy Krishna Showpiece  -  19.5 cm (Polyresin, Multicolor) Price: Rs. 795 Mark an end to all your sufferings and health ailments now! Lord Hanuman, the Guardian Deity will guard you against all dangers and strengthen you with courage and knowledge. His unflinching energy will power up your life line and stimulate your inner spirits. Hanuman will protect you from the malefic effects of Saturn if Saturn is unstably placed in your Birth Chart. Hanuman Yantra will relieve you from incurable illnesses, laziness and bless you with longevity, courage, productivity and effective communication skills. The energy release from the Yantra will strengthen your immune system to fight against health disorders and bless you with a long life. Your dedicated prayers to the Yantra will make you courageous and confident; you will become power packed to assault all the impediments that stand in the way of your achievements. Shield yourself against all the dangers of life People who fear their enemies People who struggle to achieve success in their endeavors People who suffer from severe health ailments People who desire to acquire the qualities of courage and confidence,Specifications of Holy Krishna Showpiece  -  19.5 cm (Polyresin, Multicolor) In the Box Sales Package 1 hanuman ji idol Pack of 1 General Brand Holy Krishna Model Number HKHNMCHM1 Material Polyresin Color Multicolor Type Religious Idols Dimensions Width 16 cm Height 19.5 cm Depth 19 cm Weight 499 g"
Hand Art Showpiece  -  38 cm,"[""Home Decor & Festive Needs >> Table Decor & Handicrafts >> Showpieces >> Human Figurines >> Hand Art Human Figurines >> Hand Art Showpiece  -  38 cm (Terracotta, Multic...""]",Hand Art,639,"Key Features of Hand Art Showpiece  -  38 cm Terracotta Height - 38 cm Width - 15 cm Weight - 750 g,Hand Art Showpiece  -  38 cm (Terracotta, Multicolor) Price: Rs. 799 Panchmura Of Bankura, West Bengal Is Home To 350 Crafts Persons Who Are Involved In Making Terracotta Masks & Horse Inexorably Linked To Their Habitant Culture. Bold Demonic Look & Pretty Look Is The Characteristic Feature Of The Masks. The Special Terracotta Clay Collected From Different Parts Of The Surrounding Villages Of West Bengal & Shape The Beautiful Masks With The Beautiful Artistic Hand Work Of The Village Artisans & Then Burn In The Furnace & Then Finally Colour It. The Product Is Purely Handmade & No Inorganic Chemicals Used For Colouring. The Products Are Washable With Water Soaking Cloths.,Specifications of Hand Art Showpiece  -  38 cm (Terracotta, Multicolor) General Brand Hand Art Model Number Hath1007 Type Human Figurines Material Terracotta Color Multicolor Dimensions Weight 750 g Height 38 cm Width 15 cm Depth 1.5 cm In the Box Sales Package 2 Showpiece Figurine Pack of 2 Additional Features Water Resistant Yes Wall Mount Yes"
Shyam Fashion Brass Vase,"[""Home Decor & Festive Needs >> Flowers, Plants & Vases >> Flower Vase >> Shyam Fashion Flower Vase >> Shyam Fashion Brass Vase (6 inch, Black)""]",Shyam Fashion,960,"Key Features of Shyam Fashion Brass Vase Suitable For: Table,Shyam Fashion Brass Vase (6 inch, Black) Price: Rs. 960 This handcrafted pair of flower vases is made of black metal with golden meenakari work done all over to give antique look.,Specifications of Shyam Fashion Brass Vase (6 inch, Black) General Brand Shyam Fashion Suitable For Table Model Number DLI3HCF201 Material Brass Color Black Warranty Warranty Summary No Warrenty Dimensions Height 6 inch Width 2 inch Depth 6 inch In the Box Sales Package 2 Flower Vases Pack of 2"
Craftcart Parrot Antique Brass Key Holder,"[""Home Decor & Festive Needs >> Wall Decor & Clocks >> Key Holders >> Craftcart Key Holders >> Craftcart Parrot Antique Brass Key Holder (5 Hoo...""]",Craftcart,350,"Key Features of Craftcart Parrot Antique Brass Key Holder Pack of: 1 Shape: Parrot Mount Mechanism: Screw-in,Craftcart Parrot Antique Brass Key Holder (5 Hooks, Brown) Price: Rs. 350 Designer Brass Key Holder,Specifications of Craftcart Parrot Antique Brass Key Holder (5 Hooks, Brown) General Brand Craftcart Shape Parrot Model Number KH-Parrot-A Model Name Parrot Antique Material Brass Finish Antique Number of Hooks 5 Mount Mechanism Screw-in Color Brown In the box Sales Package 1 Key Holder Pack of 1 Dimensions Weight 150 g Height 11 cm Width 14 cm Depth 3 cm"
Being Nawab 6 inch Glass Hookah,"[""Home Decor & Festive Needs >> Table Decor & Handicrafts >> Table Decor >> Hookah & Hookah Flavours >> Hookah >> Being Nawab Hookah""]",Being Nawab,195,Buy Being Nawab 6 inch Glass Hookah for Rs.195 online. Being Nawab 6 inch Glass Hookah at best prices with FREE shipping & cash on delivery. Only Genuine Products. 30 Day Replacement Guarantee.
Being Nawab 6 inch Glass Hookah,"[""Home Decor & Festive Needs >> Table Decor & Handicrafts >> Table Decor >> Hookah & Hookah Flavours >> Hookah >> Being Nawab Hookah""]",Being Nawab,199,Buy Being Nawab 6 inch Glass Hookah for Rs.199 online. Being Nawab 6 inch Glass Hookah at best prices with FREE shipping & cash on delivery. Only Genuine Products. 30 Day Replacement Guarantee.
Arsalan 10.5 inch Glass Hookah,"[""Home Decor & Festive Needs >> Table Decor & Handicrafts >> Table Decor >> Hookah & Hookah Flavours >> Hookah >> Arsalan Hookah""]",Arsalan,349,Buy Arsalan 10.5 inch Glass Hookah for Rs.349 online. Arsalan 10.5 inch Glass Hookah at best prices with FREE shipping & cash on delivery. Only Genuine Products. 30 Day Replacement Guarantee.
Arsalan Designer Pumpkin Permanent Color 10.5 inch Glass Hookah,"[""Home Decor & Festive Needs >> Table Decor & Handicrafts >> Table Decor >> Hookah & Hookah Flavours >> Hookah >> Arsalan Hookah""]",Arsalan,399,Buy Arsalan Designer Pumpkin Permanent Color 10.5 inch Glass Hookah for Rs.399 online. Arsalan Designer Pumpkin Permanent Color 10.5 inch Glass Hookah at best prices with FREE shipping & cash on delivery. Only Genuine Products. 30 Day Replacement Guarantee.
Ruchiworld Pure 3 Piece Handicraft Canon Set Gift Showpiece  -  6 cm,"[""Home Decor & Festive Needs >> Showpieces >> Ethnic >> Ruchiworld Ethnic""]",Ruchiworld,580,"Ruchiworld Pure 3 Piece Handicraft Canon Set Gift Showpiece  -  6 cm (Brass, Silver)
                         Price: Rs. 580
				
			Wish to give your home a royal touch without going for expensive refurbishing? This showpiece from shoppingtara can do the needful and give your living room a lavish setup for you to bask in.
Wish to give your home a royal touch without going for expensive refurbishing? This showpiece from shoppingtara can do the needful and give your living room a lavish setup for you to bask in."
S C Handicrafts Showpiece  -  23 cm,"[""Home Decor & Festive Needs >> Showpieces >> S C Handicrafts Showpieces""]",S C Handicrafts,4900,Buy S C Handicrafts Showpiece  -  23 cm for Rs.4900 online. S C Handicrafts Showpiece  -  23 cm at best prices with FREE shipping & cash on delivery. Only Genuine Products. 30 Day Replacement Guarantee.
RajLaxmi Showpiece  -  10 cm,"[""Home Decor & Festive Needs >> Showpieces >> RajLaxmi Showpieces""]",RajLaxmi,775,"RajLaxmi Showpiece  -  10 cm (Wooden, Multicolor)
                         Price: Rs. 775
				
			Traditional Indian handicraft is known all over the world for its bright colors and minute detailing. Add a dash of color to your home and impress your guests with the RajLaxmi Wooden Item. Its a Fine art of Rajasthan.we can use it for showpieces,home decor and for gifting purpose.
Traditional Indian handicraft is known all over the world for its bright colors and minute detailing. Add a dash of color to your home and impress your guests with the RajLaxmi Wooden Item. Its a Fine art of Rajasthan.we can use it for showpieces,home decor and for gifting purpose."
Ravishing Variety Iron Statue Showpiece  -  5 cm,"[""Home Decor & Festive Needs >> Showpieces >> Ethnic >> Ravishing Variety Ethnic""]",Ravishing Variety,180,Buy Ravishing Variety Iron Statue Showpiece  -  5 cm for Rs.180 online. Ravishing Variety Iron Statue Showpiece  -  5 cm at best prices with FREE shipping & cash on delivery. Only Genuine Products. 30 Day Replacement Guarantee.
Rastogi Handicrafts Showpiece  -  20 cm,"[""Home Decor & Festive Needs >> Showpieces >> Rastogi Handicrafts Showpieces""]",Rastogi Handicrafts,450,Buy Rastogi Handicrafts Showpiece  -  20 cm for Rs.450 online. Rastogi Handicrafts Showpiece  -  20 cm at best prices with FREE shipping & cash on delivery. Only Genuine Products. 30 Day Replacement Guarantee.
"Monil Aluminium, Crystal Decorative Platter Showpiece  -  4.5 cm","[""Home Decor & Festive Needs >> Showpieces >> Ethnic >> Monil Ethnic""]",Monil,340,"Buy Monil Aluminium, Crystal Decorative Platter Showpiece  -  4.5 cm for Rs.340 online. Monil Aluminium, Crystal Decorative Platter Showpiece  -  4.5 cm at best prices with FREE shipping & cash on delivery. Only Genuine Products. 30 Day Replacement Guarantee."
Lal Haveli Antique Indian Home Decor Handmade Painted Pair of Wooden Sculpture / Statue of Door Keeper Showpiece  -  76.2 cm,"[""Home Decor & Festive Needs >> Showpieces >> Ethnic >> Lal Haveli Ethnic""]",Lal Haveli,7049,Buy Lal Haveli Antique Indian Home Decor Handmade Painted Pair of Wooden Sculpture / Statue of Door Keeper Showpiece  -  76.2 cm for Rs.7049 online. Lal Haveli Antique Indian Home Decor Handmade Painted Pair of Wooden Sculpture / Statue of Door Keeper Showpiece  -  76.2 cm at best prices with FREE shipping & cash on delivery. Only Genuine Products. 30 Day Replacement Guarantee.
NEHP NEH006 Showpiece  -  38.1 cm,"[""Home Decor & Festive Needs >> Showpieces >> NEHP Showpieces""]",NEHP,499,Buy NEHP NEH006 Showpiece  -  38.1 cm for Rs.499 online. NEHP NEH006 Showpiece  -  38.1 cm at best prices with FREE shipping & cash on delivery. Only Genuine Products. 30 Day Replacement Guarantee.
Sovam International Marble Elephant Pair Showpiece  -  5 cm,"[""Home Decor & Festive Needs >> Showpieces >> Ethnic >> Sovam International Ethnic""]",Sovam International,699,Buy Sovam International Marble Elephant Pair Showpiece  -  5 cm for Rs.699 online. Sovam International Marble Elephant Pair Showpiece  -  5 cm at best prices with FREE shipping & cash on delivery. Only Genuine Products. 30 Day Replacement Guarantee.
S C Handicrafts Sandalwood Carved Chinese Queen Big Showpiece  -  20 cm,"[""Home Decor & Festive Needs >> Showpieces >> S C Handicrafts Showpieces""]",S C Handicrafts,8900,Buy S C Handicrafts Sandalwood Carved Chinese Queen Big Showpiece  -  20 cm for Rs.8900 online. S C Handicrafts Sandalwood Carved Chinese Queen Big Showpiece  -  20 cm at best prices with FREE shipping & cash on delivery. Only Genuine Products. 30 Day Replacement Guarantee.
Tatvaarts Urli Showpiece  -  21.59 cm,"[""Home Decor & Festive Needs >> Showpieces >> Ethnic >> Tatvaarts Ethnic""]",Tatvaarts,5700,"Tatvaarts Urli Showpiece  -  21.59 cm (Brass, Gold)
                         Price: Rs. 5,700
				
			This beautiful brass Urli will occupy the pride of place in your home. It makes the ideal decor accessory when filled with water and flower petals. The antique gold color looks striking and the use of brass ensures longevity and ease of maintenance. 
This beautiful brass Urli will occupy the pride of place in your home. It makes the ideal decor accessory when filled with water and flower petals. The antique gold color looks striking and the use of brass ensures longevity and ease of maintenance. "
Ona'S Rajasthani Puppet Showpiece  -  56 cm,"[""Home Decor & Festive Needs >> Showpieces >> Ona'S Showpieces""]",Ona'S,799,Buy Ona'S Rajasthani Puppet Showpiece  -  56 cm for Rs.799 online. Ona'S Rajasthani Puppet Showpiece  -  56 cm at best prices with FREE shipping & cash on delivery. Only Genuine Products. 30 Day Replacement Guarantee.
Shoppingtara Beautiful Golden Meenakari Work Marble Table Clock Showpiece  -  7 cm,"[""Home Decor & Festive Needs >> Showpieces >> Shoppingtara Showpieces""]",Shoppingtara,549,"Shoppingtara Beautiful Golden Meenakari Work Marble Table Clock Showpiece  -  7 cm (Stoneware, White)
                         Price: Rs. 549
				
			This designer Table Clock is highly preferred as gift item due to its various decorative features and finest quality. The offered Clock is fabricated using precious quality marble, colors and other raw materials. The lower has space for upper clock ball to be placed upon. The clock is fixed in the round marble ball. It is an exclusive show piece for your drawing room which assures to get admired by your guests. Shop this artistic item at the best price.
This designer Table Clock is highly preferred as gift item due to its various decorative features and finest quality. The offered Clock is fabricated using precious quality marble, colors and other raw materials. The lower has space for upper clock ball to be placed upon. The clock is fixed in the round marble ball. It is an exclusive show piece for your drawing room which assures to get admired by your guests. Shop this artistic item at the best price."
Sovam International Dancing God Shiva-natraja Brass Statue/figurine Showpiece  -  7 cm,"[""Home Decor & Festive Needs >> Showpieces >> Ethnic >> Sovam International Ethnic""]",Sovam International,799,Buy Sovam International Dancing God Shiva-natraja Brass Statue/figurine Showpiece  -  7 cm for Rs.799 online. Sovam International Dancing God Shiva-natraja Brass Statue/figurine Showpiece  -  7 cm at best prices with FREE shipping & cash on delivery. Only Genuine Products. 30 Day Replacement Guarantee.
Onlineshoppee CA106 Showpiece  -  30 cm,"[""Home Decor & Festive Needs >> Showpieces >> Onlineshoppee Showpieces""]",Onlineshoppee,499,Buy Onlineshoppee CA106 Showpiece  -  30 cm for Rs.499 online. Onlineshoppee CA106 Showpiece  -  30 cm at best prices with FREE shipping & cash on delivery. Only Genuine Products. 30 Day Replacement Guarantee.
Sovam International Pure 3 Piece Handicraft Canon Set Gift Showpiece  -  6 cm,"[""Home Decor & Festive Needs >> Showpieces >> Ethnic >> Sovam International Ethnic""]",Sovam International,499,"Sovam International Pure 3 Piece Handicraft Canon Set Gift Showpiece  -  6 cm (Brass, Silver)
                         Price: Rs. 499
				
			Wish to give your home a royal touch without going for expensive refurbishing? This showpiece from shoppingtara can do the needful and give your living room a lavish setup for you to bask in.
Wish to give your home a royal touch without going for expensive refurbishing? This showpiece from shoppingtara can do the needful and give your living room a lavish setup for you to bask in."
S C Handicrafts Showpiece  -  26 cm,"[""Home Decor & Festive Needs >> Showpieces >> S C Handicrafts Showpieces""]",S C Handicrafts,890,Buy S C Handicrafts Showpiece  -  26 cm for Rs.890 online. S C Handicrafts Showpiece  -  26 cm at best prices with FREE shipping & cash on delivery. Only Genuine Products. 30 Day Replacement Guarantee.
Siri Creations Gold Foil Hibiscus small Showpiece  -  1.5 cm,"[""Home Decor & Festive Needs >> Showpieces >> Siri Creations Showpieces""]",Siri Creations,650,Buy Siri Creations Gold Foil Hibiscus small Showpiece  -  1.5 cm for Rs.650 online. Siri Creations Gold Foil Hibiscus small Showpiece  -  1.5 cm at best prices with FREE shipping & cash on delivery. Only Genuine Products. 30 Day Replacement Guarantee.
Ratash.Com SH_0444_45_36 Showpiece  -  4 cm,"[""Home Decor & Festive Needs >> Showpieces >> Ethnic >> Ratash.Com Ethnic""]",Ratash.Com,497,"Ratash.Com SH_0444_45_36 Showpiece  -  4 cm (Wooden, Brown)
                         Price: Rs. 497
				
			Spritual note:
Its divine aura will add an allure to your home. It is high in quality and will harmonize your home interiors with spritual ambiance. It signifies the traditional and ethnic skill of India. Bring an element of sprituality to your home.

Details:
This specially designed Namaste shape idol of laxmi ganesha for embellishment of your home. Handcrafted piece of art complements your home interiors. Your home, your office or your business venture will reverberate with the rich, divinity of India’s heritage. Take your pick from our richest assortment of handicrafts and give your home a divine individuality.

Note: 
There could be a variation in design, weight, dimensions and color that shown in the image as all products are handmade. However, there would not be any compromise in QUALITY. See terms & condition.
Spritual note:
Its divine aura will add an allure to your home. It is high in quality and will harmonize your home interiors with spritual ambiance. It signifies the traditional and ethnic skill of India. Bring an element of sprituality to your home.

Details:
This specially designed Namaste shape idol of laxmi ganesha for embellishment of your home. Handcrafted piece of art complements your home interiors. Your home, your office or your business venture will reverberate with the rich, divinity of India’s heritage. Take your pick from our richest assortment of handicrafts and give your home a divine individuality.

Note: 
There could be a variation in design, weight, dimensions and color that shown in the image as all products are handmade. However, there would not be any compromise in QUALITY. See terms & condition."
Tatvaarts Rajasthani Musicial Set Showpiece  -  15.24 cm,"[""Home Decor & Festive Needs >> Showpieces >> Ethnic >> Tatvaarts Ethnic""]",Tatvaarts,14900,"Tatvaarts Rajasthani Musicial Set Showpiece  -  15.24 cm (Brass, Multicolor)
                         Price: Rs. 14,900
				
			Add a musical touch to your home decor Brass Rajasthani Musical Set. Featuring 5 folk musicians playing with musical instruments, each piece is made from long lasting and durable brass. A one stop shop for perfect home décor.
Add a musical touch to your home decor Brass Rajasthani Musical Set. Featuring 5 folk musicians playing with musical instruments, each piece is made from long lasting and durable brass. A one stop shop for perfect home décor."
Surface180 Wonderful Wooden Antique Drawer Box Showpiece  -  20 cm,"[""Home Decor & Festive Needs >> Showpieces >> Ethnic >> Surface180 Ethnic""]",Surface180,1112,"Surface180 Wonderful Wooden Antique Drawer Box Showpiece  -  20 cm (Wooden, Green)
                         Price: Rs. 1,112
				
			The vibrant antique drawer Box looks astonishing with alluring carvings and bright colors. Featuring body dimensions of 13 (L) x 10 (W) x 18 (H) cms, it is indeed an amazing home decorative item. The small and compact wooden antique style Box has different golden carvings on each front panel of the drawer and around the drawer Box , which makes it fascinating.

Note: This is Handcraft Item so each item will be different than other due to limitation of photography.
The vibrant antique drawer Box looks astonishing with alluring carvings and bright colors. Featuring body dimensions of 13 (L) x 10 (W) x 18 (H) cms, it is indeed an amazing home decorative item. The small and compact wooden antique style Box has different golden carvings on each front panel of the drawer and around the drawer Box , which makes it fascinating.

Note: This is Handcraft Item so each item will be different than other due to limitation of photography."
Lal Haveli Decorative Hand Painted Iron African Lady Tealight Stand Showpiece  -  30.48 cm,"[""Home Decor & Festive Needs >> Showpieces >> Ethnic >> Lal Haveli Ethnic""]",Lal Haveli,599,"Lal Haveli Decorative Hand Painted Iron African Lady Tealight Stand Showpiece  -  30.48 cm (Iron, Brown)
                         Price: Rs. 599
				
			lal Haveli brings for you Handmade Lady Candle Holder Showpiece for decorate your home which is made by Iron. The fine meenakari work designs and Pretty color of this showpiece add a touch of Traditional and elegance to your home decor. It has use Rajasthani Art Work which is give this a Unique look. A Gift Item for Indian Art Lovers.We promise to deliver best quality products at best prices.
lal Haveli brings for you Handmade Lady Candle Holder Showpiece for decorate your home which is made by Iron. The fine meenakari work designs and Pretty color of this showpiece add a touch of Traditional and elegance to your home decor. It has use Rajasthani Art Work which is give this a Unique look. A Gift Item for Indian Art Lovers.We promise to deliver best quality products at best prices."
SAC FA-RK-28X28 Showpiece  -  89 cm,"[""Home Decor & Festive Needs >> Showpieces >> Ethnic >> SAC Ethnic""]",SAC,1099,Buy SAC FA-RK-28X28 Showpiece  -  89 cm for Rs.1099 online. SAC FA-RK-28X28 Showpiece  -  89 cm at best prices with FREE shipping & cash on delivery. Only Genuine Products. 30 Day Replacement Guarantee.
Utkalika Dhokra Tiger With Dee #355DC912 Showpiece  -  9 cm,"[""Home Decor & Festive Needs >> Showpieces >> Ethnic >> Utkalika Ethnic""]",Utkalika,744,Buy Utkalika Dhokra Tiger With Dee #355DC912 Showpiece  -  9 cm for Rs.744 online. Utkalika Dhokra Tiger With Dee #355DC912 Showpiece  -  9 cm at best prices with FREE shipping & cash on delivery. Only Genuine Products. 30 Day Replacement Guarantee.
MCB Exports Mini 4 Drawer Chest Showpiece  -  21 cm,"[""Home Decor & Festive Needs >> Showpieces >> Ethnic >> MCB Exports Ethnic""]",MCB Exports,2199,"MCB Exports Mini 4 Drawer Chest Showpiece  -  21 cm (Wooden, Brass, Multicolor)
                         Price: Rs. 2,199
				
			Wooden Brass Fitted Mini 4 Drawer Chest
Wooden Brass Fitted Mini 4 Drawer Chest"
Ray-Pro Lady Figure Showpiece  -  33 cm,"[""Home Decor & Festive Needs >> Showpieces >> Ethnic >> Ray-Pro Ethnic""]",Ray-Pro,6440,Buy Ray-Pro Lady Figure Showpiece  -  33 cm for Rs.6440 online. Ray-Pro Lady Figure Showpiece  -  33 cm at best prices with FREE shipping & cash on delivery. Only Genuine Products. 30 Day Replacement Guarantee.
Sovam International Marble Elephant Pair Showpiece  -  5 cm,"[""Home Decor & Festive Needs >> Showpieces >> Ethnic >> Sovam International Ethnic""]",Sovam International,699,Buy Sovam International Marble Elephant Pair Showpiece  -  5 cm for Rs.699 online. Sovam International Marble Elephant Pair Showpiece  -  5 cm at best prices with FREE shipping & cash on delivery. Only Genuine Products. 30 Day Replacement Guarantee.
Shoppingtara Wooden Elephant Showpiece  -  4 cm,"[""Home Decor & Festive Needs >> Showpieces >> Shoppingtara Showpieces""]",Shoppingtara,649,Buy Shoppingtara Wooden Elephant Showpiece  -  4 cm for Rs.649 online. Shoppingtara Wooden Elephant Showpiece  -  4 cm at best prices with FREE shipping & cash on delivery. Only Genuine Products. 30 Day Replacement Guarantee.
Lal Haveli Beautiful Wooden Jharoka Photo Frames Showpiece  -  40.64 cm,"[""Home Decor & Festive Needs >> Showpieces >> Ethnic >> Lal Haveli Ethnic""]",Lal Haveli,1050,"Lal Haveli Beautiful Wooden Jharoka Photo Frames Showpiece  -  40.64 cm (Wooden, Multicolor)
                         Price: Rs. 1,050
				
			These Jharokha were beautifully carved in wood and decorated with much elan. Indigenous artisans from Rajasthan hand craft this stunning Contemporary Wood Art Jharokha. Attractive Contemporary Wood Art articles are made painstakingly, using wood as the basic raw material. With this traditional Jharokha in brown adorning your home, get ready for all the compliments that you're about to receive!
These Jharokha were beautifully carved in wood and decorated with much elan. Indigenous artisans from Rajasthan hand craft this stunning Contemporary Wood Art Jharokha. Attractive Contemporary Wood Art articles are made painstakingly, using wood as the basic raw material. With this traditional Jharokha in brown adorning your home, get ready for all the compliments that you're about to receive!"
Shree Homdecor Floor rangoli Showpiece  -  21 cm,"[""Home Decor & Festive Needs >> Showpieces >> Ethnic >> Shree Homdecor Ethnic""]",Shree Homdecor,899,"Shree Homdecor Floor rangoli Showpiece  -  21 cm (Microfibre, Green)
                         Price: Rs. 899
				
			Floor rangoli
Floor rangoli"
MCB Exports Marigold Decorative Pot Showpiece  -  30 cm,"[""Home Decor & Festive Needs >> Showpieces >> Ethnic >> MCB Exports Ethnic""]",MCB Exports,3399,"MCB Exports Marigold Decorative Pot Showpiece  -  30 cm (Iron, Multicolor)
                         Price: Rs. 3,399
				
			Iron Decorative Pot
Iron Decorative Pot"
Ona'S Rajasthani Puppet Showpiece  -  80 cm,"[""Home Decor & Festive Needs >> Showpieces >> Ona'S Showpieces""]",Ona'S,799,Buy Ona'S Rajasthani Puppet Showpiece  -  80 cm for Rs.799 online. Ona'S Rajasthani Puppet Showpiece  -  80 cm at best prices with FREE shipping & cash on delivery. Only Genuine Products. 30 Day Replacement Guarantee.
Shoppingtara Canon Handicraft Home Decor Showpiece  -  5 cm,"[""Home Decor & Festive Needs >> Showpieces >> Shoppingtara Showpieces""]",Shoppingtara,419,"Shoppingtara Canon Handicraft Home Decor Showpiece  -  5 cm (Brass, Beige)
                         Price: Rs. 419
				
			This Handcrafted Rajasthani antique Canon set with the soldier in the ready to fire position and moving wheels is made up of pure Brass. The masterpiece is hand made by well versed artisans of Rajasthan.
This Handcrafted Rajasthani antique Canon set with the soldier in the ready to fire position and moving wheels is made up of pure Brass. The masterpiece is hand made by well versed artisans of Rajasthan."
Mahadev Handicrafts Minakari Work Fruit Bowl Showpiece  -  5 cm,"[""Home Decor & Festive Needs >> Showpieces >> Ethnic >> Mahadev Handicrafts Ethnic""]",Mahadev Handicrafts,999,"Mahadev Handicrafts Minakari Work Fruit Bowl Showpiece  -  5 cm (Brass, Multicolor)
                         Price: Rs. 999
				
			This oval bowl is made of pure brass and its inside surface is decorated with colourful meenakari work.
This oval bowl is made of pure brass and its inside surface is decorated with colourful meenakari work."
Tatvaarts Tribal Musicians ( Turquoise Stone) Showpiece  -  10.16 cm,"[""Home Decor & Festive Needs >> Showpieces >> Ethnic >> Tatvaarts Ethnic""]",Tatvaarts,6500,"Tatvaarts Tribal Musicians ( Turquoise Stone) Showpiece  -  10.16 cm (Brass, Gold)
                         Price: Rs. 6,500
				
			A set of four tribal people with musical instrument made of brass and turquose stone will decorates your living room, Drawing room Etc.It can be kept in a straight line,semi circle,half round.It is wonderful concept for music lovers.
A set of four tribal people with musical instrument made of brass and turquose stone will decorates your living room, Drawing room Etc.It can be kept in a straight line,semi circle,half round.It is wonderful concept for music lovers."
Lal Haveli Beautiful Decorative Wooden Jharoka Wall Decor Showpiece  -  30.48 cm,"[""Home Decor & Festive Needs >> Showpieces >> Ethnic >> Lal Haveli Ethnic""]",Lal Haveli,850,Buy Lal Haveli Beautiful Decorative Wooden Jharoka Wall Decor Showpiece  -  30.48 cm for Rs.850 online. Lal Haveli Beautiful Decorative Wooden Jharoka Wall Decor Showpiece  -  30.48 cm at best prices with FREE shipping & cash on delivery. Only Genuine Products. 30 Day Replacement Guarantee.
S C Handicrafts Showpiece  -  62 cm,"[""Home Decor & Festive Needs >> Showpieces >> S C Handicrafts Showpieces""]",S C Handicrafts,8900,Buy S C Handicrafts Showpiece  -  62 cm for Rs.8900 online. S C Handicrafts Showpiece  -  62 cm at best prices with FREE shipping & cash on delivery. Only Genuine Products. 30 Day Replacement Guarantee.
Prachin Compass Jacko Boot W/Li Showpiece  -  2.5 cm,"[""Home Decor & Festive Needs >> Showpieces >> Prachin Showpieces""]",Prachin,1490,Buy Prachin Compass Jacko Boot W/Li Showpiece  -  2.5 cm for Rs.1490 online. Prachin Compass Jacko Boot W/Li Showpiece  -  2.5 cm at best prices with FREE shipping & cash on delivery. Only Genuine Products. 30 Day Replacement Guarantee.
Lal Haveli Decorative Colorful Handmade Rajasthani Iron Musician Set Of 5 Pcs Showpiece  -  56 cm,"[""Home Decor & Festive Needs >> Showpieces >> Ethnic >> Lal Haveli Ethnic""]",Lal Haveli,6485,Buy Lal Haveli Decorative Colorful Handmade Rajasthani Iron Musician Set Of 5 Pcs Showpiece  -  56 cm for Rs.6485 online. Lal Haveli Decorative Colorful Handmade Rajasthani Iron Musician Set Of 5 Pcs Showpiece  -  56 cm at best prices with FREE shipping & cash on delivery. Only Genuine Products. 30 Day Replacement Guarantee.
Surface 180 Set of 2 Rajasthani Wooden Watch Man With Hand Painting Showpiece  -  26 cm,"[""Home Decor & Festive Needs >> Showpieces >> Ethnic >> Surface 180 Ethnic""]",Surface 180,4051,"Surface 180 Set of 2 Rajasthani Wooden Watch Man With Hand Painting Showpiece  -  26 cm (Wooden, Red)
                         Price: Rs. 4,051
				
			This beautifully carved wooden watchman set wearing traditional uniforms brings a real royal look to your house.These are ideal for home decoration and can be gifted.
This beautifully carved wooden watchman set wearing traditional uniforms brings a real royal look to your house.These are ideal for home decoration and can be gifted."
Sovam International Ganpati Showpiece  -  6 cm,"[""Home Decor & Festive Needs >> Showpieces >> Ethnic >> Sovam International Ethnic""]",Sovam International,989,Buy Sovam International Ganpati Showpiece  -  6 cm for Rs.989 online. Sovam International Ganpati Showpiece  -  6 cm at best prices with FREE shipping & cash on delivery. Only Genuine Products. 30 Day Replacement Guarantee.
Rajo Raja Golden Buddha Artpiece Showpiece  -  44.5 cm,"[""Home Decor & Festive Needs >> Showpieces >> Ethnic >> Rajo Raja Ethnic""]",Rajo Raja,6599,Buy Rajo Raja Golden Buddha Artpiece Showpiece  -  44.5 cm for Rs.6599 online. Rajo Raja Golden Buddha Artpiece Showpiece  -  44.5 cm at best prices with FREE shipping & cash on delivery. Only Genuine Products. 30 Day Replacement Guarantee.
MA Design Hut Showpiece  -  8 cm,"[""Home Decor & Festive Needs >> Showpieces >> MA Design Hut Showpieces""]",MA Design Hut,399,"MA Design Hut Showpiece  -  8 cm (Brass, Yellow)
                         Price: Rs. 399
				
			Decorative Gift Item Canon
Decorative Gift Item Canon"
Ninety One Degree Showpiece  -  54 cm,"[""Home Decor & Festive Needs >> Showpieces >> Ninety One Degree Showpieces""]",Ninety One Degree,4200,Buy Ninety One Degree Showpiece  -  54 cm for Rs.4200 online. Ninety One Degree Showpiece  -  54 cm at best prices with FREE shipping & cash on delivery. Only Genuine Products. 30 Day Replacement Guarantee.
Lal Haveli Rajasthani Wooden Crafted Unique Chowkidar Statues Wooden Darwam Showpiece  -  50.8 cm,"[""Home Decor & Festive Needs >> Showpieces >> Ethnic >> Lal Haveli Ethnic""]",Lal Haveli,4795,Buy Lal Haveli Rajasthani Wooden Crafted Unique Chowkidar Statues Wooden Darwam Showpiece  -  50.8 cm for Rs.4795 online. Lal Haveli Rajasthani Wooden Crafted Unique Chowkidar Statues Wooden Darwam Showpiece  -  50.8 cm at best prices with FREE shipping & cash on delivery. Only Genuine Products. 30 Day Replacement Guarantee.
SAC FA-SG-18 X18 Showpiece  -  120 cm,"[""Home Decor & Festive Needs >> Showpieces >> Ethnic >> SAC Ethnic""]",SAC,1348,Buy SAC FA-SG-18 X18 Showpiece  -  120 cm for Rs.1348 online. SAC FA-SG-18 X18 Showpiece  -  120 cm at best prices with FREE shipping & cash on delivery. Only Genuine Products. 30 Day Replacement Guarantee.
Purpledip Showpiece  -  12 cm,"[""Home Decor & Festive Needs >> Showpieces >> Purpledip Showpieces""]",Purpledip,638,Buy Purpledip Showpiece  -  12 cm for Rs.638 online. Purpledip Showpiece  -  12 cm at best prices with FREE shipping & cash on delivery. Only Genuine Products. 30 Day Replacement Guarantee.
Lal Haveli Decorative Colorful Handmade Rajasthani Iron Musician Set Of 5 Pcs Showpiece  -  20.58 cm,"[""Home Decor & Festive Needs >> Showpieces >> Ethnic >> Lal Haveli Ethnic""]",Lal Haveli,6185,Buy Lal Haveli Decorative Colorful Handmade Rajasthani Iron Musician Set Of 5 Pcs Showpiece  -  20.58 cm for Rs.6185 online. Lal Haveli Decorative Colorful Handmade Rajasthani Iron Musician Set Of 5 Pcs Showpiece  -  20.58 cm at best prices with FREE shipping & cash on delivery. Only Genuine Products. 30 Day Replacement Guarantee.
Slice of Bengal Dokra Lamp Showpiece  -  18 cm,"[""Home Decor & Festive Needs >> Showpieces >> Slice of Bengal Showpieces""]",Slice of Bengal,1800,Buy Slice of Bengal Dokra Lamp Showpiece  -  18 cm for Rs.1800 online. Slice of Bengal Dokra Lamp Showpiece  -  18 cm at best prices with FREE shipping & cash on delivery. Only Genuine Products. 30 Day Replacement Guarantee.
Shree Homdecor Floor rangoli Showpiece  -  31 cm,"[""Home Decor & Festive Needs >> Showpieces >> Ethnic >> Shree Homdecor Ethnic""]",Shree Homdecor,999,Buy Shree Homdecor Floor rangoli Showpiece  -  31 cm for Rs.999 online. Shree Homdecor Floor rangoli Showpiece  -  31 cm at best prices with FREE shipping & cash on delivery. Only Genuine Products. 30 Day Replacement Guarantee.
Redbag Standing Beauty Sculpture BS0240 Showpiece  -  43.18 cm,"[""Home Decor & Festive Needs >> Showpieces >> Redbag Showpieces""]",Redbag,7680,Buy Redbag Standing Beauty Sculpture BS0240 Showpiece  -  43.18 cm for Rs.7680 online. Redbag Standing Beauty Sculpture BS0240 Showpiece  -  43.18 cm at best prices with FREE shipping & cash on delivery. Only Genuine Products. 30 Day Replacement Guarantee.
Shree Homdecor Floor rangoli Showpiece  -  21 cm,"[""Home Decor & Festive Needs >> Showpieces >> Ethnic >> Shree Homdecor Ethnic""]",Shree Homdecor,999,Buy Shree Homdecor Floor rangoli Showpiece  -  21 cm for Rs.999 online. Shree Homdecor Floor rangoli Showpiece  -  21 cm at best prices with FREE shipping & cash on delivery. Only Genuine Products. 30 Day Replacement Guarantee.
Mable Brass - Pair Of Duck- Hand Carved Showpiece  -  64 cm,"[""Home Decor & Festive Needs >> Showpieces >> Ethnic >> Mable Ethnic""]",Mable,6500,"Mable Brass - Pair Of Duck- Hand Carved Showpiece  -  64 cm (Brass, Multicolor)
                         Price: Rs. 6,500
				
			Fulkari Meena Work
Fulkari Meena Work"
Onlineshoppee sha-34-s Showpiece  -  24 cm,"[""Home Decor & Festive Needs >> Showpieces >> Ethnic >> Onlineshoppee Ethnic""]",Onlineshoppee,349,Buy Onlineshoppee sha-34-s Showpiece  -  24 cm for Rs.349 online. Onlineshoppee sha-34-s Showpiece  -  24 cm at best prices with FREE shipping & cash on delivery. Only Genuine Products. 30 Day Replacement Guarantee.
The Crystal Jewel Reiki Symbols carved on Black Agate Pyramid Showpiece  -  3 cm,"[""Home Decor & Festive Needs >> Table Decor & Handicrafts >> Showpieces >> The Crystal Jewel Showpieces""]",The Crystal Jewel,650,Buy The Crystal Jewel Reiki Symbols carved on Black Agate Pyramid Showpiece  -  3 cm for Rs.650 online. The Crystal Jewel Reiki Symbols carved on Black Agate Pyramid Showpiece  -  3 cm at best prices with FREE shipping & cash on delivery. Only Genuine Products. 30 Day Replacement Guarantee.
MCB Exports 3 Drawer Chest Showpiece  -  28.5 cm,"[""Home Decor & Festive Needs >> Showpieces >> Ethnic >> MCB Exports Ethnic""]",MCB Exports,4099,"MCB Exports 3 Drawer Chest Showpiece  -  28.5 cm (Wooden, Multicolor)
                         Price: Rs. 4,099
				
			Mini Wooden 3 Drawer Chest,
Dimension: 24x24x28.5 cms
Mini Wooden 3 Drawer Chest,
Dimension: 24x24x28.5 cms"
Ruchiworld Marble Elephant Showpiece  -  3 cm,"[""Home Decor & Festive Needs >> Showpieces >> Ethnic >> Ruchiworld Ethnic""]",Ruchiworld,410,"Ruchiworld Marble Elephant Showpiece  -  3 cm (Stoneware, Yellow)
                         Price: Rs. 410
				
			This Enamel Work Elephant Pair Is Made Of Pure Brass. The Elephant Figures Have Been Beautifully Carved In Lac With Small Glass Pieces. It Is An Ideal Decorative Item For Your House. The Gift Piece Has Been Prepared By The Master Artisans Of Jaipur.
This Enamel Work Elephant Pair Is Made Of Pure Brass. The Elephant Figures Have Been Beautifully Carved In Lac With Small Glass Pieces. It Is An Ideal Decorative Item For Your House. The Gift Piece Has Been Prepared By The Master Artisans Of Jaipur."
Shoppingtara Elephant Pair Gift Showpiece  -  4 cm,"[""Home Decor & Festive Needs >> Showpieces >> Shoppingtara Showpieces""]",Shoppingtara,519,Buy Shoppingtara Elephant Pair Gift Showpiece  -  4 cm for Rs.519 online. Shoppingtara Elephant Pair Gift Showpiece  -  4 cm at best prices with FREE shipping & cash on delivery. Only Genuine Products. 30 Day Replacement Guarantee.
Orange Tree Dune Wall Decor Set Of 3 Showpiece  -  8 cm,"[""Home Decor & Festive Needs >> Showpieces >> Orange Tree Showpieces""]",Orange Tree,1529,"Orange Tree Dune Wall Decor Set Of 3 Showpiece  -  8 cm (Iron, Gold)
                         Price: Rs. 1,529
				
			Metal saucer with a hand-worked look floats a classic round mirror in the center. These set of 3 in dark ant. Brass finish lets your imagination loose by creating interesting combinations on any wall surface
Metal saucer with a hand-worked look floats a classic round mirror in the center. These set of 3 in dark ant. Brass finish lets your imagination loose by creating interesting combinations on any wall surface"
Lal Haveli Iron & Wood Embossed Painting Iron Decorative Musician Figurine Set of 5 Pieces Showpiece  -  42 cm,"[""Home Decor & Festive Needs >> Showpieces >> Ethnic >> Lal Haveli Ethnic""]",Lal Haveli,4869,Buy Lal Haveli Iron & Wood Embossed Painting Iron Decorative Musician Figurine Set of 5 Pieces Showpiece  -  42 cm for Rs.4869 online. Lal Haveli Iron & Wood Embossed Painting Iron Decorative Musician Figurine Set of 5 Pieces Showpiece  -  42 cm at best prices with FREE shipping & cash on delivery. Only Genuine Products. 30 Day Replacement Guarantee.
Unique Design Brass Fan With Adapater Showpiece  -  15 cm,"[""Home Decor & Festive Needs >> Showpieces >> Unique Design Showpieces""]",Unique Design,375,Buy Unique Design Brass Fan With Adapater Showpiece  -  15 cm for Rs.375 online. Unique Design Brass Fan With Adapater Showpiece  -  15 cm at best prices with FREE shipping & cash on delivery. Only Genuine Products. 30 Day Replacement Guarantee.
MSC Shuangmin Japanese Dolls Showpiece  -  12 cm,"[""Home Decor & Festive Needs >> Showpieces >> Ethnic >> MSC Shuangmin Ethnic""]",MSC Shuangmin,1199,Buy MSC Shuangmin Japanese Dolls Showpiece  -  12 cm for Rs.1199 online. MSC Shuangmin Japanese Dolls Showpiece  -  12 cm at best prices with FREE shipping & cash on delivery. Only Genuine Products. 30 Day Replacement Guarantee.
Lal Haveli Decorative Rajasthani Traditional Handmade 3pcs Camel Showpiece  -  20 cm,"[""Home Decor & Festive Needs >> Showpieces >> Ethnic >> Lal Haveli Ethnic""]",Lal Haveli,2849,"Lal Haveli Decorative Rajasthani Traditional Handmade 3pcs Camel Showpiece  -  20 cm (Wooden, Yellow)
                         Price: Rs. 2,849
				
			Intricately carved and adorned with bright colors. Set of three camels make for an ideal decoration.This comes in an enticing silver color and is made of iron and wood.We promise to deliver best quality products at best prices.
Intricately carved and adorned with bright colors. Set of three camels make for an ideal decoration.This comes in an enticing silver color and is made of iron and wood.We promise to deliver best quality products at best prices."
Unique Design Handcrafted Brass Mini Chair Table Set Showpiece  -  10 cm,"[""Home Decor & Festive Needs >> Showpieces >> Ethnic >> Unique Design Ethnic""]",Unique Design,499,Buy Unique Design Handcrafted Brass Mini Chair Table Set Showpiece  -  10 cm for Rs.499 online. Unique Design Handcrafted Brass Mini Chair Table Set Showpiece  -  10 cm at best prices with FREE shipping & cash on delivery. Only Genuine Products. 30 Day Replacement Guarantee.
Marwar Antique Graham Bell Telephone with Dial Showpiece  -  30 cm,"[""Home Decor & Festive Needs >> Showpieces >> Marwar Showpieces""]",Marwar,5099,Buy Marwar Antique Graham Bell Telephone with Dial Showpiece  -  30 cm for Rs.5099 online. Marwar Antique Graham Bell Telephone with Dial Showpiece  -  30 cm at best prices with FREE shipping & cash on delivery. Only Genuine Products. 30 Day Replacement Guarantee.
Shree Homdecor Floor rangoli Showpiece  -  21 cm,"[""Home Decor & Festive Needs >> Showpieces >> Ethnic >> Shree Homdecor Ethnic""]",Shree Homdecor,649,Buy Shree Homdecor Floor rangoli Showpiece  -  21 cm for Rs.649 online. Shree Homdecor Floor rangoli Showpiece  -  21 cm at best prices with FREE shipping & cash on delivery. Only Genuine Products. 30 Day Replacement Guarantee.
Lal Haveli Beautiful Attractive Hand Painted Decorative Steel Wood Musician Showpiece  -  55.88 cm,"[""Home Decor & Festive Needs >> Showpieces >> Ethnic >> Lal Haveli Ethnic""]",Lal Haveli,1105,"Lal Haveli Beautiful Attractive Hand Painted Decorative Steel Wood Musician Showpiece  -  55.88 cm (Wooden, Steel, Multicolor)
                         Price: Rs. 1,105
				
			Pretty up to your Guest room with this Gorgeous Steel & Wood Material Tribal Showpiece which is decorated with Handmade Traditional Indian Art. The Unique designs and pretty color of this showpiece add a touch of Traditional and elegance to your home decor. At Lalhaveli all products are personally checked for quality before dispatch. Each product is handcrafted by skilled artisans. We promise to deliver best quality products at best prices.
Pretty up to your Guest room with this Gorgeous Steel & Wood Material Tribal Showpiece which is decorated with Handmade Traditional Indian Art. The Unique designs and pretty color of this showpiece add a touch of Traditional and elegance to your home decor. At Lalhaveli all products are personally checked for quality before dispatch. Each product is handcrafted by skilled artisans. We promise to deliver best quality products at best prices."
Lal Haveli Traditional Hand Crafted Beautiful Iron Musician 5 Pcs Set Showpiece  -  50 cm,"[""Home Decor & Festive Needs >> Showpieces >> Ethnic >> Lal Haveli Ethnic""]",Lal Haveli,4874,Buy Lal Haveli Traditional Hand Crafted Beautiful Iron Musician 5 Pcs Set Showpiece  -  50 cm for Rs.4874 online. Lal Haveli Traditional Hand Crafted Beautiful Iron Musician 5 Pcs Set Showpiece  -  50 cm at best prices with FREE shipping & cash on delivery. Only Genuine Products. 30 Day Replacement Guarantee.
Tatvaarts Elephant Mini ( Fine-Finish) Showpiece  -  8.89 cm,"[""Home Decor & Festive Needs >> Showpieces >> Ethnic >> Tatvaarts Ethnic""]",Tatvaarts,4200,"Tatvaarts Elephant Mini ( Fine-Finish) Showpiece  -  8.89 cm (Brass, Gold)
                         Price: Rs. 4,200
				
			Elephants are such animals that everybody loves them, be it in reality or in form of toys, paintings, on accessories or artifacts. This is an adorable elephant which is adorned with traditional and beautiful hand carved designs.Specialty: Made from brass (alloy of copper and zinc) Hand carved designs Traditional and natural feel Lustrous and gold like appearance Handmade by the craftsmen 
Elephants are such animals that everybody loves them, be it in reality or in form of toys, paintings, on accessories or artifacts. This is an adorable elephant which is adorned with traditional and beautiful hand carved designs.Specialty: Made from brass (alloy of copper and zinc) Hand carved designs Traditional and natural feel Lustrous and gold like appearance Handmade by the craftsmen "
Port Interiordesign Showpiece  -  16 cm,"[""Home Decor & Festive Needs >> Showpieces >> Port Showpieces""]",Port,1699,Buy Port Interiordesign Showpiece  -  16 cm for Rs.1699 online. Port Interiordesign Showpiece  -  16 cm at best prices with FREE shipping & cash on delivery. Only Genuine Products. 30 Day Replacement Guarantee.
Lal Haveli Beautiful Attractive Hand Painted Decorative Iron Wood Musician 5 Pcs Set Showpiece  -  55.88 cm,"[""Home Decor & Festive Needs >> Showpieces >> Ethnic >> Lal Haveli Ethnic""]",Lal Haveli,5549,Buy Lal Haveli Beautiful Attractive Hand Painted Decorative Iron Wood Musician 5 Pcs Set Showpiece  -  55.88 cm for Rs.5549 online. Lal Haveli Beautiful Attractive Hand Painted Decorative Iron Wood Musician 5 Pcs Set Showpiece  -  55.88 cm at best prices with FREE shipping & cash on delivery. Only Genuine Products. 30 Day Replacement Guarantee.
Lal Haveli Beautiful Decorative Jaipur Wood Colorful Jharoka Photo Frame Showpiece  -  30.48 cm,"[""Home Decor & Festive Needs >> Showpieces >> Ethnic >> Lal Haveli Ethnic""]",Lal Haveli,750,Buy Lal Haveli Beautiful Decorative Jaipur Wood Colorful Jharoka Photo Frame Showpiece  -  30.48 cm for Rs.750 online. Lal Haveli Beautiful Decorative Jaipur Wood Colorful Jharoka Photo Frame Showpiece  -  30.48 cm at best prices with FREE shipping & cash on delivery. Only Genuine Products. 30 Day Replacement Guarantee.
Ruchiworld marble elephant Showpiece  -  3 cm,"[""Home Decor & Festive Needs >> Showpieces >> Ethnic >> Ruchiworld Ethnic""]",Ruchiworld,370,"Ruchiworld marble elephant Showpiece  -  3 cm (Stoneware, Multicolor)
                         Price: Rs. 370
				
			This Enamel Work Elephant pair is made of pure brass. The elephant figures have been beautifully carved in Lac with small glass pieces. It is an ideal decorative item for your house. The gift piece has been prepared by the master artisans of Jaipur.
This Enamel Work Elephant pair is made of pure brass. The elephant figures have been beautifully carved in Lac with small glass pieces. It is an ideal decorative item for your house. The gift piece has been prepared by the master artisans of Jaipur."
Onlineshoppee AFR1229 Showpiece  -  5.08 cm,"[""Home Decor & Festive Needs >> Showpieces >> Ethnic >> Onlineshoppee Ethnic""]",Onlineshoppee,399,"Onlineshoppee AFR1229 Showpiece  -  5.08 cm (Brass, Gold)
                         Price: Rs. 399
				
			Onlineshoppee Home DecorShowpiece Size-LxBxH-4x1x2 Inch

Onlineshoppee Handcrafted Brass Aladdin Chirag Display This On Your Bedroom Table Or Living Room Shelf For An Instant Chic Home Decor Update.

Material Used- Pure brass

This is a Perfect Gift Item For Your Relatives
Onlineshoppee Home DecorShowpiece Size-LxBxH-4x1x2 Inch

Onlineshoppee Handcrafted Brass Aladdin Chirag Display This On Your Bedroom Table Or Living Room Shelf For An Instant Chic Home Decor Update.

Material Used- Pure brass

This is a Perfect Gift Item For Your Relatives"
Onlineshoppee SHA34-sh Showpiece  -  24 cm,"[""Home Decor & Festive Needs >> Showpieces >> Ethnic >> Onlineshoppee Ethnic""]",Onlineshoppee,349,Buy Onlineshoppee SHA34-sh Showpiece  -  24 cm for Rs.349 online. Onlineshoppee SHA34-sh Showpiece  -  24 cm at best prices with FREE shipping & cash on delivery. Only Genuine Products. 30 Day Replacement Guarantee.
Tatvaarts Bullock Cart ( Big) Showpiece  -  13.97 cm,"[""Home Decor & Festive Needs >> Showpieces >> Ethnic >> Tatvaarts Ethnic""]",Tatvaarts,5000,Buy Tatvaarts Bullock Cart ( Big) Showpiece  -  13.97 cm for Rs.5000 online. Tatvaarts Bullock Cart ( Big) Showpiece  -  13.97 cm at best prices with FREE shipping & cash on delivery. Only Genuine Products. 30 Day Replacement Guarantee.
Pg Handicrafts Pearl Studded Boxes Showpiece  -  9 cm,"[""Home Decor & Festive Needs >> Showpieces >> Ethnic >> Pg Handicrafts Ethnic""]",Pg Handicrafts,599,"Pg Handicrafts Pearl Studded Boxes Showpiece  -  9 cm (Aluminium, White)
                         Price: Rs. 599
				
			This Ia Beautiful Utility Decor.It Can Be Used As A Showpiece For Dressing Tables And Coins,Pins Etc Small Things Can Be Stored In It.You Can Also Gift It To Your Loved Ones With Silver Coins Inside Or With A Small Ganesh Or Any Other God Idol Which Makes It As Excellent Diwali Gift Item
This Ia Beautiful Utility Decor.It Can Be Used As A Showpiece For Dressing Tables And Coins,Pins Etc Small Things Can Be Stored In It.You Can Also Gift It To Your Loved Ones With Silver Coins Inside Or With A Small Ganesh Or Any Other God Idol Which Makes It As Excellent Diwali Gift Item"
Surface 180 Handcrafted Wooden & Bone Made Decorative Pot With Mugal Art Showpiece  -  23 cm,"[""Home Decor & Festive Needs >> Showpieces >> Ethnic >> Surface 180 Ethnic""]",Surface 180,1284,"Surface 180 Handcrafted Wooden & Bone Made Decorative Pot With Mugal Art Showpiece  -  23 cm (Wooden, Red)
                         Price: Rs. 1,284
				
			Handcraft Bone Made Decorative Items
Handcraft Bone Made Decorative Items"
Unique Design Marble Pillar Watch Showpiece  -  15 cm,"[""Home Decor & Festive Needs >> Showpieces >> Ethnic >> Unique Design Ethnic""]",Unique Design,425,"Unique Design Marble Pillar Watch Showpiece  -  15 cm (Stoneware, Multicolor)
                         Price: Rs. 425
				
			This artistically handcrafted pillar mounted marble watch will surely adorn your beautiful home. This can be used for gifting purpose too. It boasts a beautiful Jaipuria style which will be just perfect for your living room. Ideal for Gifting purpose too. So, place your order now for this antique piece of Handicraft watch.
This artistically handcrafted pillar mounted marble watch will surely adorn your beautiful home. This can be used for gifting purpose too. It boasts a beautiful Jaipuria style which will be just perfect for your living room. Ideal for Gifting purpose too. So, place your order now for this antique piece of Handicraft watch."
Lal Haveli Wooden Table Decor Mother & Baby Elephant Painted Showpiece  -  10.16 cm,"[""Home Decor & Festive Needs >> Showpieces >> Ethnic >> Lal Haveli Ethnic""]",Lal Haveli,2069,"Lal Haveli Wooden Table Decor Mother & Baby Elephant Painted Showpiece  -  10.16 cm (Wooden, Black)
                         Price: Rs. 2,069
				
			This gorgeous elephant will be a fabulous home decor accessory indeed! This comes in golden black and is made of Metal. This gives it an appeal and splendor of its own that few accessories can replicate! You can gift this to your friends as well. A gorgeous piece of art to give your interior ethnic Indian Look.
This gorgeous elephant will be a fabulous home decor accessory indeed! This comes in golden black and is made of Metal. This gives it an appeal and splendor of its own that few accessories can replicate! You can gift this to your friends as well. A gorgeous piece of art to give your interior ethnic Indian Look."
Orange Tree Maxim Wall Decor Set Of 3 Showpiece  -  4 cm,"[""Home Decor & Festive Needs >> Showpieces >> Orange Tree Showpieces""]",Orange Tree,1999,"Orange Tree Maxim Wall Decor Set Of 3 Showpiece  -  4 cm (Iron, Gold)
                         Price: Rs. 1,999
				
			Metal saucer with a hammered look floats a classic round mirror in the center. These set of 3 in ant. Copper plating lets your imagination loose by creating interesting combinations on any wall surface
Metal saucer with a hammered look floats a classic round mirror in the center. These set of 3 in ant. Copper plating lets your imagination loose by creating interesting combinations on any wall surface"
Rajo Raja Prasanna Buddha Artpiece Showpiece  -  20.5 cm,"[""Home Decor & Festive Needs >> Showpieces >> Ethnic >> Rajo Raja Ethnic""]",Rajo Raja,1799,Buy Rajo Raja Prasanna Buddha Artpiece Showpiece  -  20.5 cm for Rs.1799 online. Rajo Raja Prasanna Buddha Artpiece Showpiece  -  20.5 cm at best prices with FREE shipping & cash on delivery. Only Genuine Products. 30 Day Replacement Guarantee.
Unravel india Jodhpuri Peacock Multicolored Wine Bottle Holder Showpiece  -  33.02 cm,"[""Home Decor & Festive Needs >> Showpieces >> Unravel india Showpieces""]",Unravel india,1399,"Unravel india Jodhpuri Peacock Multicolored Wine Bottle Holder Showpiece  -  33.02 cm (Wooden, Multicolor)
                         Price: Rs. 1,399
				
			Handpainting from Jodhpur
Handpainting from Jodhpur"
Lal Haveli Decorative manjira Musician Showpiece  -  12.7 cm,"[""Home Decor & Festive Needs >> Showpieces >> Ethnic >> Lal Haveli Ethnic""]",Lal Haveli,749,Buy Lal Haveli Decorative manjira Musician Showpiece  -  12.7 cm for Rs.749 online. Lal Haveli Decorative manjira Musician Showpiece  -  12.7 cm at best prices with FREE shipping & cash on delivery. Only Genuine Products. 30 Day Replacement Guarantee.
Tatvaarts Tribal Face Showpiece  -  21.59 cm,"[""Home Decor & Festive Needs >> Showpieces >> Ethnic >> Tatvaarts Ethnic""]",Tatvaarts,6100,"Tatvaarts Tribal Face Showpiece  -  21.59 cm (Brass, Gold)
                         Price: Rs. 6,100
				
			A nice and beautiful home décor item. Made of cast iron, this product stands out to enjoy a special place in your room. It can also be gifted to your near and dear ones on any eventful day.
A nice and beautiful home décor item. Made of cast iron, this product stands out to enjoy a special place in your room. It can also be gifted to your near and dear ones on any eventful day."
Orchard Showpiece  -  13 cm,"[""Home Decor & Festive Needs >> Showpieces >> Orchard Showpieces""]",Orchard,399,Buy Orchard Showpiece  -  13 cm for Rs.399 online. Orchard Showpiece  -  13 cm at best prices with FREE shipping & cash on delivery. Only Genuine Products. 30 Day Replacement Guarantee.
Unique Design Marble Chopra Showpiece  -  8 cm,"[""Home Decor & Festive Needs >> Showpieces >> Ethnic >> Unique Design Ethnic""]",Unique Design,249,Buy Unique Design Marble Chopra Showpiece  -  8 cm for Rs.249 online. Unique Design Marble Chopra Showpiece  -  8 cm at best prices with FREE shipping & cash on delivery. Only Genuine Products. 30 Day Replacement Guarantee.
Lal Haveli Beautiful Wooden Jharoka Photo Frames Showpiece  -  43.18 cm,"[""Home Decor & Festive Needs >> Showpieces >> Ethnic >> Lal Haveli Ethnic""]",Lal Haveli,1499,"Lal Haveli Beautiful Wooden Jharoka Photo Frames Showpiece  -  43.18 cm (Wooden, Multicolor)
                         Price: Rs. 1,499
				
			This traditional Rajasthani designer jharokha has been carved out of wood and symbolizes the exquisite skill of the craftsman. The beautiful gold patterns that adorn the artwork give it an intense royal look and make it a perfect gift item for any occasion or even for enhancing your home decor.
This traditional Rajasthani designer jharokha has been carved out of wood and symbolizes the exquisite skill of the craftsman. The beautiful gold patterns that adorn the artwork give it an intense royal look and make it a perfect gift item for any occasion or even for enhancing your home decor."
Shree Homdecor Floor rangoli Showpiece  -  21 cm,"[""Home Decor & Festive Needs >> Showpieces >> Ethnic >> Shree Homdecor Ethnic""]",Shree Homdecor,699,Buy Shree Homdecor Floor rangoli Showpiece  -  21 cm for Rs.699 online. Shree Homdecor Floor rangoli Showpiece  -  21 cm at best prices with FREE shipping & cash on delivery. Only Genuine Products. 30 Day Replacement Guarantee.
MCB Exports Mini 6 Drawer Chest Showpiece  -  28 cm,"[""Home Decor & Festive Needs >> Showpieces >> Ethnic >> MCB Exports Ethnic""]",MCB Exports,3299,"MCB Exports Mini 6 Drawer Chest Showpiece  -  28 cm (Wooden, Brass, Multicolor)
                         Price: Rs. 3,299
				
			Mini Wooden-Brass Multicolor Chest,
Dimension:18x13x28 cms
Mini Wooden-Brass Multicolor Chest,
Dimension:18x13x28 cms"
Shoppingtara Paper Mache 3 Piece Elephant Home Decor Gift Showpiece  -  4 cm,"[""Home Decor & Festive Needs >> Showpieces >> Shoppingtara Showpieces""]",Shoppingtara,489,"Shoppingtara Paper Mache 3 Piece Elephant Home Decor Gift Showpiece  -  4 cm (Paper Mache, Multicolor)
                         Price: Rs. 489
				
			This handcrafted elephant is a set of 3 piece elephants made of Chinese Paper Mache art. They have been decorated with enamel paint and lacquer polish. The size of the elephants is in increasing order of 2.5 inch, 3 inch and 3.5 inch. It is an exclusive show piece for your drawing room; sure to be admired by your guests.
This handcrafted elephant is a set of 3 piece elephants made of Chinese Paper Mache art. They have been decorated with enamel paint and lacquer polish. The size of the elephants is in increasing order of 2.5 inch, 3 inch and 3.5 inch. It is an exclusive show piece for your drawing room; sure to be admired by your guests."
Surface180 Fascinating Antique Style Wooden Three Drawer Box Showpiece  -  20 cm,"[""Home Decor & Festive Needs >> Table Decor & Handicrafts >> Showpieces >> Ethnic >> Surface180 Ethnic""]",Surface180,1257,Buy Surface180 Fascinating Antique Style Wooden Three Drawer Box Showpiece  -  20 cm for Rs.1257 online. Surface180 Fascinating Antique Style Wooden Three Drawer Box Showpiece  -  20 cm at best prices with FREE shipping & cash on delivery. Only Genuine Products. 30 Day Replacement Guarantee.
Tatvaarts Ashta Lakshmi (Bronze-Finish) Showpiece  -  27.94 cm,"[""Home Decor & Festive Needs >> Showpieces >> Ethnic >> Tatvaarts Ethnic""]",Tatvaarts,12500,"Tatvaarts Ashta Lakshmi (Bronze-Finish) Showpiece  -  27.94 cm (Brass, Gold)
                         Price: Rs. 12,500
				
			Your home décor is the reflection of your taste, so decorate it as you want. A home is more than just a house, and decor is more than just furnishings. Home decoration is an art and reveals a lot about the choice and preferences of individuals.  A house can instantly transform to a home when it is beautified with the right kind of home decoration items. Set a theme for your home décor and beautify it with products that will perfectly fit in. This Elephant Ganesh Carved from the house of Thar Handicrafts Bangalore is made of brass and have a fine yellow color finish.
Your home décor is the reflection of your taste, so decorate it as you want. A home is more than just a house, and decor is more than just furnishings. Home decoration is an art and reveals a lot about the choice and preferences of individuals.  A house can instantly transform to a home when it is beautified with the right kind of home decoration items. Set a theme for your home décor and beautify it with products that will perfectly fit in. This Elephant Ganesh Carved from the house of Thar Handicrafts Bangalore is made of brass and have a fine yellow color finish."
Monil Round Kundan Studded Analog 5.08 cm Showpiece  -  30.48 cm,"[""Home Decor & Festive Needs >> Showpieces >> Ethnic >> Monil Ethnic""]",Monil,999,Buy Monil Round Kundan Studded Analog 5.08 cm Showpiece  -  30.48 cm for Rs.999 online. Monil Round Kundan Studded Analog 5.08 cm Showpiece  -  30.48 cm at best prices with FREE shipping & cash on delivery. Only Genuine Products. 30 Day Replacement Guarantee.
The Crystal Jewel Reiki Symbols carved on Lapiz Lazuli Pyramid Showpiece  -  3 cm,"[""Home Decor & Festive Needs >> Table Decor & Handicrafts >> Showpieces >> The Crystal Jewel Showpieces""]",The Crystal Jewel,650,Buy The Crystal Jewel Reiki Symbols carved on Lapiz Lazuli Pyramid Showpiece  -  3 cm for Rs.650 online. The Crystal Jewel Reiki Symbols carved on Lapiz Lazuli Pyramid Showpiece  -  3 cm at best prices with FREE shipping & cash on delivery. Only Genuine Products. 30 Day Replacement Guarantee.
Unique Design Ashoka Pillar 6 Inch Showpiece  -  15 cm,"[""Home Decor & Festive Needs >> Showpieces >> Ethnic >> Unique Design Ethnic""]",Unique Design,329,Buy Unique Design Ashoka Pillar 6 Inch Showpiece  -  15 cm for Rs.329 online. Unique Design Ashoka Pillar 6 Inch Showpiece  -  15 cm at best prices with FREE shipping & cash on delivery. Only Genuine Products. 30 Day Replacement Guarantee.
MCB Exports Iron Decorative Pot Showpiece  -  61 cm,"[""Home Decor & Festive Needs >> Showpieces >> Ethnic >> MCB Exports Ethnic""]",MCB Exports,4199,"MCB Exports Iron Decorative Pot Showpiece  -  61 cm (Iron, Multicolor)
                         Price: Rs. 4,199
				
			Iron Painted Decorative Pot
Iron Painted Decorative Pot"
Villcart Warli Wall Piece - 1 Showpiece  -  22.5 cm,"[""Home Decor & Festive Needs >> Showpieces >> Villcart Showpieces""]",Villcart,504,Buy Villcart Warli Wall Piece - 1 Showpiece  -  22.5 cm for Rs.504 online. Villcart Warli Wall Piece - 1 Showpiece  -  22.5 cm at best prices with FREE shipping & cash on delivery. Only Genuine Products. 30 Day Replacement Guarantee.
Seema's Craft Creation Shubh - Laabh (Flower) Showpiece  -  11 cm,"[""Home Decor & Festive Needs >> Showpieces >> Ethnic >> Seema's Craft Creation Ethnic""]",Seema's Craft Creation,599,Buy Seema's Craft Creation Shubh - Laabh (Flower) Showpiece  -  11 cm for Rs.599 online. Seema's Craft Creation Shubh - Laabh (Flower) Showpiece  -  11 cm at best prices with FREE shipping & cash on delivery. Only Genuine Products. 30 Day Replacement Guarantee.
Sunvi Rajasthani Stonework Pooja Chopra Showpiece  -  12 cm,"[""Home Decor & Festive Needs >> Showpieces >> Ethnic >> Sunvi Ethnic""]",Sunvi,239,Buy Sunvi Rajasthani Stonework Pooja Chopra Showpiece  -  12 cm for Rs.239 online. Sunvi Rajasthani Stonework Pooja Chopra Showpiece  -  12 cm at best prices with FREE shipping & cash on delivery. Only Genuine Products. 30 Day Replacement Guarantee.
Unravel India Showpiece  -  6.5 cm,"[""Home Decor & Festive Needs >> Showpieces >> Unravel India Showpieces""]",Unravel India,1799,Buy Unravel India Showpiece  -  6.5 cm for Rs.1799 online. Unravel India Showpiece  -  6.5 cm at best prices with FREE shipping & cash on delivery. Only Genuine Products. 30 Day Replacement Guarantee.
The Crystal Jewel Chakra colour Bonded Pyramid Showpiece  -  4 cm,"[""Home Decor & Festive Needs >> Showpieces >> The Crystal Jewel Showpieces""]",The Crystal Jewel,650,Buy The Crystal Jewel Chakra colour Bonded Pyramid Showpiece  -  4 cm for Rs.650 online. The Crystal Jewel Chakra colour Bonded Pyramid Showpiece  -  4 cm at best prices with FREE shipping & cash on delivery. Only Genuine Products. 30 Day Replacement Guarantee.
Saum Creation Hand crafted Terracotta Men Women Mask Showpiece  -  32 cm,"[""Home Decor & Festive Needs >> Showpieces >> Ethnic >> Saum Creation Ethnic""]",Saum Creation,450,Buy Saum Creation Hand crafted Terracotta Men Women Mask Showpiece  -  32 cm for Rs.450 online. Saum Creation Hand crafted Terracotta Men Women Mask Showpiece  -  32 cm at best prices with FREE shipping & cash on delivery. Only Genuine Products. 30 Day Replacement Guarantee.
Ravishing Variety Statue Showpiece  -  30 cm,"[""Home Decor & Festive Needs >> Showpieces >> Ethnic >> Ravishing Variety Ethnic""]",Ravishing Variety,830,"Ravishing Variety Statue Showpiece  -  30 cm (Brass, Gold)
                         Price: Rs. 830
				
			This Dokra Style Statue is made of brass decoring your home,room,dinning room etc. improving shining of your home. It gives an attactive look to your guests. It can be used for gifting purpose as well. Its just a smal model of Real Iron.
This Dokra Style Statue is made of brass decoring your home,room,dinning room etc. improving shining of your home. It gives an attactive look to your guests. It can be used for gifting purpose as well. Its just a smal model of Real Iron."
RoyalsCart KTH505 Showpiece  -  33 cm,"[""Home Decor & Festive Needs >> Showpieces >> Ethnic >> RoyalsCart Ethnic""]",RoyalsCart,2499,Buy RoyalsCart KTH505 Showpiece  -  33 cm for Rs.2499 online. RoyalsCart KTH505 Showpiece  -  33 cm at best prices with FREE shipping & cash on delivery. Only Genuine Products. 30 Day Replacement Guarantee.
SAC FA-SW-28X28 Showpiece  -  89 cm,"[""Home Decor & Festive Needs >> Showpieces >> Ethnic >> SAC Ethnic""]",SAC,1099,Buy SAC FA-SW-28X28 Showpiece  -  89 cm for Rs.1099 online. SAC FA-SW-28X28 Showpiece  -  89 cm at best prices with FREE shipping & cash on delivery. Only Genuine Products. 30 Day Replacement Guarantee.
Sovam International Peacock With Meena Art Showpiece  -  4 cm,"[""Home Decor & Festive Needs >> Showpieces >> Ethnic >> Sovam International Ethnic""]",Sovam International,1100,Buy Sovam International Peacock With Meena Art Showpiece  -  4 cm for Rs.1100 online. Sovam International Peacock With Meena Art Showpiece  -  4 cm at best prices with FREE shipping & cash on delivery. Only Genuine Products. 30 Day Replacement Guarantee.
Sovam International Marble Elephant Showpiece  -  4 cm,"[""Home Decor & Festive Needs >> Showpieces >> Ethnic >> Sovam International Ethnic""]",Sovam International,429,"Sovam International Marble Elephant Showpiece  -  4 cm (Stoneware, Multicolor)
                         Price: Rs. 429
				
			This Enamel Work Elephant pair is made of pure brass. The elephant figures have been beautifully carved in Lac with small glass pieces. It is an ideal decorative item for your house. The gift piece has been prepared by the master artisans of Jaipur.
This Enamel Work Elephant pair is made of pure brass. The elephant figures have been beautifully carved in Lac with small glass pieces. It is an ideal decorative item for your house. The gift piece has been prepared by the master artisans of Jaipur."
MCB Exports Mini 6 Drawer Chest Showpiece  -  33 cm,"[""Home Decor & Festive Needs >> Showpieces >> Ethnic >> MCB Exports Ethnic""]",MCB Exports,4699,"MCB Exports Mini 6 Drawer Chest Showpiece  -  33 cm (Wooden, Brass, Multicolor)
                         Price: Rs. 4,699
				
			Mini 6 Drawers Chest with Brass Fitted, Dimension: 23x16x33 cms
Mini 6 Drawers Chest with Brass Fitted, Dimension: 23x16x33 cms"
Lal Haveli Lamp Cum Flower Vase Showpiece  -  50 cm,"[""Home Decor & Festive Needs >> Showpieces >> Ethnic >> Lal Haveli Ethnic""]",Lal Haveli,4559,"Lal Haveli Lamp Cum Flower Vase Showpiece  -  50 cm (Glass, Multicolor)
                         Price: Rs. 4,559
				
			Indian handmade colorful decorative piece made of glass, can be use as flower vase, candle holder or like a planter. It can be a very unique and ethnic candle holder by the night. When lit up it makes a mesmerizing rainbow colored pattern all around it. It is totally handcrafted by the artisan of Rajasthan. It will give your home a traditional style. So buy and decorate to your home with this beautiful candle holder cum planter cum flower vase from India.
Indian handmade colorful decorative piece made of glass, can be use as flower vase, candle holder or like a planter. It can be a very unique and ethnic candle holder by the night. When lit up it makes a mesmerizing rainbow colored pattern all around it. It is totally handcrafted by the artisan of Rajasthan. It will give your home a traditional style. So buy and decorate to your home with this beautiful candle holder cum planter cum flower vase from India."
Krg Enterprises Lord Radha Krishna Idol With Cow Showpiece  -  6 cm,"[""Home Decor & Festive Needs >> Showpieces >> Ethnic >> Krg Enterprises Ethnic""]",Krg Enterprises,648,"Krg Enterprises Lord Radha Krishna Idol With Cow Showpiece  -  6 cm (Brass, White)
                         Price: Rs. 648
				
			This Handcrafted Antique Idol Of Lord Radha Krishna With Cow Is Made Of Pure White Metal. The Idol Is Polished To Give It Alluring Antique Look. The Gift Piece Has Been Prepared By The Creative Artisans Of Jaipur.
This Handcrafted Antique Idol Of Lord Radha Krishna With Cow Is Made Of Pure White Metal. The Idol Is Polished To Give It Alluring Antique Look. The Gift Piece Has Been Prepared By The Creative Artisans Of Jaipur."
Miracle Furnishings Gemstone Wooden Box Showpiece  -  3.5 cm,"[""Home Decor & Festive Needs >> Showpieces >> Ethnic >> Miracle Furnishings Ethnic""]",Miracle Furnishings,199,Buy Miracle Furnishings Gemstone Wooden Box Showpiece  -  3.5 cm for Rs.199 online. Miracle Furnishings Gemstone Wooden Box Showpiece  -  3.5 cm at best prices with FREE shipping & cash on delivery. Only Genuine Products. 30 Day Replacement Guarantee.
Wink Showpiece  -  6.5 cm,"[""Home Decor & Festive Needs >> Showpieces >> Wink Showpieces""]",Wink,1499,Buy Wink Showpiece  -  6.5 cm for Rs.1499 online. Wink Showpiece  -  6.5 cm at best prices with FREE shipping & cash on delivery. Only Genuine Products. 30 Day Replacement Guarantee.
Miracle Furnishings Gemstone Wooden Box Showpiece  -  3.5 cm,"[""Home Decor & Festive Needs >> Showpieces >> Ethnic >> Miracle Furnishings Ethnic""]",Miracle Furnishings,299,Buy Miracle Furnishings Gemstone Wooden Box Showpiece  -  3.5 cm for Rs.299 online. Miracle Furnishings Gemstone Wooden Box Showpiece  -  3.5 cm at best prices with FREE shipping & cash on delivery. Only Genuine Products. 30 Day Replacement Guarantee.
Marwar Antique Graham Bell Telephone with Dial Showpiece  -  30 cm,"[""Home Decor & Festive Needs >> Showpieces >> Marwar Showpieces""]",Marwar,7499,Buy Marwar Antique Graham Bell Telephone with Dial Showpiece  -  30 cm for Rs.7499 online. Marwar Antique Graham Bell Telephone with Dial Showpiece  -  30 cm at best prices with FREE shipping & cash on delivery. Only Genuine Products. 30 Day Replacement Guarantee.
S C Handicrafts Sandalwood Chinese Queen. Showpiece  -  16 cm,"[""Home Decor & Festive Needs >> Showpieces >> S C Handicrafts Showpieces""]",S C Handicrafts,8500,Buy S C Handicrafts Sandalwood Chinese Queen. Showpiece  -  16 cm for Rs.8500 online. S C Handicrafts Sandalwood Chinese Queen. Showpiece  -  16 cm at best prices with FREE shipping & cash on delivery. Only Genuine Products. 30 Day Replacement Guarantee.
Kraftnation Terracotta White Bottle Red Tribal Pot Showpiece  -  23.75 cm,"[""Home Decor & Festive Needs >> Showpieces >> Ethnic >> Kraftnation Ethnic""]",Kraftnation,650,"Kraftnation Terracotta White Bottle Red Tribal Pot Showpiece  -  23.75 cm (Terracotta, Multicolor)
                         Price: Rs. 650
				
			Accentuate the beauty of your home decor with this unique piece of art. It is a handmade terracotta pot, done very creatively with a terracotta figure of a tribal man holding it. There is an amazing paint work done on the pot making it more adorable.
Accentuate the beauty of your home decor with this unique piece of art. It is a handmade terracotta pot, done very creatively with a terracotta figure of a tribal man holding it. There is an amazing paint work done on the pot making it more adorable."
Purpledip Kattle Showpiece  -  15 cm,"[""Home Decor & Festive Needs >> Showpieces >> Ethnic >> Purpledip Ethnic""]",Purpledip,1505,"Purpledip Kattle Showpiece  -  15 cm (Steel, Multicolor)
                         Price: Rs. 1,505
				
			Painted by the artisans of Rajasthan, this steel teapot brings good cheer & color to your teatime. Use it as a decorative piece to adorn your dining table or gift it as an Indian curio. Can hold hot beverages
Painted by the artisans of Rajasthan, this steel teapot brings good cheer & color to your teatime. Use it as a decorative piece to adorn your dining table or gift it as an Indian curio. Can hold hot beverages"
Ratash.Com LA_0119_2 Showpiece  -  8 cm,"[""Home Decor & Festive Needs >> Showpieces >> Ethnic >> Ratash.Com Ethnic""]",Ratash.Com,498,"Ratash.Com LA_0119_2 Showpiece  -  8 cm (Brass, Gold)
                         Price: Rs. 498
				
			Spiritual note:
Its divine aura will add an allure to your home. It is high in quality and will harmonize your home/temple interiors with spiritual ambiance. It signifies the traditional and ethnic skill of India. Bring an element of spirituality to your home.
Details:
This specially designed cut metal fine carving work Gold plated leaf with lord Ganesha carving for embellishment of your home/temple. Handcrafted piece of art complements your home spritual compilation. Your home, your office or your business venture will reverberate with the rich ethnicity of India’s culture. Take your pick from our richest assortment of handicrafts and give your home a divine individuality.
Note:
There could be a slight variation in design, weight, dimensions and color that shown in the image as all products are handmade. However, there would not be any compromise in QUALITY. See Terms & condition
Spiritual note:
Its divine aura will add an allure to your home. It is high in quality and will harmonize your home/temple interiors with spiritual ambiance. It signifies the traditional and ethnic skill of India. Bring an element of spirituality to your home.
Details:
This specially designed cut metal fine carving work Gold plated leaf with lord Ganesha carving for embellishment of your home/temple. Handcrafted piece of art complements your home spritual compilation. Your home, your office or your business venture will reverberate with the rich ethnicity of India’s culture. Take your pick from our richest assortment of handicrafts and give your home a divine individuality.
Note:
There could be a slight variation in design, weight, dimensions and color that shown in the image as all products are handmade. However, there would not be any compromise in QUALITY. See Terms & condition"
Tatvaarts Tribal Danda Lady Showpiece  -  48.26 cm,"[""Home Decor & Festive Needs >> Showpieces >> Ethnic >> Tatvaarts Ethnic""]",Tatvaarts,6200,"Tatvaarts Tribal Danda Lady Showpiece  -  48.26 cm (Brass, Black)
                         Price: Rs. 6,200
				
			A nice and beautiful home décor item. Made of cast iron, this product stands out to enjoy a special place in your room. It can also be gifted to your near and dear ones on any eventful day.
A nice and beautiful home décor item. Made of cast iron, this product stands out to enjoy a special place in your room. It can also be gifted to your near and dear ones on any eventful day."
Ruchiworld Pure Gemstone Studded Handcrafted Flute Showpiece  -  6 cm,"[""Home Decor & Festive Needs >> Showpieces >> Ethnic >> Ruchiworld Ethnic""]",Ruchiworld,395,"Ruchiworld Pure Gemstone Studded Handcrafted Flute Showpiece  -  6 cm (Brass, Multicolor)
                         Price: Rs. 395
				
			This handcrafted real and usable Flute is made of pure brass, you can actually play upon. It is decorated with colourful beads of brass and gemstones. The Flute has 6 holes.
This handcrafted real and usable Flute is made of pure brass, you can actually play upon. It is decorated with colourful beads of brass and gemstones. The Flute has 6 holes."
Redbag Sheshnaag Spoon Showpiece  -  36.195 cm,"[""Home Decor & Festive Needs >> Showpieces >> Redbag Showpieces""]",Redbag,1250,Buy Redbag Sheshnaag Spoon Showpiece  -  36.195 cm for Rs.1250 online. Redbag Sheshnaag Spoon Showpiece  -  36.195 cm at best prices with FREE shipping & cash on delivery. Only Genuine Products. 30 Day Replacement Guarantee.
Lal Haveli Traditional Hand Crafted Beautiful Iron Musician 5 Pcs Set Showpiece  -  33 cm,"[""Home Decor & Festive Needs >> Showpieces >> Ethnic >> Lal Haveli Ethnic""]",Lal Haveli,3749,Buy Lal Haveli Traditional Hand Crafted Beautiful Iron Musician 5 Pcs Set Showpiece  -  33 cm for Rs.3749 online. Lal Haveli Traditional Hand Crafted Beautiful Iron Musician 5 Pcs Set Showpiece  -  33 cm at best prices with FREE shipping & cash on delivery. Only Genuine Products. 30 Day Replacement Guarantee.
Marwal Crystal Tortoise Showpiece  -  4 cm,"[""Home Decor & Festive Needs >> Showpieces >> Ethnic >> Marwal Ethnic""]",Marwal,345,"Marwal Crystal Tortoise Showpiece  -  4 cm (Crystal, Clear)
                         Price: Rs. 345
				
			Crystal
Height - 4 cm
Width - 5 cm
Weight - 100 g
Crystal
Height - 4 cm
Width - 5 cm
Weight - 100 g"
S C Handicrafts Showpiece  -  9.5 cm,"[""Home Decor & Festive Needs >> Showpieces >> S C Handicrafts Showpieces""]",S C Handicrafts,4100,Buy S C Handicrafts Showpiece  -  9.5 cm for Rs.4100 online. S C Handicrafts Showpiece  -  9.5 cm at best prices with FREE shipping & cash on delivery. Only Genuine Products. 30 Day Replacement Guarantee.
Lal Haveli Decorative Dholak Musician Showpiece  -  8.89 cm,"[""Home Decor & Festive Needs >> Showpieces >> Ethnic >> Lal Haveli Ethnic""]",Lal Haveli,1085,"Lal Haveli Decorative Dholak Musician Showpiece  -  8.89 cm (Steel, Wooden, Red)
                         Price: Rs. 1,085
				
			The fine handmade meenakari work designs and Pretty color of this showpiece add a touch of Traditional and elegance to your home decor. It Beautiful Indian Rajasthani handmade Man Musician showpiece is made of light wood and steel material. We promise to deliver best quality products at best prices.
The fine handmade meenakari work designs and Pretty color of this showpiece add a touch of Traditional and elegance to your home decor. It Beautiful Indian Rajasthani handmade Man Musician showpiece is made of light wood and steel material. We promise to deliver best quality products at best prices."
MCB Exports Horse Face Decorative Stool Showpiece  -  22 cm,"[""Home Decor & Festive Needs >> Showpieces >> Ethnic >> MCB Exports Ethnic""]",MCB Exports,2099,"MCB Exports Horse Face Decorative Stool Showpiece  -  22 cm (Wooden, Multicolor)
                         Price: Rs. 2,099
				
			Wooden Multicolor Decorative Stool, Dimension: 27x17.5x22 cms
Wooden Multicolor Decorative Stool, Dimension: 27x17.5x22 cms"
Rajo Raja Magan Buddha Artpiece Showpiece  -  20.5 cm,"[""Home Decor & Festive Needs >> Showpieces >> Ethnic >> Rajo Raja Ethnic""]",Rajo Raja,1799,Buy Rajo Raja Magan Buddha Artpiece Showpiece  -  20.5 cm for Rs.1799 online. Rajo Raja Magan Buddha Artpiece Showpiece  -  20.5 cm at best prices with FREE shipping & cash on delivery. Only Genuine Products. 30 Day Replacement Guarantee.
MCB Exports Iron Decorative Pot Showpiece  -  74 cm,"[""Home Decor & Festive Needs >> Showpieces >> Ethnic >> MCB Exports Ethnic""]",MCB Exports,9999,"MCB Exports Iron Decorative Pot Showpiece  -  74 cm (Iron, Multicolor)
                         Price: Rs. 9,999
				
			Iron Decorative Pot with beautiful color combination
Iron Decorative Pot with beautiful color combination"
Ratash.Com LA_0126_2 Showpiece  -  8 cm,"[""Home Decor & Festive Needs >> Showpieces >> Ethnic >> Ratash.Com Ethnic""]",Ratash.Com,498,"Ratash.Com LA_0126_2 Showpiece  -  8 cm (Brass, Gold)
                         Price: Rs. 498
				
			Spiritual note:
Its divine aura will add an allure to your home. It is high in quality and will harmonize your home/temple interiors with spiritual ambiance. It signifies the traditional and ethnic skill of India. Bring an element of spirituality to your home.
Details:
This specially designed cut metal fine carving work Gold plated leaf with Madina (religious place of Islam) carving for embellishment of your home/temple. Handcrafted piece of art complements your home spritual compilation. Your home, your office or your business venture will reverberate with the rich ethnicity. Take your pick from our richest assortment of handicrafts and give your home a divine individuality.
Note:
There could be a slight variation in design, weight, dimensions and color that shown in the image as all products are handmade. However, there would not be any compromise in QUALITY. See Terms & condition
Spiritual note:
Its divine aura will add an allure to your home. It is high in quality and will harmonize your home/temple interiors with spiritual ambiance. It signifies the traditional and ethnic skill of India. Bring an element of spirituality to your home.
Details:
This specially designed cut metal fine carving work Gold plated leaf with Madina (religious place of Islam) carving for embellishment of your home/temple. Handcrafted piece of art complements your home spritual compilation. Your home, your office or your business venture will reverberate with the rich ethnicity. Take your pick from our richest assortment of handicrafts and give your home a divine individuality.
Note:
There could be a slight variation in design, weight, dimensions and color that shown in the image as all products are handmade. However, there would not be any compromise in QUALITY. See Terms & condition"
MCB Exports Jheel Decorative Brass Surahi Showpiece  -  36 cm,"[""Home Decor & Festive Needs >> Showpieces >> Ethnic >> MCB Exports Ethnic""]",MCB Exports,6799,"MCB Exports Jheel Decorative Brass Surahi Showpiece  -  36 cm (Brass, Yellow)
                         Price: Rs. 6,799
				
			Brass Decorative Surahi
Brass Decorative Surahi"
"Krg Enterprises Cow Calf Statue,Handicrafts, Gifts, Showpiece  -  4 cm","[""Home Decor & Festive Needs >> Showpieces >> Ethnic >> Krg Enterprises Ethnic""]",Krg Enterprises,999,"Buy Krg Enterprises Cow Calf Statue,Handicrafts, Gifts, Showpiece  -  4 cm for Rs.999 online. Krg Enterprises Cow Calf Statue,Handicrafts, Gifts, Showpiece  -  4 cm at best prices with FREE shipping & cash on delivery. Only Genuine Products. 30 Day Replacement Guarantee."
Lal Haveli House Kitchen Decorative Solid Almirah Wooden Stool Showpiece  -  45.72 cm,"[""Home Decor & Festive Needs >> Showpieces >> Ethnic >> Lal Haveli Ethnic""]",Lal Haveli,3749,"Lal Haveli House Kitchen Decorative Solid Almirah Wooden Stool Showpiece  -  45.72 cm (Wooden, Brown)
                         Price: Rs. 3,749
				
			We are instrumental in offering most durable range of Wooden Almirah Stool with Handmade Paint Work, specially manufactured from high quality wood procured from reliable vendors of the market. This Wooden Almirah is very much appreciated for its characteristic traditional styling, strong construction, spacious structure, fine polishing, finishing, resistance to water and termites and high durability. Our range of Wooden Almirah finds great applications in Households and hotels due to its elegant designs and unique patterns. This wooden almirah is crafted by skilled craftsmen ensuring fine finishing and aesthetic appeal. 
Size:- 12x12x18 Inches
We are instrumental in offering most durable range of Wooden Almirah Stool with Handmade Paint Work, specially manufactured from high quality wood procured from reliable vendors of the market. This Wooden Almirah is very much appreciated for its characteristic traditional styling, strong construction, spacious structure, fine polishing, finishing, resistance to water and termites and high durability. Our range of Wooden Almirah finds great applications in Households and hotels due to its elegant designs and unique patterns. This wooden almirah is crafted by skilled craftsmen ensuring fine finishing and aesthetic appeal. 
Size:- 12x12x18 Inches"
Lal Haveli Rajasthani Handcrafted Decorative Showpiece Statue Musicians Showpiece  -  17.18 cm,"[""Home Decor & Festive Needs >> Showpieces >> Ethnic >> Lal Haveli Ethnic""]",Lal Haveli,12399,Buy Lal Haveli Rajasthani Handcrafted Decorative Showpiece Statue Musicians Showpiece  -  17.18 cm for Rs.12399 online. Lal Haveli Rajasthani Handcrafted Decorative Showpiece Statue Musicians Showpiece  -  17.18 cm at best prices with FREE shipping & cash on delivery. Only Genuine Products. 30 Day Replacement Guarantee.
SignKraft Blue Kundans Showpiece  -  53 cm,"[""Home Decor & Festive Needs >> Showpieces >> Ethnic >> SignKraft Ethnic""]",SignKraft,599,"SignKraft Blue Kundans Showpiece  -  53 cm (Plastic, Blue)
                         Price: Rs. 599
				
			This Hand Made Designer Rangoli Gives Charm To Your Guests When You Place At The Entrance Of Your Sweet Home During Festivals. This Rangoli is Crafted With Perfection. And Place Each Piece Differently to Get Different Look Every Time. It Gives You Soothe Feeling When You Place Rangoli At the Entrance Especially During Festivals.
This Hand Made Designer Rangoli Gives Charm To Your Guests When You Place At The Entrance Of Your Sweet Home During Festivals. This Rangoli is Crafted With Perfection. And Place Each Piece Differently to Get Different Look Every Time. It Gives You Soothe Feeling When You Place Rangoli At the Entrance Especially During Festivals."
Lal Haveli Indian Iron Wood Hand Made Musision Showpiece  -  50.8 cm,"[""Home Decor & Festive Needs >> Showpieces >> Ethnic >> Lal Haveli Ethnic""]",Lal Haveli,1105,"Lal Haveli Indian Iron Wood Hand Made Musision Showpiece  -  50.8 cm (Wooden, Steel, Brown)
                         Price: Rs. 1,105
				
			Now decorate your home in Rajasthani style through this Handmade Musician Showpiece. Pretty up to your Guest room with this Gorgeous Steel & Wood Material Showpiece which is decorated with Handmade Traditional Indian Art.  This attractive beautiful Musician Lady Showpiece would Give a traditional Feel to your home. At Lalhaveli all products are personally checked for quality before dispatch.We promise to deliver best quality products at best prices.
Now decorate your home in Rajasthani style through this Handmade Musician Showpiece. Pretty up to your Guest room with this Gorgeous Steel & Wood Material Showpiece which is decorated with Handmade Traditional Indian Art.  This attractive beautiful Musician Lady Showpiece would Give a traditional Feel to your home. At Lalhaveli all products are personally checked for quality before dispatch.We promise to deliver best quality products at best prices."
Ruchikainternational ruc0020 Showpiece  -  9 cm,"[""Home Decor & Festive Needs >> Showpieces >> Ethnic >> Ruchikainternational Ethnic""]",Ruchikainternational,2800,Buy Ruchikainternational ruc0020 Showpiece  -  9 cm for Rs.2800 online. Ruchikainternational ruc0020 Showpiece  -  9 cm at best prices with FREE shipping & cash on delivery. Only Genuine Products. 30 Day Replacement Guarantee.
Surface 180 Elephant Shape Handpainted Wooden Round Stool Showpiece  -  17.78 cm,"[""Home Decor & Festive Needs >> Showpieces >> Ethnic >> Surface 180 Ethnic""]",Surface 180,4704,Buy Surface 180 Elephant Shape Handpainted Wooden Round Stool Showpiece  -  17.78 cm for Rs.4704 online. Surface 180 Elephant Shape Handpainted Wooden Round Stool Showpiece  -  17.78 cm at best prices with FREE shipping & cash on delivery. Only Genuine Products. 30 Day Replacement Guarantee.
MCB Exports Wooden-Metal Fitted 2 Drawer Mini Chest Showpiece  -  17 cm,"[""Home Decor & Festive Needs >> Showpieces >> Ethnic >> MCB Exports Ethnic""]",MCB Exports,2299,"MCB Exports Wooden-Metal Fitted 2 Drawer Mini Chest Showpiece  -  17 cm (Wooden, Gold, Black)
                         Price: Rs. 2,299
				
			Wooden Carved-Metal Fitted 2 Drawer Mini Chest
Wooden Carved-Metal Fitted 2 Drawer Mini Chest"
Stylla Stylla Showpiece  -  22.86 cm,"[""Home Decor & Festive Needs >> Showpieces >> Ethnic >> Stylla Ethnic""]",Stylla,549,"Stylla Stylla Showpiece  -  22.86 cm (Wooden, Brown)
                         Price: Rs. 549
				
			Beautiful box is handmade from Sheesham wood, which is hard, dense timber with a beautiful grain.
This unique handmade jewellery or keepsake box has two pull out drawer
The drawers are great for storing your Jewellery or other small items that need a home
The depth, range and inspirational intricacy of this legacy stems from its socio-economic ethos, with generations of artisans pursuing these crafts.
Beautiful box is handmade from Sheesham wood, which is hard, dense timber with a beautiful grain.
This unique handmade jewellery or keepsake box has two pull out drawer
The drawers are great for storing your Jewellery or other small items that need a home
The depth, range and inspirational intricacy of this legacy stems from its socio-economic ethos, with generations of artisans pursuing these crafts."
Lal Haveli Vintage Design Handmade Wood Jharoka Showpiece  -  25.4 cm,"[""Home Decor & Festive Needs >> Showpieces >> Ethnic >> Lal Haveli Ethnic""]",Lal Haveli,419,Buy Lal Haveli Vintage Design Handmade Wood Jharoka Showpiece  -  25.4 cm for Rs.419 online. Lal Haveli Vintage Design Handmade Wood Jharoka Showpiece  -  25.4 cm at best prices with FREE shipping & cash on delivery. Only Genuine Products. 30 Day Replacement Guarantee.
Krg Enterprises Traditional Chirag Showpiece  -  7 cm,"[""Home Decor & Festive Needs >> Showpieces >> Ethnic >> Krg Enterprises Ethnic""]",Krg Enterprises,899,"Krg Enterprises Traditional Chirag Showpiece  -  7 cm (Brass, White)
                         Price: Rs. 899
				
			This Handcrafted Antique Alladdin Chirag Is A Realistic And Usable Chirag Made Of White Metal. The Chirag Is Decorated With Colorful Meenakari Work Which Gives It Royal And Antique Look. It Can Be Used As The Diwali Dia By Filling Oil In The Container And A Wick From The Removable Lid. The Size Of The Chirag Is Approx. 7 Inch.
This Handcrafted Antique Alladdin Chirag Is A Realistic And Usable Chirag Made Of White Metal. The Chirag Is Decorated With Colorful Meenakari Work Which Gives It Royal And Antique Look. It Can Be Used As The Diwali Dia By Filling Oil In The Container And A Wick From The Removable Lid. The Size Of The Chirag Is Approx. 7 Inch."
Rajo Raja The Buddha Of Music Artpiece Showpiece  -  37 cm,"[""Home Decor & Festive Needs >> Showpieces >> Ethnic >> Rajo Raja Ethnic""]",Rajo Raja,4499,Buy Rajo Raja The Buddha Of Music Artpiece Showpiece  -  37 cm for Rs.4499 online. Rajo Raja The Buddha Of Music Artpiece Showpiece  -  37 cm at best prices with FREE shipping & cash on delivery. Only Genuine Products. 30 Day Replacement Guarantee.
Sovam International Krishna With Cow Idol Showpiece  -  6 cm,"[""Home Decor & Festive Needs >> Showpieces >> Ethnic >> Sovam International Ethnic""]",Sovam International,1240,"Sovam International Krishna With Cow Idol Showpiece  -  6 cm (Brass, White)
                         Price: Rs. 1,240
				
			this handcrafted antique idol of Lord Krishna with Cow on metal durable stand is made of pure white metal. The idol is silver polished to give it alluring antique look. It is also an ideal gift for your friends and relatives. The gift piece has been prepared by the creative artisans
this handcrafted antique idol of Lord Krishna with Cow on metal durable stand is made of pure white metal. The idol is silver polished to give it alluring antique look. It is also an ideal gift for your friends and relatives. The gift piece has been prepared by the creative artisans"
Lal Haveli Vintage Design Handmade Wood Jharoka Photo Frame Showpiece  -  25.4 cm,"[""Home Decor & Festive Needs >> Showpieces >> Ethnic >> Lal Haveli Ethnic""]",Lal Haveli,419,Buy Lal Haveli Vintage Design Handmade Wood Jharoka Photo Frame Showpiece  -  25.4 cm for Rs.419 online. Lal Haveli Vintage Design Handmade Wood Jharoka Photo Frame Showpiece  -  25.4 cm at best prices with FREE shipping & cash on delivery. Only Genuine Products. 30 Day Replacement Guarantee.
Lal Haveli Beautifully crafted and painted Horse with bells Showpiece  -  33 cm,"[""Home Decor & Festive Needs >> Showpieces >> Ethnic >> Lal Haveli Ethnic""]",Lal Haveli,2249,"Lal Haveli Beautifully crafted and painted Horse with bells Showpiece  -  33 cm (Wooden, Iron, Red)
                         Price: Rs. 2,249
				
			Presenting you a beautiful animal figurine handmade. Beautifully crafted and painted Horse with bells, fusion of Mango wood and aluminium metal. This horse is Beautifully casted of solid aluminium metal with detailed hand crafted done on it and polished to give that prefect shine. Product will be exactly as shown in pictures.
Presenting you a beautiful animal figurine handmade. Beautifully crafted and painted Horse with bells, fusion of Mango wood and aluminium metal. This horse is Beautifully casted of solid aluminium metal with detailed hand crafted done on it and polished to give that prefect shine. Product will be exactly as shown in pictures."
Sunvi Rajasthani Stonework Mobile Stand Showpiece  -  11 cm,"[""Home Decor & Festive Needs >> Showpieces >> Ethnic >> Sunvi Ethnic""]",Sunvi,499,Buy Sunvi Rajasthani Stonework Mobile Stand Showpiece  -  11 cm for Rs.499 online. Sunvi Rajasthani Stonework Mobile Stand Showpiece  -  11 cm at best prices with FREE shipping & cash on delivery. Only Genuine Products. 30 Day Replacement Guarantee.
Malhar U-Shell Hook Single Copper Showpiece  -  6 cm,"[""Home Decor & Festive Needs >> Showpieces >> Malhar Showpieces""]",Malhar,192,Buy Malhar U-Shell Hook Single Copper Showpiece  -  6 cm for Rs.192 online. Malhar U-Shell Hook Single Copper Showpiece  -  6 cm at best prices with FREE shipping & cash on delivery. Only Genuine Products. 30 Day Replacement Guarantee.
MSC Shuangmin Japanese Dolls Showpiece  -  12 cm,"[""Home Decor & Festive Needs >> Showpieces >> Ethnic >> MSC Shuangmin Ethnic""]",MSC Shuangmin,1199,Buy MSC Shuangmin Japanese Dolls Showpiece  -  12 cm for Rs.1199 online. MSC Shuangmin Japanese Dolls Showpiece  -  12 cm at best prices with FREE shipping & cash on delivery. Only Genuine Products. 30 Day Replacement Guarantee.
Sovam International Radha Krishna God Showpiece  -  6 cm,"[""Home Decor & Festive Needs >> Showpieces >> Ethnic >> Sovam International Ethnic""]",Sovam International,1899,"Sovam International Radha Krishna God Showpiece  -  6 cm (Brass, White)
                         Price: Rs. 1,899
				
			The Image is of Original item but does not represent the actual size & colour of the item as it is cropped for display. What you see herein the Picture, is what you will Get
The Image is of Original item but does not represent the actual size & colour of the item as it is cropped for display. What you see herein the Picture, is what you will Get"
Ruchiworld Rajasthani Elephant Door Hanging -213 Showpiece  -  5 cm,"[""Home Decor & Festive Needs >> Showpieces >> Ethnic >> Ruchiworld Ethnic""]",Ruchiworld,450,"Ruchiworld Rajasthani Elephant Door Hanging -213 Showpiece  -  5 cm (Paper Mache, Multicolor)
                         Price: Rs. 450
				
			This Handcrafted Rajasthani Wall Hanging Is Exquisitely Designed With Elephants Separated By White Beads. The Elephants Are Made Of Paper Mache Material. A Metal Bell Hangs At The Bottom. It Is An Ideal Decorative Item For Your Drawing Room.
This Handcrafted Rajasthani Wall Hanging Is Exquisitely Designed With Elephants Separated By White Beads. The Elephants Are Made Of Paper Mache Material. A Metal Bell Hangs At The Bottom. It Is An Ideal Decorative Item For Your Drawing Room."
Marwal White Metal Swan Holder Showpiece  -  15.24 cm,"[""Home Decor & Festive Needs >> Showpieces >> Ethnic >> Marwal Ethnic""]",Marwal,799,"Marwal White Metal Swan Holder Showpiece  -  15.24 cm (Aluminium, Silver)
                         Price: Rs. 799
				
			Embellish Your Dining Table Setting By Bringing In These White Metal Spoon Holder From Marwal. It Is A Complete Finished Product And Comes With A Classy Stand That Holds All The Spoons Perfectly. Bring Home This Beautiful Product To Adorn Your Table. They Are Easy To Use And Clean As Well! These Has Been Diligently Handcrafted By Skilled Artisans Of Marwal Using Various Traditional Techniques.
Embellish Your Dining Table Setting By Bringing In These White Metal Spoon Holder From Marwal. It Is A Complete Finished Product And Comes With A Classy Stand That Holds All The Spoons Perfectly. Bring Home This Beautiful Product To Adorn Your Table. They Are Easy To Use And Clean As Well! These Has Been Diligently Handcrafted By Skilled Artisans Of Marwal Using Various Traditional Techniques."
Ruchiworld Vighneshvara Ganpati Showpiece  -  5 cm,"[""Home Decor & Festive Needs >> Showpieces >> Ethnic >> Ruchiworld Ethnic""]",Ruchiworld,1380,"Ruchiworld Vighneshvara Ganpati Showpiece  -  5 cm (Stoneware, Multicolor)
                         Price: Rs. 1,380
				
			Ganesha statue sitting on throne. Ganesha known as ganapati, vinayaka and pillaiyar is one of the best known and most widely worshipped deities in the hindu pantheon. Ganesha is widely revered as the remover of obstacles.
Ganesha statue sitting on throne. Ganesha known as ganapati, vinayaka and pillaiyar is one of the best known and most widely worshipped deities in the hindu pantheon. Ganesha is widely revered as the remover of obstacles."
Sovam International Marble Elephant Pair Showpiece  -  5 cm,"[""Home Decor & Festive Needs >> Showpieces >> Ethnic >> Sovam International Ethnic""]",Sovam International,699,Buy Sovam International Marble Elephant Pair Showpiece  -  5 cm for Rs.699 online. Sovam International Marble Elephant Pair Showpiece  -  5 cm at best prices with FREE shipping & cash on delivery. Only Genuine Products. 30 Day Replacement Guarantee.
Seema'S Craft Creation Wall/Floor Rangoli (Pink Keri & Morpankh) Showpiece  -  45 cm,"[""Home Decor & Festive Needs >> Showpieces >> Ethnic >> Seema'S Craft Creation Ethnic""]",Seema'S Craft Creation,1349,Buy Seema'S Craft Creation Wall/Floor Rangoli (Pink Keri & Morpankh) Showpiece  -  45 cm for Rs.1349 online. Seema'S Craft Creation Wall/Floor Rangoli (Pink Keri & Morpankh) Showpiece  -  45 cm at best prices with FREE shipping & cash on delivery. Only Genuine Products. 30 Day Replacement Guarantee.
Ona'S Rajasthani Puppet Showpiece  -  30 cm,"[""Home Decor & Festive Needs >> Showpieces >> Ona'S Showpieces""]",Ona'S,749,"Ona'S Rajasthani Puppet Showpiece  -  30 cm (Wooden, Silver)
                         Price: Rs. 749
				
			Traditional,Handmade Katputali Of Rajasthan,Movable Body Parts And Head
Traditional,Handmade Katputali Of Rajasthan,Movable Body Parts And Head"
The Ethnic Story Royal Durban Showpiece  -  30.48 cm,"[""Home Decor & Festive Needs >> Showpieces >> Ethnic >> The Ethnic Story Ethnic""]",The Ethnic Story,1850,Buy The Ethnic Story Royal Durban Showpiece  -  30.48 cm for Rs.1850 online. The Ethnic Story Royal Durban Showpiece  -  30.48 cm at best prices with FREE shipping & cash on delivery. Only Genuine Products. 30 Day Replacement Guarantee.
Surface 180 Wooden Elephant Shape Stool With Metal Fitting Showpiece  -  34.02 cm,"[""Home Decor & Festive Needs >> Showpieces >> Ethnic >> Surface 180 Ethnic""]",Surface 180,5236,Buy Surface 180 Wooden Elephant Shape Stool With Metal Fitting Showpiece  -  34.02 cm for Rs.5236 online. Surface 180 Wooden Elephant Shape Stool With Metal Fitting Showpiece  -  34.02 cm at best prices with FREE shipping & cash on delivery. Only Genuine Products. 30 Day Replacement Guarantee.
Pindia Showpiece  -  17.7 cm,"[""Home Decor & Festive Needs >> Showpieces >> Pindia Showpieces""]",Pindia,983,Buy Pindia Showpiece  -  17.7 cm for Rs.983 online. Pindia Showpiece  -  17.7 cm at best prices with FREE shipping & cash on delivery. Only Genuine Products. 30 Day Replacement Guarantee.
MA Design Hut Showpiece  -  8 cm,"[""Home Decor & Festive Needs >> Showpieces >> MA Design Hut Showpieces""]",MA Design Hut,449,Buy MA Design Hut Showpiece  -  8 cm for Rs.449 online. MA Design Hut Showpiece  -  8 cm at best prices with FREE shipping & cash on delivery. Only Genuine Products. 30 Day Replacement Guarantee.
Unique Design Mobile Stand Showpiece  -  15 cm,"[""Home Decor & Festive Needs >> Showpieces >> Unique Design Showpieces""]",Unique Design,350,"Unique Design Mobile Stand Showpiece  -  15 cm (Wooden, Yellow)
                         Price: Rs. 350
				
			This Handcrafted Mobile Stand Is Made Of Wood And Decorated With Rajasthani Painting. It Is An Ideal Gift For Your Friends And Relatives. This Product Is Offered At Highly Economical Rates
This Handcrafted Mobile Stand Is Made Of Wood And Decorated With Rajasthani Painting. It Is An Ideal Gift For Your Friends And Relatives. This Product Is Offered At Highly Economical Rates"
Lal Haveli Iron Wall Decorative Musician Showpiece  -  50.8 cm,"[""Home Decor & Festive Needs >> Showpieces >> Ethnic >> Lal Haveli Ethnic""]",Lal Haveli,6949,Buy Lal Haveli Iron Wall Decorative Musician Showpiece  -  50.8 cm for Rs.6949 online. Lal Haveli Iron Wall Decorative Musician Showpiece  -  50.8 cm at best prices with FREE shipping & cash on delivery. Only Genuine Products. 30 Day Replacement Guarantee.
Ratash.Com SW_3133_3 Showpiece  -  18 cm,"[""Home Decor & Festive Needs >> Showpieces >> Ethnic >> Ratash.Com Ethnic""]",Ratash.Com,399,"Ratash.Com SW_3133_3 Showpiece  -  18 cm (Wooden, Brown)
                         Price: Rs. 399
				
			Royal note:
Its unique design will add a charisma to your home. It is high in quality and will harmonize your home interiors. It signifies the traditional and ethnic skill of India. Bring an element of royalty to your home.

Details:
This specially designed Bullock cart structure of sheesham wood for embellishment of your home. Handcrafted piece of art complements your home interiors. Your home, your office or your business venture will reverberate with the rich, ethnicity of India’s heritage. Take your pick from our richest assortment of handicrafts and give your home a unique individuality.

Note: 
There could be a variation in design, weight, dimensions and color that shown in the image as all products are handmade. However, there would not be any compromise in QUALITY. See terms & condition.
Royal note:
Its unique design will add a charisma to your home. It is high in quality and will harmonize your home interiors. It signifies the traditional and ethnic skill of India. Bring an element of royalty to your home.

Details:
This specially designed Bullock cart structure of sheesham wood for embellishment of your home. Handcrafted piece of art complements your home interiors. Your home, your office or your business venture will reverberate with the rich, ethnicity of India’s heritage. Take your pick from our richest assortment of handicrafts and give your home a unique individuality.

Note: 
There could be a variation in design, weight, dimensions and color that shown in the image as all products are handmade. However, there would not be any compromise in QUALITY. See terms & condition."
Ruchiworld Marble Pot Showpiece  -  4 cm,"[""Home Decor & Festive Needs >> Showpieces >> Ethnic >> Ruchiworld Ethnic""]",Ruchiworld,1250,"Ruchiworld Marble Pot Showpiece  -  4 cm (Stoneware, Multicolor)
                         Price: Rs. 1,250
				
			It Is An Exclusive Show Piece For Your Drawing Room. A Surity Of Getting Admiration By Your Guests. Shop This Artistic Item At The Best Price.
It Is An Exclusive Show Piece For Your Drawing Room. A Surity Of Getting Admiration By Your Guests. Shop This Artistic Item At The Best Price."
Total Furnishing Jaipuri Handmade Painted Tray Showpiece  -  6 cm,"[""Home Decor & Festive Needs >> Showpieces >> Ethnic >> Total Furnishing Ethnic""]",Total Furnishing,280,Buy Total Furnishing Jaipuri Handmade Painted Tray Showpiece  -  6 cm for Rs.280 online. Total Furnishing Jaipuri Handmade Painted Tray Showpiece  -  6 cm at best prices with FREE shipping & cash on delivery. Only Genuine Products. 30 Day Replacement Guarantee.
Kraftnation Terracotta Blue Red Golden Pot Showpiece  -  23.75 cm,"[""Home Decor & Festive Needs >> Showpieces >> Ethnic >> Kraftnation Ethnic""]",Kraftnation,600,Buy Kraftnation Terracotta Blue Red Golden Pot Showpiece  -  23.75 cm for Rs.600 online. Kraftnation Terracotta Blue Red Golden Pot Showpiece  -  23.75 cm at best prices with FREE shipping & cash on delivery. Only Genuine Products. 30 Day Replacement Guarantee.
Seema's Craft Creation Shubh - Laabh: Ganesha Showpiece  -  15 cm,"[""Home Decor & Festive Needs >> Showpieces >> Ethnic >> Seema's Craft Creation Ethnic""]",Seema's Craft Creation,599,"Seema's Craft Creation Shubh - Laabh: Ganesha Showpiece  -  15 cm (Wooden, Brown)
                         Price: Rs. 599
				
			Seema's Craft Creation Shubh - Laabh: Ganesha is Handcrafted and decorated with embossing, clay and kundan work on it. It is best suited for festivals, pooja and gifting as well.
Seema's Craft Creation Shubh - Laabh: Ganesha is Handcrafted and decorated with embossing, clay and kundan work on it. It is best suited for festivals, pooja and gifting as well."
Tatvaarts Lady Bust Showpiece  -  29.21 cm,"[""Home Decor & Festive Needs >> Showpieces >> Ethnic >> Tatvaarts Ethnic""]",Tatvaarts,11400,"Tatvaarts Lady Bust Showpiece  -  29.21 cm (Brass, Gold)
                         Price: Rs. 11,400
				
			This is a beautiful, unique & gorgeous hand work on solid metal brass figure of lady bust. perfect place and heighten the beauty of your house or work place with this Handmade lady Bust Sculpture.
This is a beautiful, unique & gorgeous hand work on solid metal brass figure of lady bust. perfect place and heighten the beauty of your house or work place with this Handmade lady Bust Sculpture."
Ona'S Rajasthani Puppet Showpiece  -  80 cm,"[""Home Decor & Festive Needs >> Showpieces >> Ona'S Showpieces""]",Ona'S,799,Buy Ona'S Rajasthani Puppet Showpiece  -  80 cm for Rs.799 online. Ona'S Rajasthani Puppet Showpiece  -  80 cm at best prices with FREE shipping & cash on delivery. Only Genuine Products. 30 Day Replacement Guarantee.
Importwala Indoor Water Fountain,"[""Home Decor & Festive Needs >> Table Decor & Handicrafts >> Water Fountains >> Importwala Water Fountains""]",Importwala,2825,Buy Importwala Indoor Water Fountain for Rs.2825 online. Importwala Indoor Water Fountain at best prices with FREE shipping & cash on delivery. Only Genuine Products. 30 Day Replacement Guarantee.
ruchiworld rucoo27 Showpiece  -  5 cm,"[""Home Decor & Festive Needs >> Showpieces >> Ethnic >> ruchiworld Ethnic""]",ruchiworld,650,Buy ruchiworld rucoo27 Showpiece  -  5 cm for Rs.650 online. ruchiworld rucoo27 Showpiece  -  5 cm at best prices with FREE shipping & cash on delivery. Only Genuine Products. 30 Day Replacement Guarantee.
NEHP NEH003 Showpiece  -  7.62 cm,"[""Home Decor & Festive Needs >> Showpieces >> NEHP Showpieces""]",NEHP,299,Buy NEHP NEH003 Showpiece  -  7.62 cm for Rs.299 online. NEHP NEH003 Showpiece  -  7.62 cm at best prices with FREE shipping & cash on delivery. Only Genuine Products. 30 Day Replacement Guarantee.
SignKraft Showpiece  -  30 cm,"[""Home Decor & Festive Needs >> Showpieces >> Ethnic >> SignKraft Ethnic""]",SignKraft,599,Buy SignKraft Showpiece  -  30 cm for Rs.599 online. SignKraft Showpiece  -  30 cm at best prices with FREE shipping & cash on delivery. Only Genuine Products. 30 Day Replacement Guarantee.
Rajrang Wooden BSW018 Showpiece  -  28 cm,"[""Home Decor & Festive Needs >> Showpieces >> Ethnic >> Rajrang Ethnic""]",Rajrang,1574,Buy Rajrang Wooden BSW018 Showpiece  -  28 cm for Rs.1574 online. Rajrang Wooden BSW018 Showpiece  -  28 cm at best prices with FREE shipping & cash on delivery. Only Genuine Products. 30 Day Replacement Guarantee.
Shoppingtara Amabari Marble Plate Showpiece  -  7 cm,"[""Home Decor & Festive Needs >> Showpieces >> Shoppingtara Showpieces""]",Shoppingtara,949,"Shoppingtara Amabari Marble Plate Showpiece  -  7 cm (Stoneware, Multicolor)
                         Price: Rs. 949
				
			Amabari Marble Plate
Amabari Marble Plate"
Villcart Brass Bail Gadi Showpiece  -  5.5 cm,"[""Home Decor & Festive Needs >> Showpieces >> Villcart Showpieces""]",Villcart,680,Buy Villcart Brass Bail Gadi Showpiece  -  5.5 cm for Rs.680 online. Villcart Brass Bail Gadi Showpiece  -  5.5 cm at best prices with FREE shipping & cash on delivery. Only Genuine Products. 30 Day Replacement Guarantee.
Swethamber Arts brass musical lady set of 4 statue Showpiece  -  7 cm,"[""Home Decor & Festive Needs >> Showpieces >> Ethnic >> Swethamber Arts Ethnic""]",Swethamber Arts,3300,Buy Swethamber Arts brass musical lady set of 4 statue Showpiece  -  7 cm for Rs.3300 online. Swethamber Arts brass musical lady set of 4 statue Showpiece  -  7 cm at best prices with FREE shipping & cash on delivery. Only Genuine Products. 30 Day Replacement Guarantee.
Malhar Niko Male Doll Showpiece  -  25 cm,"[""Home Decor & Festive Needs >> Showpieces >> Malhar Showpieces""]",Malhar,5436,Buy Malhar Niko Male Doll Showpiece  -  25 cm for Rs.5436 online. Malhar Niko Male Doll Showpiece  -  25 cm at best prices with FREE shipping & cash on delivery. Only Genuine Products. 30 Day Replacement Guarantee.
TRUE Bong,"[""Home Decor & Festive Needs >> TRUE Home Decor & Festive Needs""]",TRUE,549,Buy TRUE Bong for Rs.549 online. TRUE Bong at best prices with FREE shipping & cash on delivery. Only Genuine Products. 30 Day Replacement Guarantee.
TRUE Bong,"[""Home Decor & Festive Needs >> TRUE Home Decor & Festive Needs""]",TRUE,549,Buy TRUE Bong for Rs.549 online. TRUE Bong at best prices with FREE shipping & cash on delivery. Only Genuine Products. 30 Day Replacement Guarantee.
MCB Exports Decorative Wooden Pot Showpiece  -  34 cm,"[""Home Decor & Festive Needs >> Showpieces >> Ethnic >> MCB Exports Ethnic""]",MCB Exports,2699,"MCB Exports Decorative Wooden Pot Showpiece  -  34 cm (Wooden, Multicolor)
                         Price: Rs. 2,699
				
			Wooden Multicolor Decorative Pot, Dimension: 19x19x34 cms
Wooden Multicolor Decorative Pot, Dimension: 19x19x34 cms"
S C Handicrafts Showpiece  -  18 cm,"[""Home Decor & Festive Needs >> Showpieces >> S C Handicrafts Showpieces""]",S C Handicrafts,595,Buy S C Handicrafts Showpiece  -  18 cm for Rs.595 online. S C Handicrafts Showpiece  -  18 cm at best prices with FREE shipping & cash on delivery. Only Genuine Products. 30 Day Replacement Guarantee.
Lal Haveli Rajasthani Beautiful Wall Hanging Letter Box With Key Hanger Showpiece  -  47 cm,"[""Home Decor & Festive Needs >> Showpieces >> Ethnic >> Lal Haveli Ethnic""]",Lal Haveli,750,"Lal Haveli Rajasthani Beautiful Wall Hanging Letter Box With Key Hanger Showpiece  -  47 cm (Wooden, Multicolor)
                         Price: Rs. 750
				
			This Handcrafted two magazine Holder along with hooks for holding key chains is made of wood.Its colours and royal design makes it a piece crafted stylishly for you. You can hang in on the backside the door or on the wall for that added style to your decor. Also, you can place it on the study table or near the telephone so that it is convenient for you to get quick hold of important papers and cards. It can also be the best gift for your loved one.
This Handcrafted two magazine Holder along with hooks for holding key chains is made of wood.Its colours and royal design makes it a piece crafted stylishly for you. You can hang in on the backside the door or on the wall for that added style to your decor. Also, you can place it on the study table or near the telephone so that it is convenient for you to get quick hold of important papers and cards. It can also be the best gift for your loved one."
The Crystal Jewel Chakra Cabochons with hand carved Chakra symbols Showpiece  -  3 cm,"[""Home Decor & Festive Needs >> Showpieces >> The Crystal Jewel Showpieces""]",The Crystal Jewel,650,Buy The Crystal Jewel Chakra Cabochons with hand carved Chakra symbols Showpiece  -  3 cm for Rs.650 online. The Crystal Jewel Chakra Cabochons with hand carved Chakra symbols Showpiece  -  3 cm at best prices with FREE shipping & cash on delivery. Only Genuine Products. 30 Day Replacement Guarantee.
Murtiwala Showpiece  -  45 cm,"[""Home Decor & Festive Needs >> Showpieces >> Murtiwala Showpieces""]",Murtiwala,9500,Buy Murtiwala Showpiece  -  45 cm for Rs.9500 online. Murtiwala Showpiece  -  45 cm at best prices with FREE shipping & cash on delivery. Only Genuine Products. 30 Day Replacement Guarantee.
Ruchiworld Metal Lord Ladoo Gopal Krishna Puja Idol Showpiece  -  5 cm,"[""Home Decor & Festive Needs >> Showpieces >> Ethnic >> Ruchiworld Ethnic""]",Ruchiworld,1299,"Ruchiworld Metal Lord Ladoo Gopal Krishna Puja Idol Showpiece  -  5 cm (Aluminium, Silver)
                         Price: Rs. 1,299
				
			Aluminium
Height - 5 cm
Width - 16 cm
Aluminium
Height - 5 cm
Width - 16 cm"
The Crafts House Showpiece  -  6.5 cm,"[""Home Decor & Festive Needs >> Showpieces >> The Crafts House Showpieces""]",The Crafts House,1499,Buy The Crafts House Showpiece  -  6.5 cm for Rs.1499 online. The Crafts House Showpiece  -  6.5 cm at best prices with FREE shipping & cash on delivery. Only Genuine Products. 30 Day Replacement Guarantee.
Unravel India Showpiece  -  16 cm,"[""Home Decor & Festive Needs >> Showpieces >> Unravel India Showpieces""]",Unravel India,1749,Buy Unravel India Showpiece  -  16 cm for Rs.1749 online. Unravel India Showpiece  -  16 cm at best prices with FREE shipping & cash on delivery. Only Genuine Products. 30 Day Replacement Guarantee.
Ruchikainternational ruc0015 Showpiece  -  4 cm,"[""Home Decor & Festive Needs >> Showpieces >> Ethnic >> Ruchikainternational Ethnic""]",Ruchikainternational,499,Buy Ruchikainternational ruc0015 Showpiece  -  4 cm for Rs.499 online. Ruchikainternational ruc0015 Showpiece  -  4 cm at best prices with FREE shipping & cash on delivery. Only Genuine Products. 30 Day Replacement Guarantee.
Lal Haveli Theshopy Indian Iron Wood Hand Made Musision 5Pcs Set Showpiece  -  50.8 cm,"[""Home Decor & Festive Needs >> Showpieces >> Ethnic >> Lal Haveli Ethnic""]",Lal Haveli,f,Buy Lal Haveli Theshopy Indian Iron Wood Hand Made Musision 5Pcs Set Showpiece  -  50.8 cm for Rs.5549 online. Lal Haveli Theshopy Indian Iron Wood Hand Made Musision 5Pcs Set Showpiece  -  50.8 cm at best prices with FREE shipping & cash on delivery. Only Genuine Products. 30 Day Replacement Guarantee.
Marwal White Metal Swan Holder Showpiece  -  15.24 cm,"[""Home Decor & Festive Needs >> Showpieces >> Ethnic >> Marwal Ethnic""]",Marwal,799,"Marwal White Metal Swan Holder Showpiece  -  15.24 cm (Alloy, Silver)
                         Price: Rs. 799
				
			Embellish Your Dining Table Setting By Bringing In These White Metal Spoon Holder From Marwal. It Is A Complete Finished Product And Comes With A Classy Stand That Holds All The Spoons Perfectly. Bring Home This Beautiful Product To Adorn Your Table. They Are Easy To Use And Clean As Well! These Has Been Diligently Handcrafted By Skilled Artisans Of Marwal Using Various Traditional Techniques.
Embellish Your Dining Table Setting By Bringing In These White Metal Spoon Holder From Marwal. It Is A Complete Finished Product And Comes With A Classy Stand That Holds All The Spoons Perfectly. Bring Home This Beautiful Product To Adorn Your Table. They Are Easy To Use And Clean As Well! These Has Been Diligently Handcrafted By Skilled Artisans Of Marwal Using Various Traditional Techniques."
Unique Design Canon 10 Inch Showpiece  -  12 cm,"[""Home Decor & Festive Needs >> Showpieces >> Ethnic >> Unique Design Ethnic""]",Unique Design,699,"Unique Design Canon 10 Inch Showpiece  -  12 cm (Brass, Black, White)
                         Price: Rs. 699
				
			Handicrfated Canon
Handicrfated Canon"
Monil Cow With Calf Showpiece  -  10.2 cm,"[""Home Decor & Festive Needs >> Showpieces >> Ethnic >> Monil Ethnic""]",Monil,520,Buy Monil Cow With Calf Showpiece  -  10.2 cm for Rs.520 online. Monil Cow With Calf Showpiece  -  10.2 cm at best prices with FREE shipping & cash on delivery. Only Genuine Products. 30 Day Replacement Guarantee.
Shoppingtara Marble Elephant Pair Showpiece  -  5 cm,"[""Home Decor & Festive Needs >> Showpieces >> Shoppingtara Showpieces""]",Shoppingtara,589,Buy Shoppingtara Marble Elephant Pair Showpiece  -  5 cm for Rs.589 online. Shoppingtara Marble Elephant Pair Showpiece  -  5 cm at best prices with FREE shipping & cash on delivery. Only Genuine Products. 30 Day Replacement Guarantee.
Woodino Handicrafts Showpiece  -  6.5 cm,"[""Home Decor & Festive Needs >> Showpieces >> Woodino Handicrafts Showpieces""]",Woodino Handicrafts,399,Buy Woodino Handicrafts Showpiece  -  6.5 cm for Rs.399 online. Woodino Handicrafts Showpiece  -  6.5 cm at best prices with FREE shipping & cash on delivery. Only Genuine Products. 30 Day Replacement Guarantee.
R S Jewels Handmade Decoretive Designs Iron Pot Vase Showpiece  -  76 cm,"[""Home Decor & Festive Needs >> Showpieces >> R S Jewels Showpieces""]",R S Jewels,780,Buy R S Jewels Handmade Decoretive Designs Iron Pot Vase Showpiece  -  76 cm for Rs.780 online. R S Jewels Handmade Decoretive Designs Iron Pot Vase Showpiece  -  76 cm at best prices with FREE shipping & cash on delivery. Only Genuine Products. 30 Day Replacement Guarantee.
Unique Handicrafts Inlaid Marble Box Showpiece  -  4.5 cm,"[""Home Decor & Festive Needs >> Showpieces >> Unique Handicrafts Showpieces""]",Unique Handicrafts,1200,"Unique Handicrafts Inlaid Marble Box Showpiece  -  4.5 cm (Stoneware, Blue)
                         Price: Rs. 1,200
				
			White Marble Box Inlaid With Semi Precious Stones
White Marble Box Inlaid With Semi Precious Stones"
Shoppingtara Kundan Meenakari Marble Mobile Stand With Clock Showpiece  -  8 cm,"[""Home Decor & Festive Needs >> Showpieces >> Shoppingtara Showpieces""]",Shoppingtara,449,"Shoppingtara Kundan Meenakari Marble Mobile Stand With Clock Showpiece  -  8 cm (Stoneware, Multicolor)
                         Price: Rs. 449
				
			The Item Being Handmade; The Fine Design, Pattern And Color Tone Of The Product May Vary Slightly From That Shown In The Image.
The Item Being Handmade; The Fine Design, Pattern And Color Tone Of The Product May Vary Slightly From That Shown In The Image."
Ratash.Com LA_0129_2 Showpiece  -  8 cm,"[""Home Decor & Festive Needs >> Showpieces >> Ethnic >> Ratash.Com Ethnic""]",Ratash.Com,498,"Ratash.Com LA_0129_2 Showpiece  -  8 cm (Brass, Gold)
                         Price: Rs. 498
				
			Royal note:
Its Skillful intricate cut metal carving design will add an allure to your home/office. It is high in quality and will complement your home interior. It signifies the traditional and ethnic skill of India. Bring an element of royalty to your collection.
Details:
This specially designed cut metal fine carving work Gold plated leaf with Taj Mahal shape carving for embellishment of your home. Handcrafted piece of art complements your home decorative compilation. Your home, your office or your business venture will reverberate with the rich ethnicity of India’s heritage. Take your pick from our richest assortment of handicrafts and give your home a unique individuality.
Note:
There could be a slight variation in design, weight, dimensions and color that shown in the image as all products are handmade. However, there would not be any compromise in QUALITY. See Terms & condition
Royal note:
Its Skillful intricate cut metal carving design will add an allure to your home/office. It is high in quality and will complement your home interior. It signifies the traditional and ethnic skill of India. Bring an element of royalty to your collection.
Details:
This specially designed cut metal fine carving work Gold plated leaf with Taj Mahal shape carving for embellishment of your home. Handcrafted piece of art complements your home decorative compilation. Your home, your office or your business venture will reverberate with the rich ethnicity of India’s heritage. Take your pick from our richest assortment of handicrafts and give your home a unique individuality.
Note:
There could be a slight variation in design, weight, dimensions and color that shown in the image as all products are handmade. However, there would not be any compromise in QUALITY. See Terms & condition"
Lal Haveli Rajasthani Handmade Vintage Wooden Camel Design Jharoka Photo Frame Showpiece  -  43.18 cm,"[""Home Decor & Festive Needs >> Showpieces >> Ethnic >> Lal Haveli Ethnic""]",Lal Haveli,1499,"Lal Haveli Rajasthani Handmade Vintage Wooden Camel Design Jharoka Photo Frame Showpiece  -  43.18 cm (Wooden, Copper)
                         Price: Rs. 1,499
				
			This traditional Rajasthani designer jharokha has been carved out of wood and symbolizes the exquisite skill of the craftsman. The beautiful gold patterns that adorn the artwork give it an intense royal look and make it a perfect gift item for any occasion or even for enhancing your home decor.
This traditional Rajasthani designer jharokha has been carved out of wood and symbolizes the exquisite skill of the craftsman. The beautiful gold patterns that adorn the artwork give it an intense royal look and make it a perfect gift item for any occasion or even for enhancing your home decor."
Miracle Furnishings Gemstone Wooden Box Showpiece  -  3.5 cm,"[""Home Decor & Festive Needs >> Showpieces >> Ethnic >> Miracle Furnishings Ethnic""]",Miracle Furnishings,299,Buy Miracle Furnishings Gemstone Wooden Box Showpiece  -  3.5 cm for Rs.299 online. Miracle Furnishings Gemstone Wooden Box Showpiece  -  3.5 cm at best prices with FREE shipping & cash on delivery. Only Genuine Products. 30 Day Replacement Guarantee.
Lal Haveli Traditional Handmade Decorative Wood Jharoka Showpiece  -  25.4 cm,"[""Home Decor & Festive Needs >> Showpieces >> Ethnic >> Lal Haveli Ethnic""]",Lal Haveli,420,"Lal Haveli Traditional Handmade Decorative Wood Jharoka Showpiece  -  25.4 cm (Wooden, Brown)
                         Price: Rs. 420
				
			These Jharokha were beautifully carved in wood and decorated with much elan. With time, the palaces, courtyard, purdah all got obsolete. But what remained is the tradition/people/gharanas who from generations have being into carving these jharokha. These guys found a way of getting this piece of art into your living rooms. These artisans now make small jharokha which can be used on your walls as wall-decor. These Jharokha still look very royal and stylish.
These Jharokha were beautifully carved in wood and decorated with much elan. With time, the palaces, courtyard, purdah all got obsolete. But what remained is the tradition/people/gharanas who from generations have being into carving these jharokha. These guys found a way of getting this piece of art into your living rooms. These artisans now make small jharokha which can be used on your walls as wall-decor. These Jharokha still look very royal and stylish."
Unravel India Showpiece  -  15 cm,"[""Home Decor & Festive Needs >> Showpieces >> Unravel India Showpieces""]",Unravel India,575,Buy Unravel India Showpiece  -  15 cm for Rs.575 online. Unravel India Showpiece  -  15 cm at best prices with FREE shipping & cash on delivery. Only Genuine Products. 30 Day Replacement Guarantee.
Rajo Raja Mahavastu Buddha Artpiece Showpiece  -  20.5 cm,"[""Home Decor & Festive Needs >> Showpieces >> Ethnic >> Rajo Raja Ethnic""]",Rajo Raja,1799,Buy Rajo Raja Mahavastu Buddha Artpiece Showpiece  -  20.5 cm for Rs.1799 online. Rajo Raja Mahavastu Buddha Artpiece Showpiece  -  20.5 cm at best prices with FREE shipping & cash on delivery. Only Genuine Products. 30 Day Replacement Guarantee.
Mavi 237MBB Showpiece  -  15 cm,"[""Home Decor & Festive Needs >> Showpieces >> Mavi Showpieces""]",Mavi,1290,Buy Mavi 237MBB Showpiece  -  15 cm for Rs.1290 online. Mavi 237MBB Showpiece  -  15 cm at best prices with FREE shipping & cash on delivery. Only Genuine Products. 30 Day Replacement Guarantee.
S C Handicrafts Showpiece  -  40 cm,"[""Home Decor & Festive Needs >> Showpieces >> S C Handicrafts Showpieces""]",S C Handicrafts,8900,Buy S C Handicrafts Showpiece  -  40 cm for Rs.8900 online. S C Handicrafts Showpiece  -  40 cm at best prices with FREE shipping & cash on delivery. Only Genuine Products. 30 Day Replacement Guarantee.
Ruchikainternational ruc0013 Showpiece  -  13 cm,"[""Home Decor & Festive Needs >> Showpieces >> Ethnic >> Ruchikainternational Ethnic""]",Ruchikainternational,549,Buy Ruchikainternational ruc0013 Showpiece  -  13 cm for Rs.549 online. Ruchikainternational ruc0013 Showpiece  -  13 cm at best prices with FREE shipping & cash on delivery. Only Genuine Products. 30 Day Replacement Guarantee.
MA Design Hut Showpiece  -  8 cm,"[""Home Decor & Festive Needs >> Showpieces >> MA Design Hut Showpieces""]",MA Design Hut,449,"MA Design Hut Showpiece  -  8 cm (Brass, Yellow)
                         Price: Rs. 449
				
			Decorative Brass Cannon
Decorative Brass Cannon"
Lal Haveli Decorative manjira Musician Showpiece  -  8.89 cm,"[""Home Decor & Festive Needs >> Showpieces >> Ethnic >> Lal Haveli Ethnic""]",Lal Haveli,1085,"Lal Haveli Decorative manjira Musician Showpiece  -  8.89 cm (Steel, Wooden, Green)
                         Price: Rs. 1,085
				
			The fine handmade meenakari work designs and Pretty color of this showpiece add a touch of Traditional and elegance to your home decor. It Beautiful Indian Rajasthani handmade Man Musician showpiece is made of light wood and steel material. We promise to deliver best quality products at best prices.
The fine handmade meenakari work designs and Pretty color of this showpiece add a touch of Traditional and elegance to your home decor. It Beautiful Indian Rajasthani handmade Man Musician showpiece is made of light wood and steel material. We promise to deliver best quality products at best prices."
Tucasa LG-295 Table Lamp,"[""Home Decor & Festive Needs >> Decorative Lighting & Lamps >> Table Lamps >> Tucasa Table Lamps >> Tucasa LG-295 Table Lamp (15 cm, Multicolor)""]",Tucasa,1161,"Key Features of Tucasa LG-295 Table Lamp Multicolor 1 X 40 W Bulb,Specifications of Tucasa LG-295 Table Lamp (15 cm, Multicolor) In The Box Number of Contents in Sales Package Pack of 1 Sales Package Table Lamp General Model Number LG-449 Bulb Type 1 X 40 W With Shade No Type Desk Model Name LG-295 Lamp Body Material Metal, Fabric Color Multicolor Battery Features Battery Operated No Dimensions Weight 450 g Height 15 cm Width 10 cm Power Features Power Requirement 404 - 240 V, 50/60 Hz Power Source AC Adapter"
Brahmz Glass Mossiac Table Lamp,"[""Home Decor & Festive Needs >> Decorative Lighting & Lamps >> Table Lamps >> Brahmz Table Lamps >> Brahmz Glass Mossiac Table Lamp (18 cm, Multi Co...""]",Brahmz,999,"Key Features of Brahmz Glass Mossiac Table Lamp Multi Color 40W Bulb,Brahmz Glass Mossiac Table Lamp (18 cm, Multi Color) Price: Rs. 999 A refreshing change from the sleek and contemporary lamps, this table lamp from Brahmz breaks away from the conventions with its unique appeal and beautiful colours.Made of Glass. Made of glass, this table lamp is durable and sturdy, and enhances your home décor.Mosaic Pattern.A blend of traditional and modern, this table lamp has a colourful and vibrant mosaic pattern that gives your home a magical and charming ambience.Handmade Design. This table lamp is beautifully handcrafted with skill and creativity that make it an elegant addition to your home décor.,Specifications of Brahmz Glass Mossiac Table Lamp (18 cm, Multi Color) In The Box Number of Contents in Sales Package Pack of 1 Sales Package 1 Table Lamp General Lamp Base Material Glass, Mossiac Model Number G-137 Bulb Type 40W Type Standard Assembly Required No Model Name Glass Mossiac Lamp Body Material Glass, Mossiac Color Multi Color Dimensions Cord Length 39 inch Weight 700 g Height 18 cm Width 13 cm Power Features Power Source AC"
Brahmz Glass Mossiac Table Lamp,"[""Home Decor & Festive Needs >> Decorative Lighting & Lamps >> Table Lamps >> Brahmz Table Lamps >> Brahmz Glass Mossiac Table Lamp (14 cm, Multi Co...""]",Brahmz,699,"Key Features of Brahmz Glass Mossiac Table Lamp Multi Color 15W Bulb,Brahmz Glass Mossiac Table Lamp (14 cm, Multi Color) Price: Rs. 699 A refreshing change from the sleek and contemporary lamps, this table lamp from Brahmz breaks away from the conventions with its unique appeal and beautiful colours.Made of Glass. Made of glass, this table lamp is durable and sturdy, and enhances your home décor.Mosaic Pattern.A blend of traditional and modern, this table lamp has a colourful and vibrant mosaic pattern that gives your home a magical and charming ambience.Handmade Design. This table lamp is beautifully handcrafted with skill and creativity that make it an elegant addition to your home décor.,Specifications of Brahmz Glass Mossiac Table Lamp (14 cm, Multi Color) In The Box Number of Contents in Sales Package Pack of 1 Sales Package 1 Table Lamp General Lamp Base Material Glass, Mossiac Model Number G-119 Bulb Type 15W Type Standard Assembly Required No Model Name Glass Mossiac Lamp Body Material Glass, Mossiac Color Multi Color Dimensions Cord Length 39 inch Weight 500 g Height 14 cm Width 12 cm Power Features Power Source AC"
Brahmz Glass Mossiac Table Lamp,"[""Home Decor & Festive Needs >> Decorative Lighting & Lamps >> Table Lamps >> Brahmz Table Lamps >> Brahmz Glass Mossiac Table Lamp (14 cm, Multi Co...""]",Brahmz,667,"Key Features of Brahmz Glass Mossiac Table Lamp Multi Color 15W Bulb,Brahmz Glass Mossiac Table Lamp (14 cm, Multi Color) Price: Rs. 667 A refreshing change from the sleek and contemporary lamps, this table lamp from Brahmz breaks away from the conventions with its unique appeal and beautiful colours.Made of Glass. Made of glass, this table lamp is durable and sturdy, and enhances your home décor.Mosaic Pattern.A blend of traditional and modern, this table lamp has a colourful and vibrant mosaic pattern that gives your home a magical and charming ambience.Handmade Design. This table lamp is beautifully handcrafted with skill and creativity that make it an elegant addition to your home décor.,Specifications of Brahmz Glass Mossiac Table Lamp (14 cm, Multi Color) In The Box Number of Contents in Sales Package Pack of 1 Sales Package 1 Table Lamp General Lamp Base Material Glass, Mossiac Model Number G-139 Bulb Type 15W Type Standard Assembly Required No Model Name Glass Mossiac Lamp Body Material Glass, Mossiac Color Multi Color Dimensions Cord Length 39 inch Weight 500 g Height 14 cm Width 12 cm Power Features Power Source AC"
Lal Haveli Decorative Owl Showpiece  -  15.24 cm,"[""Home Decor & Festive Needs >> Showpieces >> Ethnic >> Lal Haveli Ethnic""]",Lal Haveli,679,"Lal Haveli Decorative Owl Showpiece  -  15.24 cm (Wooden, Brown)
                         Price: Rs. 679
				
			Rajasthan India is well known for their classical art. We are offering you a latest range of wooden Owl to Give your interior Indian traditional look. Vintage Handmade Work Designer Owl. This beautiful owl is completely carved by hand. Our All Wooden Handicraft Products are Completely Handmade, They All are Created by Indian Rural Artisan in Traditional Designs. So Products Finishing may be Not as Good as Modern Wooden Art.
Rajasthan India is well known for their classical art. We are offering you a latest range of wooden Owl to Give your interior Indian traditional look. Vintage Handmade Work Designer Owl. This beautiful owl is completely carved by hand. Our All Wooden Handicraft Products are Completely Handmade, They All are Created by Indian Rural Artisan in Traditional Designs. So Products Finishing may be Not as Good as Modern Wooden Art."
Craftuno Handcrafted Soapstone Mini Cannon Showpiece  -  6.25 cm,"[""Home Decor & Festive Needs >> Showpieces >> Ethnic >> Craftuno Ethnic""]",Craftuno,399,Buy Craftuno Handcrafted Soapstone Mini Cannon Showpiece  -  6.25 cm for Rs.399 online. Craftuno Handcrafted Soapstone Mini Cannon Showpiece  -  6.25 cm at best prices with FREE shipping & cash on delivery. Only Genuine Products. 30 Day Replacement Guarantee.
Desert Eshop Real Antique Brass Royal 3 Minute Sand Timer 281 Showpiece  -  7 cm,"[""Home Decor & Festive Needs >> Showpieces >> Ethnic >> Desert Eshop Ethnic""]",Desert Eshop,485,Buy Desert Eshop Real Antique Brass Royal 3 Minute Sand Timer 281 Showpiece  -  7 cm for Rs.485 online. Desert Eshop Real Antique Brass Royal 3 Minute Sand Timer 281 Showpiece  -  7 cm at best prices with FREE shipping & cash on delivery. Only Genuine Products. 30 Day Replacement Guarantee.
Charu Fashionz CER16 Showpiece  -  33 cm,"[""Home Decor & Festive Needs >> Showpieces >> Ethnic >> Charu Fashionz Ethnic""]",Charu Fashionz,350,"Charu Fashionz CER16 Showpiece  -  33 cm (Plastic, Multicolor)
                         Price: Rs. 350
				
			Charu Fashionz introduces a wide range of home and décor products, which essentially consists of items like rangolis, idols, figurines, plates and storage boxes. The product in display is made from PVC and is finished in an attractive set of colors. Furthermore, it is a traditional styled rangoli that is made from polyvinyl chloride and is adorned with acrylic beads. Disclaimer: Due to the limitations of Cameras and the relative inconsistencies of various display monitors, the colours you see on your computer screen may not be totally accurate reproduction of the actual product. We strive to make our colours as accurate as possible, but screen images are intended as a guide only and should not be regarded as absolutely correct.Therefore you need to be certain that any slight variations occurring between the actual colour, and the representation on our website, will be acceptable.
Charu Fashionz introduces a wide range of home and décor products, which essentially consists of items like rangolis, idols, figurines, plates and storage boxes. The product in display is made from PVC and is finished in an attractive set of colors. Furthermore, it is a traditional styled rangoli that is made from polyvinyl chloride and is adorned with acrylic beads. Disclaimer: Due to the limitations of Cameras and the relative inconsistencies of various display monitors, the colours you see on your computer screen may not be totally accurate reproduction of the actual product. We strive to make our colours as accurate as possible, but screen images are intended as a guide only and should not be regarded as absolutely correct.Therefore you need to be certain that any slight variations occurring between the actual colour, and the representation on our website, will be acceptable."
Samriddhivastu asthdhatu swastik pyramid Showpiece  -  10 cm,"[""Home Decor & Festive Needs >> Showpieces >> Ethnic >> Samriddhivastu Ethnic""]",Samriddhivastu,199,Buy Samriddhivastu asthdhatu swastik pyramid Showpiece  -  10 cm for Rs.199 online. Samriddhivastu asthdhatu swastik pyramid Showpiece  -  10 cm at best prices with FREE shipping & cash on delivery. Only Genuine Products. 30 Day Replacement Guarantee.
LAMS SNTH-MYSPLC3 Showpiece  -  21 cm,"[""Home Decor & Festive Needs >> Showpieces >> Ethnic >> LAMS Ethnic""]",LAMS,745,Buy LAMS SNTH-MYSPLC3 Showpiece  -  21 cm for Rs.745 online. LAMS SNTH-MYSPLC3 Showpiece  -  21 cm at best prices with FREE shipping & cash on delivery. Only Genuine Products. 30 Day Replacement Guarantee.
Chinhhari Arts Showpiece  -  24 cm,"[""Home Decor & Festive Needs >> Showpieces >> Chinhhari Arts Showpieces""]",Chinhhari Arts,900,Buy Chinhhari Arts Showpiece  -  24 cm for Rs.900 online. Chinhhari Arts Showpiece  -  24 cm at best prices with FREE shipping & cash on delivery. Only Genuine Products. 30 Day Replacement Guarantee.
Vedic Vaani Abhishek Decorative Shankh,"[""Home Decor & Festive Needs >> Religion & Devotion >> Shankh >> Vedic Vaani Shankh""]",Vedic Vaani,766,Buy Vedic Vaani Abhishek Decorative Shankh for Rs.766 online. Vedic Vaani Abhishek Decorative Shankh at best prices with FREE shipping & cash on delivery. Only Genuine Products. 30 Day Replacement Guarantee.
Marwal India Pure Brass Antique Design Real Telescope Gift Showpiece  -  6 cm,"[""Home Decor & Festive Needs >> Showpieces >> Ethnic >> Marwal Ethnic""]",Marwal,599,Buy Marwal India Pure Brass Antique Design Real Telescope Gift Showpiece  -  6 cm for Rs.599 online. Marwal India Pure Brass Antique Design Real Telescope Gift Showpiece  -  6 cm at best prices with FREE shipping & cash on delivery. Only Genuine Products. 30 Day Replacement Guarantee.
Diti Enterprises Showpiece  -  5 cm,"[""Home Decor & Festive Needs >> Showpieces >> Ethnic >> Diti Enterprises Ethnic""]",Diti Enterprises,581,"Diti Enterprises Showpiece  -  5 cm (Brass, Multicolor)
                         Price: Rs. 581
				
			This colourful handcrafted shankh shaped kundan Container is made up of wood. The body of the Container is decorated with kundan and flawless colors on the lid which could be closed after use. It is also an ideal gift for your friends and relatives. The gift piece has been prepared by the master artisans of Jaipur.

Product Usage:
It could specifically be used to keep roli/sindoor and rice particles for worship. However you can also use it for some other purpose as per requirement.

Specifications

Product Dimensions: LxBxH: 6x3x1 inches
Item Type: Handicraft
Color: Multi-color
Material: Wood
Finish: Matte
Specialty: Kundan work
Disclaimer:
The item being handmade; the fine design, pattern and color tone of the product may vary slightly from that shown in the image. However, there would not be any compromise in quality.

Return Policy:
No Questions asked 7 days Return/ Replacement, if you are not satisfied with the product.

Brand:
DITIENTERPRISES
This colourful handcrafted shankh shaped kundan Container is made up of wood. The body of the Container is decorated with kundan and flawless colors on the lid which could be closed after use. It is also an ideal gift for your friends and relatives. The gift piece has been prepared by the master artisans of Jaipur.

Product Usage:
It could specifically be used to keep roli/sindoor and rice particles for worship. However you can also use it for some other purpose as per requirement.

Specifications

Product Dimensions: LxBxH: 6x3x1 inches
Item Type: Handicraft
Color: Multi-color
Material: Wood
Finish: Matte
Specialty: Kundan work
Disclaimer:
The item being handmade; the fine design, pattern and color tone of the product may vary slightly from that shown in the image. However, there would not be any compromise in quality.

Return Policy:
No Questions asked 7 days Return/ Replacement, if you are not satisfied with the product.

Brand:
DITIENTERPRISES"
Nihar Pirangi Bomber Showpiece  -  10 cm,"[""Home Decor & Festive Needs >> Showpieces >> Ethnic >> Nihar Ethnic""]",Nihar,194,Buy Nihar Pirangi Bomber Showpiece  -  10 cm for Rs.194 online. Nihar Pirangi Bomber Showpiece  -  10 cm at best prices with FREE shipping & cash on delivery. Only Genuine Products. 30 Day Replacement Guarantee.
Unique Design Brass Handpump Showpiece  -  23 cm,"[""Home Decor & Festive Needs >> Showpieces >> Ethnic >> Unique Design Ethnic""]",Unique Design,350,Buy Unique Design Brass Handpump Showpiece  -  23 cm for Rs.350 online. Unique Design Brass Handpump Showpiece  -  23 cm at best prices with FREE shipping & cash on delivery. Only Genuine Products. 30 Day Replacement Guarantee.
SUNVI Rajasthani Rajwada Colourful Ashtray Showpiece  -  2 cm,"[""Home Decor & Festive Needs >> Showpieces >> Ethnic >> SUNVI Ethnic""]",SUNVI,419,Buy SUNVI Rajasthani Rajwada Colourful Ashtray Showpiece  -  2 cm for Rs.419 online. SUNVI Rajasthani Rajwada Colourful Ashtray Showpiece  -  2 cm at best prices with FREE shipping & cash on delivery. Only Genuine Products. 30 Day Replacement Guarantee.
NEHP NEH0012 Showpiece  -  22.86 cm,"[""Home Decor & Festive Needs >> Showpieces >> NEHP Showpieces""]",NEHP,699,Buy NEHP NEH0012 Showpiece  -  22.86 cm for Rs.699 online. NEHP NEH0012 Showpiece  -  22.86 cm at best prices with FREE shipping & cash on delivery. Only Genuine Products. 30 Day Replacement Guarantee.
Homedesires Showpiece  -  10.5 cm,"[""Home Decor & Festive Needs >> Showpieces >> Ethnic >> Homedesires Ethnic""]",Homedesires,340,Buy Homedesires Showpiece  -  10.5 cm for Rs.340 online. Homedesires Showpiece  -  10.5 cm at best prices with FREE shipping & cash on delivery. Only Genuine Products. 30 Day Replacement Guarantee.
Pg handicrafts Beaded two drawers sofa set showpiece Showpiece  -  10.5 cm,"[""Home Decor & Festive Needs >> Showpieces >> Ethnic >> Pg handicrafts Ethnic""]",Pg handicrafts,800,Buy Pg handicrafts Beaded two drawers sofa set showpiece Showpiece  -  10.5 cm for Rs.800 online. Pg handicrafts Beaded two drawers sofa set showpiece Showpiece  -  10.5 cm at best prices with FREE shipping & cash on delivery. Only Genuine Products. 30 Day Replacement Guarantee.
Alpana Arts Red Rangoli Showpiece  -  0.5 cm,"[""Home Decor & Festive Needs >> Showpieces >> Ethnic >> Alpana Arts Ethnic""]",Alpana Arts,399,"Alpana Arts Red Rangoli Showpiece  -  0.5 cm (Polypropylene, Red)
                         Price: Rs. 399
				
			Get Ready To Welcome The Festive Season With This Colorful And Sparkly Colorful Crystal Floor Rangoli From The House Of Sun Art. Its A Perfect Decor For Diwali Decoration, Navaratri Decoration, Wedding Decoration And For All Other Traditional Celebrations. Gift Your Loved Ones This Unique Crystal Floor Rangoli Adorned With Beautiful Hand Work To Make There Celebrations Memorable. This Decorative Floor Rangoli Has Been Diligently Handcrafted By Skilled Artisans Using Various Traditional Techniques.Made Of Transperincy Topping With Decor Kundans Items,Use In Rangoli, Topping,Place Diya In Center,Instant Usable,Decor
Having 7 Pieces Can Place With Different Shapes Too
Get Ready To Welcome The Festive Season With This Colorful And Sparkly Colorful Crystal Floor Rangoli From The House Of Sun Art. Its A Perfect Decor For Diwali Decoration, Navaratri Decoration, Wedding Decoration And For All Other Traditional Celebrations. Gift Your Loved Ones This Unique Crystal Floor Rangoli Adorned With Beautiful Hand Work To Make There Celebrations Memorable. This Decorative Floor Rangoli Has Been Diligently Handcrafted By Skilled Artisans Using Various Traditional Techniques.Made Of Transperincy Topping With Decor Kundans Items,Use In Rangoli, Topping,Place Diya In Center,Instant Usable,Decor
Having 7 Pieces Can Place With Different Shapes Too"
Lal Haveli Rajasthani Handmade Decorative Wood Jharoka Showpiece  -  30.48 cm,"[""Home Decor & Festive Needs >> Showpieces >> Ethnic >> Lal Haveli Ethnic""]",Lal Haveli,749,Buy Lal Haveli Rajasthani Handmade Decorative Wood Jharoka Showpiece  -  30.48 cm for Rs.749 online. Lal Haveli Rajasthani Handmade Decorative Wood Jharoka Showpiece  -  30.48 cm at best prices with FREE shipping & cash on delivery. Only Genuine Products. 30 Day Replacement Guarantee.
Gulshan Arts Crafts Laughing Buddha Showpiece  -  5 cm,"[""Home Decor & Festive Needs >> Showpieces >> Ethnic >> Gulshan Arts Crafts Ethnic""]",Gulshan Arts Crafts,510,"Gulshan Arts Crafts Laughing Buddha Showpiece  -  5 cm (Iron, Silver)
                         Price: Rs. 510
				
			Home decorative
Home decorative"
Aapno Rajasthan Marvel In Marble - Gold Embossed Roli Tika Chopra Showpiece  -  7.62 cm,"[""Home Decor & Festive Needs >> Showpieces >> Aapno Rajasthan Showpieces""]",Aapno Rajasthan,600,Buy Aapno Rajasthan Marvel In Marble - Gold Embossed Roli Tika Chopra Showpiece  -  7.62 cm for Rs.600 online. Aapno Rajasthan Marvel In Marble - Gold Embossed Roli Tika Chopra Showpiece  -  7.62 cm at best prices with FREE shipping & cash on delivery. Only Genuine Products. 30 Day Replacement Guarantee.
Desert Eshop Kundan Work Marble Peacock Roli Sindoor Vas 279 Showpiece  -  11 cm,"[""Home Decor & Festive Needs >> Showpieces >> Ethnic >> Desert Eshop Ethnic""]",Desert Eshop,495,"Desert Eshop Kundan Work Marble Peacock Roli Sindoor Vas 279 Showpiece  -  11 cm (Stoneware, White)
                         Price: Rs. 495
				
			This colourful handcrafted kundan container is made of pure makrana marble. The body of the container is decorated with peacock design. There is a lid to keep it closed after use. The gift piece has been prepared by the master artisans of Jaipur.

Product Usage:
Specially made to keep Roli-Chawal for traditional and religious customs. It is also an ideal gift for your friends and relatives.

Specifications

Item Type: Handicraft
Product Dimensions: LxBH: 4x2.5x3 inches
Material: Marble
Color: Multi-color
Finish: Glossy
Specialty: Kundan Marble Container
Disclaimer:
The item being handmade; the fine design, pattern and color tone of the product may vary slightly from that shown in the image. However, there would not be any compromise in quality.

Return Policy:
No Questions Asked 7 days Return/ Replacement, if you are not satisfied with the product.

Brand:
Desert Eshop
This colourful handcrafted kundan container is made of pure makrana marble. The body of the container is decorated with peacock design. There is a lid to keep it closed after use. The gift piece has been prepared by the master artisans of Jaipur.

Product Usage:
Specially made to keep Roli-Chawal for traditional and religious customs. It is also an ideal gift for your friends and relatives.

Specifications

Item Type: Handicraft
Product Dimensions: LxBH: 4x2.5x3 inches
Material: Marble
Color: Multi-color
Finish: Glossy
Specialty: Kundan Marble Container
Disclaimer:
The item being handmade; the fine design, pattern and color tone of the product may vary slightly from that shown in the image. However, there would not be any compromise in quality.

Return Policy:
No Questions Asked 7 days Return/ Replacement, if you are not satisfied with the product.

Brand:
Desert Eshop"
Ravishing Variety Statue Showpiece  -  17 cm,"[""Home Decor & Festive Needs >> Showpieces >> Ethnic >> Ravishing Variety Ethnic""]",Ravishing Variety,500,Buy Ravishing Variety Statue Showpiece  -  17 cm for Rs.500 online. Ravishing Variety Statue Showpiece  -  17 cm at best prices with FREE shipping & cash on delivery. Only Genuine Products. 30 Day Replacement Guarantee.
Indigocart Handcrafted Antique Brass Telescope Showpiece  -  1 cm,"[""Home Decor & Festive Needs >> Showpieces >> Indigocart Showpieces""]",Indigocart,497,Buy Indigocart Handcrafted Antique Brass Telescope Showpiece  -  1 cm for Rs.497 online. Indigocart Handcrafted Antique Brass Telescope Showpiece  -  1 cm at best prices with FREE shipping & cash on delivery. Only Genuine Products. 30 Day Replacement Guarantee.
Bagru Crafts Wall hanging of Lord Ganesha Showpiece  -  21.69 cm,"[""Home Decor & Festive Needs >> Showpieces >> Ethnic >> Bagru Crafts Ethnic""]",Bagru Crafts,549,Buy Bagru Crafts Wall hanging of Lord Ganesha Showpiece  -  21.69 cm for Rs.549 online. Bagru Crafts Wall hanging of Lord Ganesha Showpiece  -  21.69 cm at best prices with FREE shipping & cash on delivery. Only Genuine Products. 30 Day Replacement Guarantee.
Apkamart Traditional Pitcher 8 Inch Showpiece  -  20 cm,"[""Home Decor & Festive Needs >> Showpieces >> Apkamart Showpieces""]",Apkamart,499,Buy Apkamart Traditional Pitcher 8 Inch Showpiece  -  20 cm for Rs.499 online. Apkamart Traditional Pitcher 8 Inch Showpiece  -  20 cm at best prices with FREE shipping & cash on delivery. Only Genuine Products. 30 Day Replacement Guarantee.
NEHP NEH005 Showpiece  -  3.81 cm,"[""Home Decor & Festive Needs >> Showpieces >> NEHP Showpieces""]",NEHP,599,Buy NEHP NEH005 Showpiece  -  3.81 cm for Rs.599 online. NEHP NEH005 Showpiece  -  3.81 cm at best prices with FREE shipping & cash on delivery. Only Genuine Products. 30 Day Replacement Guarantee.
Charu Fashionz CER6 Showpiece  -  33 cm,"[""Home Decor & Festive Needs >> Showpieces >> Ethnic >> Charu Fashionz Ethnic""]",Charu Fashionz,350,"Charu Fashionz CER6 Showpiece  -  33 cm (Plastic, Multicolor)
                         Price: Rs. 350
				
			Charu Fashionz introduces a wide range of home and décor products, which essentially consists of items like rangolis, idols, figurines, plates and storage boxes. The product in display is made from PVC and is finished in an attractive set of colors. Furthermore, it is a traditional styled rangoli that is made from polyvinyl chloride and is adorned with acrylic beads. Disclaimer: Due to the limitations of Cameras and the relative inconsistencies of various display monitors, the colours you see on your computer screen may not be totally accurate reproduction of the actual product. We strive to make our colours as accurate as possible, but screen images are intended as a guide only and should not be regarded as absolutely correct.Therefore you need to be certain that any slight variations occurring between the actual colour, and the representation on our website, will be acceptable.
Charu Fashionz introduces a wide range of home and décor products, which essentially consists of items like rangolis, idols, figurines, plates and storage boxes. The product in display is made from PVC and is finished in an attractive set of colors. Furthermore, it is a traditional styled rangoli that is made from polyvinyl chloride and is adorned with acrylic beads. Disclaimer: Due to the limitations of Cameras and the relative inconsistencies of various display monitors, the colours you see on your computer screen may not be totally accurate reproduction of the actual product. We strive to make our colours as accurate as possible, but screen images are intended as a guide only and should not be regarded as absolutely correct.Therefore you need to be certain that any slight variations occurring between the actual colour, and the representation on our website, will be acceptable."
JaipurCrafts Designer Ethnic Collection Floor Rangoli Showpiece  -  0.6 cm,"[""Home Decor & Festive Needs >> Showpieces >> Ethnic >> JaipurCrafts Ethnic""]",JaipurCrafts,999,Buy JaipurCrafts Designer Ethnic Collection Floor Rangoli Showpiece  -  0.6 cm for Rs.999 online. JaipurCrafts Designer Ethnic Collection Floor Rangoli Showpiece  -  0.6 cm at best prices with FREE shipping & cash on delivery. Only Genuine Products. 30 Day Replacement Guarantee.
IndianShelf 2 Drawer Spice Box Showpiece  -  11.17 cm,"[""Home Decor & Festive Needs >> Showpieces >> Ethnic >> IndianShelf Ethnic""]",IndianShelf,685,"IndianShelf 2 Drawer Spice Box Showpiece  -  11.17 cm (Wooden, Brown)
                         Price: Rs. 685
				
			Spice Box. Ceramic drawers in wooden frame. The Spice Boxes are designed with different patterns. These boxes are made using natural wood which does not harm the purity of spices.
Spice Box. Ceramic drawers in wooden frame. The Spice Boxes are designed with different patterns. These boxes are made using natural wood which does not harm the purity of spices."
UFC Mart PR009492 Showpiece  -  25 cm,"[""Home Decor & Festive Needs >> Showpieces >> Ethnic >> UFC Mart Ethnic""]",UFC Mart,897,"UFC Mart PR009492 Showpiece  -  25 cm (Wooden, Multicolor)
                         Price: Rs. 897
				
			KundanWood Photo Frame which is the right accessory to showcase your favorites memories. Perfect for Photos from Special Events and Cherishe.
KundanWood Photo Frame which is the right accessory to showcase your favorites memories. Perfect for Photos from Special Events and Cherishe."
Infinity India Antique Gemstone Brass Surahi Handicraft Gift -1001 Showpiece  -  10 cm,"[""Home Decor & Festive Needs >> Showpieces >> Ethnic >> Infinity India Ethnic""]",Infinity India,750,Buy Infinity India Antique Gemstone Brass Surahi Handicraft Gift -1001 Showpiece  -  10 cm for Rs.750 online. Infinity India Antique Gemstone Brass Surahi Handicraft Gift -1001 Showpiece  -  10 cm at best prices with FREE shipping & cash on delivery. Only Genuine Products. 30 Day Replacement Guarantee.
Indigocart Antique Brass Sand Timer Showpiece  -  10.16 cm,"[""Home Decor & Festive Needs >> Showpieces >> Indigocart Showpieces""]",Indigocart,480,Buy Indigocart Antique Brass Sand Timer Showpiece  -  10.16 cm for Rs.480 online. Indigocart Antique Brass Sand Timer Showpiece  -  10.16 cm at best prices with FREE shipping & cash on delivery. Only Genuine Products. 30 Day Replacement Guarantee.
Ark Creation Decorative Shankh,"[""Home Decor & Festive Needs >> Religion & Devotion >> Shankh >> Ark Creation Shankh""]",Ark Creation,650,"Ark Creation Decorative Shankh (Yellow, Brown)
                         Price: Rs. 650
				
			Ark Creation (A Unit Of Ark Estate Pvt. Ltd.) One Of India'S Most Prestigious Handicrafts Maker. We Have Selected National Award Winning Artist All Across India.We Use High Quality Of Material And Colors Which Don'T Have Any Side Effects. All Items Are Handmade. The Classically Designed Statue Is Just Perfect To Station At Home & Office And Also To Gift Someone Special. Handcrafted Statue Is Being Made By Combination Of Contemporary & Traditional Methods.
Ark Creation (A Unit Of Ark Estate Pvt. Ltd.) One Of India'S Most Prestigious Handicrafts Maker. We Have Selected National Award Winning Artist All Across India.We Use High Quality Of Material And Colors Which Don'T Have Any Side Effects. All Items Are Handmade. The Classically Designed Statue Is Just Perfect To Station At Home & Office And Also To Gift Someone Special. Handcrafted Statue Is Being Made By Combination Of Contemporary & Traditional Methods."
Diti Enterprises Showpiece  -  8 cm,"[""Home Decor & Festive Needs >> Showpieces >> Ethnic >> Diti Enterprises Ethnic""]",Diti Enterprises,479,"Diti Enterprises Showpiece  -  8 cm (Brass, Multicolor)
                         Price: Rs. 479
				
			This Handcrafted wooden realistic Eagle is made of light weight termite proof fine wood. The artifact is carved so meticulously and beautifully that one small eagle is trapped inside the outer bigger eagle and is visible from the fine carved jali work. 

Product Usage:
Lure your home decor with this hand made Rajasthani item. It is an ideal utility item for your house.

Specifications

Product Dimensions: LxBxH:2.5x1.5x4 inches
Item Type: Handicraft
Color: Brown
Material: Wood
Finish: Matte
Specialty: Wooden Handcrafted Realistic Eagle
Disclaimer:
The item being handmade; the fine design, pattern and color tone of the product may vary slightly from that shown in the image. However, there would not be any compromise in quality.

Return Policy:
No Questions asked 7 days Return/ Replacement, if you are not satisfied with the product.

Brand:
DITIENTERPRISES
This Handcrafted wooden realistic Eagle is made of light weight termite proof fine wood. The artifact is carved so meticulously and beautifully that one small eagle is trapped inside the outer bigger eagle and is visible from the fine carved jali work. 

Product Usage:
Lure your home decor with this hand made Rajasthani item. It is an ideal utility item for your house.

Specifications

Product Dimensions: LxBxH:2.5x1.5x4 inches
Item Type: Handicraft
Color: Brown
Material: Wood
Finish: Matte
Specialty: Wooden Handcrafted Realistic Eagle
Disclaimer:
The item being handmade; the fine design, pattern and color tone of the product may vary slightly from that shown in the image. However, there would not be any compromise in quality.

Return Policy:
No Questions asked 7 days Return/ Replacement, if you are not satisfied with the product.

Brand:
DITIENTERPRISES"
Rastogi Handicrafts Showpiece  -  20 cm,"[""Home Decor & Festive Needs >> Showpieces >> Rastogi Handicrafts Showpieces""]",Rastogi Handicrafts,450,Buy Rastogi Handicrafts Showpiece  -  20 cm for Rs.450 online. Rastogi Handicrafts Showpiece  -  20 cm at best prices with FREE shipping & cash on delivery. Only Genuine Products. 30 Day Replacement Guarantee.
Craftuno Hand Painted Lord Ganesha Idols Door Hanging - Set of 2 Showpiece  -  0 cm,"[""Home Decor & Festive Needs >> Showpieces >> Ethnic >> Craftuno Ethnic""]",Craftuno,309,"Craftuno Hand Painted Lord Ganesha Idols Door Hanging - Set of 2 Showpiece  -  0 cm (Polyresin, Multicolor)
                         Price: Rs. 309
				
			An elegant colourful string of beads with Lord Ganesha idols and a bell to make your entrance even more welcoming, designed by the industrious village women of Rajasthan, India.
An elegant colourful string of beads with Lord Ganesha idols and a bell to make your entrance even more welcoming, designed by the industrious village women of Rajasthan, India."
Urban Monk Creations umcgramo Showpiece  -  28 cm,"[""Home Decor & Festive Needs >> Showpieces >> Ethnic >> Urban Monk Creations Ethnic""]",Urban Monk Creations,,Buy Urban Monk Creations umcgramo Showpiece  -  28 cm for Rs.749 online. Urban Monk Creations umcgramo Showpiece  -  28 cm at best prices with FREE shipping & cash on delivery. Only Genuine Products. 30 Day Replacement Guarantee.
IndianShelf 3 Drawer Spice Box Showpiece  -  25.4 cm,"[""Home Decor & Festive Needs >> Showpieces >> Ethnic >> IndianShelf Ethnic""]",IndianShelf,999,"IndianShelf 3 Drawer Spice Box Showpiece  -  25.4 cm (Wooden, Brown)
                         Price: Rs. 999
				
			Spice Box. Ceramic drawers in wooden frame. The Spice Boxes are designed with different patterns. These boxes are made using natural wood which does not harm the purity of spices.
Spice Box. Ceramic drawers in wooden frame. The Spice Boxes are designed with different patterns. These boxes are made using natural wood which does not harm the purity of spices."
Indigocart White Metal in antique look Showpiece  -  10.16 cm,"[""Home Decor & Festive Needs >> Showpieces >> Indigocart Showpieces""]",Indigocart,494,"Indigocart White Metal in antique look Showpiece  -  10.16 cm (Cast Iron, Silver)
                         Price: Rs. 494
				
			This handcrafted antique idol of Lord Gopal (Krishna) is made of pure white metal. The idol is polished to give it an alluring antique look. The gift piece has been prepared by the creative artisans of Jaipur.
This handcrafted antique idol of Lord Gopal (Krishna) is made of pure white metal. The idol is polished to give it an alluring antique look. The gift piece has been prepared by the creative artisans of Jaipur."
Marwal White Metal Swan Holder Showpiece  -  15.24 cm,"[""Home Decor & Festive Needs >> Showpieces >> Ethnic >> Marwal Ethnic""]",Marwal,799,"Marwal White Metal Swan Holder Showpiece  -  15.24 cm (Aluminium, Silver)
                         Price: Rs. 799
				
			Embellish Your Dining Table Setting By Bringing In These White Metal Spoon Holder From Marwal. It Is A Complete Finished Product And Comes With A Classy Stand That Holds All The Spoons Perfectly. Bring Home This Beautiful Product To Adorn Your Table. They Are Easy To Use And Clean As Well! These Has Been Diligently Handcrafted By Skilled Artisans Of Marwal Using Various Traditional Techniques.
Embellish Your Dining Table Setting By Bringing In These White Metal Spoon Holder From Marwal. It Is A Complete Finished Product And Comes With A Classy Stand That Holds All The Spoons Perfectly. Bring Home This Beautiful Product To Adorn Your Table. They Are Easy To Use And Clean As Well! These Has Been Diligently Handcrafted By Skilled Artisans Of Marwal Using Various Traditional Techniques."
"Gifts By Meeta Color, Balloon Holi Combo","[""Home Decor & Festive Needs >> Festive Decor >> Holi Essentials >> Holi Combos >> Gifts By Meeta Holi Combos >> Gifts By Meeta Color, Balloon Holi Combo""]",Gifts By Meeta,1149,"Key Features of Gifts By Meeta Color, Balloon Holi Combo Dimension Hand Bag:H-12 x W-12 (Inch),Specifications of Gifts By Meeta Color, Balloon Holi Combo Pichkari Features Material Cotton Color NA General Brand Gifts By Meeta Holi Combo Set Includes Color, Balloon Model Number GIFTS1100 Balloon Features Color NA Holi Color Features Herbal No Type Powder Color NA In the Box Sales Package 1 Hand Bag, 2 Color Spray, 3 Holi Colors"
"Gifts By Meeta Color, Balloon Holi Combo","[""Home Decor & Festive Needs >> Festive Decor >> Holi Essentials >> Holi Combos >> Gifts By Meeta Holi Combos >> Gifts By Meeta Color, Balloon Holi Combo""]",Gifts By Meeta,749,"Key Features of Gifts By Meeta Color, Balloon Holi Combo Dimension Bucket:H-2.5 (Inch),Specifications of Gifts By Meeta Color, Balloon Holi Combo Pichkari Features Material Iron Color NA General Brand Gifts By Meeta Holi Combo Set Includes Color, Balloon Model Number GIFTS1221 Balloon Features Color NA Holi Color Features Herbal No Type Powder Color NA In the Box Sales Package 7 Bucket, 7 Holi Colors"
"Gifts By Meeta Color, Balloon Holi Combo","[""Home Decor & Festive Needs >> Festive Decor >> Holi Essentials >> Holi Combos >> Gifts By Meeta Holi Combos >> Gifts By Meeta Color, Balloon Holi Combo""]",Gifts By Meeta,649,"Key Features of Gifts By Meeta Color, Balloon Holi Combo Dimension Bottle:H-3 x W-1 (Inch),Specifications of Gifts By Meeta Color, Balloon Holi Combo Pichkari Features Material Paper Color NA General Brand Gifts By Meeta Holi Combo Set Includes Color, Balloon Model Number GIFTS6428 Balloon Features Color NA Holi Color Features Herbal No Type Powder Color NA In the Box Sales Package 1 Khadi Soap, 1 Tag, 2 Bottle, 2 Holi Colors"
"Gifts By Meeta Color, Balloon Holi Combo","[""Home Decor & Festive Needs >> Festive Decor >> Holi Essentials >> Holi Combos >> Gifts By Meeta Holi Combos >> Gifts By Meeta Color, Balloon Holi Combo""]",Gifts By Meeta,599,"Key Features of Gifts By Meeta Color, Balloon Holi Combo Dimension Teddy:H-6 (Inch),Specifications of Gifts By Meeta Color, Balloon Holi Combo Pichkari Features Material Cotton Color NA General Brand Gifts By Meeta Holi Combo Set Includes Color, Balloon Model Number GIFTS1084 Balloon Features Color NA Holi Color Features Herbal No Type Powder Color NA In the Box Sales Package 1 Teddy, 2 Holi Colors"
"Gifts By Meeta Color, Balloon Holi Combo","[""Home Decor & Festive Needs >> Festive Decor >> Holi Essentials >> Holi Combos >> Gifts By Meeta Holi Combos >> Gifts By Meeta Color, Balloon Holi Combo""]",Gifts By Meeta,1599,"Key Features of Gifts By Meeta Color, Balloon Holi Combo Dimension Pouch:H-4 x W-4 (Inch),Specifications of Gifts By Meeta Color, Balloon Holi Combo Pichkari Features Material Cotton Color NA General Brand Gifts By Meeta Holi Combo Set Includes Color, Balloon Model Number GIFTS6550 Balloon Features Color NA Holi Color Features Herbal No Type Powder Color NA In the Box Sales Package 6 Khadi Soap, 1 Khadi moisturizing lotion, 1 Khadi face wash, 1 Pouch, 1 Holi Color"
"SAF Pichkari, Balloon Holi Combo","[""Home Decor & Festive Needs >> Festive Decor >> Holi Essentials >> Holi Combos >> SAF Holi Combos >> SAF Pichkari, Balloon Holi Combo""]",SAF,899,"Specifications of SAF Pichkari, Balloon Holi Combo Pichkari Features Material Plastic Color Multicolor General Brand SAF Holi Combo Set Includes Pichkari, Balloon Model Number Holi11 Balloon Features Color Multicolor Holi Color Features Herbal No Type Powder Color Multicolor In the Box Sales Package 1 Pichkari"
Reiki Crystal Products Showpiece  -  1.5 cm,"[""Home Decor & Festive Needs >> Showpieces >> Fengshui >> Reiki Crystal Products Fengshui >> Reiki Crystal Products Showpiece  -  1.5 cm (Cry...""]",Reiki Crystal Products,499,"Key Features of Reiki Crystal Products Showpiece  -  1.5 cm Integrity Healing Inspiration Prosperity,Reiki Crystal Products Showpiece  -  1.5 cm (Crystal, Multicolor) Price: Rs. 499 Ruby Feldspar is a wonderful and powerful combination of a healing crystal. Feldspar assists us in finding unconventional and exciting ways to reach our goals. It provides us with self-love and self-awareness. It helps us locate things that have been misplaced. Feldspar encourages the development of clairvoyance and clairaudience and if you are trying to develop your psychic or intuitive powers.Feldspar helps with adapting to change. It is a wonderful stone for calming and clearing the mind, improving concentration which is wonderful for meditation. Feldspar assists with lowering blood pressure, disorders associated with the skin and muscular structure and strengthens the body against everyday stress. The information provided is based on individual experience and should not be treated as medical advice. Inadvertent use of it will not be our responsibility,Specifications of Reiki Crystal Products Showpiece  -  1.5 cm (Crystal, Multicolor) General Brand Reiki Crystal Products Model Number Ruby Feldspar Crystal Tumbled Stones Type Fengshui Material Crystal Color Multicolor Dimensions Weight 110 g Height 1.5 cm Width 8 cm Depth 4 cm Warranty Covered in Warranty No Warranty Service Type No In the Box Sales Package 1 Showpiece"
Reiki Crystal Products Showpiece  -  8 cm,"[""Home Decor & Festive Needs >> Showpieces >> Fengshui >> Reiki Crystal Products Fengshui >> Reiki Crystal Products Showpiece  -  8 cm (Cryst...""]",Reiki Crystal Products,111,"Key Features of Reiki Crystal Products Showpiece  -  8 cm The Universal Stone Amplifying the energies Aiding concentration Filtering out distractions,Reiki Crystal Products Showpiece  -  8 cm (Crystal, White) Price: Rs. 111 Clear Quartz is known as the ""master healer"" and will amplify energy and thought, as well as the effect of other crystals. It absorbs, stores, releases and regulates energy. Clear Quartz draws off negative energy of all kinds, neutralising background radiation, including electromagnetic smog or petrochemical emanations. It balances and revitalises the physical, mental, emotional and spiritual planes. Cleanses and enhances the organs and subtle bodies and acts as a deep soul cleanser, connecting the physical dimension with the mind. Clear Quartz enhances psychic abilities. It aids concentration and unlocks memory. Clear Quartz is excellent for amplifying the energies of other stones or to enhance groups of stones, and is ideal for gridding. It is the perfect base material for wands, staffs, templates, etc., and clear crystal spheres have long been used for crystal gazing. Clear Quartz brings strength and clarity to the intellect, aiding concentration and memory retention, and filtering out distractions. The information provided is based on individual experience and should not be treated as medical advice. Inadvertent use of it will not be our responsibility.,Specifications of Reiki Crystal Products Showpiece  -  8 cm (Crystal, White) General Brand Reiki Crystal Products Model Number Crystal Hanging Ball Type Fengshui Material Crystal Color White Dimensions Weight 80 g Height 8 cm Width 8 cm Depth 8 cm Warranty Covered in Warranty No Warranty Service Type No In the Box Sales Package 1 Showpiece"
Hadwin Tortoise Showpiece  -  7 cm,"[""Home Decor & Festive Needs >> Showpieces >> Fengshui >> Hadwin Fengshui >> Hadwin Tortoise Showpiece  -  7 cm (Glass, Silver)""]",Hadwin,349,"Key Features of Hadwin Tortoise Showpiece  -  7 cm Glass Height - 7 cm Width - 5 cm Weight - 240 g,Hadwin Tortoise Showpiece  -  7 cm (Glass, Silver) Price: Rs. 349 A tortoise is a symbol for piece and prosperity. These kinds of fang shuis are very attractive and gives positive energy to your home.,Specifications of Hadwin Tortoise Showpiece  -  7 cm (Glass, Silver) General Brand Hadwin Model Number Tortoise-01 Type Fengshui Material Glass Model Name Tortoise Color Silver Dimensions Weight 240 g Height 7 cm Width 5 cm Depth 5 cm Additional Features Water Resistant Yes Wall Mount No In the Box Sales Package 1 Showpiece"
DeStudio Large Wall Stickers Sticker,"[""Home Decor & Festive Needs >> Wall Decor & Clocks >> Wall Decals & Stickers >> DeStudio Wall Decals & Stickers >> DeStudio Large Wall Stickers Sticker (Pack of 1)""]",DeStudio,349,"Key Features of DeStudio Large Wall Stickers Sticker Size 125 X 100 cms Rectangular Ship in 24 hrs PVC/Vinyl Flim,Specifications of DeStudio Large Wall Stickers Sticker (Pack of 1) In The Box Number of Contents in Sales Package Pack of 1 Sales Package 1 Sheet of Wall Sticker : 42Inch X 12Inch General Ideal Use Kids Bedroom, Child Bedroom, Bed Room, Living Room, Kitchen Brand DeStudio Shape Rectangular Scratch-resistant Yes Laminated Yes Type Wall Stickers Number of Stickers 1 Size in Number 125 cm Material Matte Finish Multi Color PVC Vinyl Flim Lamination Type Matte Size Large Dimensions Weight 225 g Height 100 cm Other Dimensions Wall Covering Area : 125cm X 100cm Width 125 cm Warranty Caution : DON'T apply to Textured, Rough or Uneven Wall Surface, Which will weaken the adhesive strength and also Avoid applying it on walls with moisture or direct sunlight. Additional Features Product Dimensions : 42Inch X 12Inch"
DeStudio Large Wall Stickers Sticker,"[""Home Decor & Festive Needs >> Wall Decor & Clocks >> Wall Decals & Stickers >> DeStudio Wall Decals & Stickers >> DeStudio Large Wall Stickers Sticker (Pack of 1)""]",DeStudio,399,"Key Features of DeStudio Large Wall Stickers Sticker Size 140 X 120 cms Rectangular Ship in 24 hrs PVC/Vinyl Flim,Specifications of DeStudio Large Wall Stickers Sticker (Pack of 1) In The Box Number of Contents in Sales Package Pack of 1 Sales Package 1 Sheet of Wall Sticker : 42Inch X 12Inch General Ideal Use Kids Bedroom, Child Bedroom, Bed Room, Living Room, Kitchen Brand DeStudio Shape Rectangular Scratch-resistant Yes Laminated Yes Type Wall Stickers Number of Stickers 1 Size in Number 140 cm Material Matte Finish Multi Color PVC Vinyl Flim Lamination Type Matte Size Large Dimensions Weight 225 g Height 120 cm Other Dimensions Wall Covering Area : 140cm X 120cm Width 140 cm Warranty Caution : DON'T apply to Textured, Rough or Uneven Wall Surface, Which will weaken the adhesive strength and also Avoid applying it on walls with moisture or direct sunlight. Additional Features Product Dimensions : 42Inch X 12Inch"
Lab No. 4 Analog 30 cm Dia Wall Clock,"[""Home Decor & Festive Needs >> Wall Decor & Clocks >> Clocks >> Wall Clocks >> Lab No. 4 Wall Clocks >> Lab No. 4 Analog 30 cm Dia Wall Clock (White, Wi...""]",Lab No. 4,750,"Key Features of Lab No. 4 Analog 30 cm Dia Wall Clock White Round Width: 30 cm Height: 30 cm,Lab No. 4 Analog 30 cm Dia Wall Clock (White, With Glass) Price: Rs. 750 ""Do What You Love."" Style and quality at its best, the Wall Clock by Lab No. 4 is the perfect addition to your home. It features a magnificent design that makes it look appealing. The clock works on high performance quartz movement that provides long lasting usage. It is made from premium quality Solid plastic that makes it durable and long lasting. The Clock is artistically decorated to make your surrounding more aesthetically pleasant. The Clock Gives More Beautiful View With Designer Walls. Note: Requires one AA battery, which is not included.,Specifications of Lab No. 4 Analog 30 cm Dia Wall Clock (White, With Glass) General Mechanism Quartz Model Number CS075MX1A1W Display Features Display Size 11 inch Dimensions Diameter 30 cm Weight 650 g Height 30 cm Width 30 cm Power Features Battery Type 1 AA Size Batteries Power Source Battery Powered Luxury Luxury Clock Yes Additional Features Made of quality material which ensures longevity Adds beauty to the wall apart from showing time Body Features Case Color Silver Dial Shape Round Case/Bezel Material Plastic Number of Hands 3 Dial Color Multicolor Dial Material Plastic In the Box Number of Contents in Sales Package Pack of 1 Sales Package Wall Clock"
saubhagyawatifashions Festive Printed Women's Kurti,"[""Clothing >> Women's Clothing >> Ethnic Wear >> Kurtas & Kurtis >> Kurtis >> saubhagyawatifashions Kurtis >> saubhagyawatifashions Festive Printed Women's Kurti""]",saubhagyawatifashions,474,"Key Features of saubhagyawatifashions Festive Printed Women's Kurti 3/4 Sleeve Multicolor,saubhagyawatifashions Festive Printed Women's Kurti Price: Rs. 499 Designed by the STDS of India, Look like a dream wearing. this kurti is light in weight and perfect for daily wear. This attractive Kurti will surely fetch you compliments for your rich sense of style,Specifications of saubhagyawatifashions Festive Printed Women's Kurti In The Box 1 Kurti Kurti Details Sleeve 3/4 Sleeve Number of Contents in Sales Package Pack of 1 Fabric Cotton Neck V-Neck General Details Pattern Printed Ideal For Women's Occasion Festive"
Bajya Handicrafts Decorative Stylo 30 inch Glass Hookah,"[""Home Decor & Festive Needs >> Garden & Leisure >> Hookah & Hookah Flavors >> Hookahs >> Bajya Hookahs >> Bajya Handicrafts Decorative Stylo 30 inch Glass...""]",Bajya,499,"Key Features of Bajya Handicrafts Decorative Stylo 30 inch Glass Hookah Number of Pipe Openings: 1 Color: Blue Base Material: Glass Origin of Style: Egyptian,Bajya Handicrafts Decorative Stylo 30 inch Glass Hookah (Blue) Price: Rs. 499 Decorative Stylo 30 inch Glass, Iron Hookah,Specifications of Bajya Handicrafts Decorative Stylo 30 inch Glass Hookah (Blue) Tray Features Tray Diameter 4 inch Wind Cover Features Wind Cover Length 3 inch General Number of Pipe Openings 1 Brand Bajya Material Glass Model Name Handicrafts Decorative Stylo Origin of Style Egyptian Pack of 1 Color Blue Bowl and Funnel Features Bowl Height 3 inch Bowl Material Glass Dimensions Height 30 inch Base Features Base Material Glass Base Height 4 inch Pipe Features Pipe Material Rubber Washable Yes Pipe Length 20 inch Pipe Adapter Material Rubber Pipe Style Textured Additional Features Portable Yes Rotatable Yes In the Box Sales Package 1 Hookah Set Pack of 1"
Blacksmith Analog Wall Clock,"[""Home Decor & Festive Needs >> Wall Decor & Clocks >> Clocks >> Wall Clocks >> Blacksmith Wall Clocks""]",,899,Buy Blacksmith Analog Wall Clock for Rs.899 online. Blacksmith Analog Wall Clock at best prices with FREE shipping & cash on delivery. Only Genuine Products. 30 Day Replacement Guarantee.
Blacksmith Analog Wall Clock,"[""Home Decor & Festive Needs >> Wall Decor & Clocks >> Clocks >> Wall Clocks >> Blacksmith Wall Clocks""]",,1099,Buy Blacksmith Analog Wall Clock for Rs.1099 online. Blacksmith Analog Wall Clock at best prices with FREE shipping & cash on delivery. Only Genuine Products. 30 Day Replacement Guarantee.
Blacksmith Analog Wall Clock,"[""Home Decor & Festive Needs >> Wall Decor & Clocks >> Clocks >> Wall Clocks >> Blacksmith Wall Clocks""]",,899,Buy Blacksmith Analog Wall Clock for Rs.899 online. Blacksmith Analog Wall Clock at best prices with FREE shipping & cash on delivery. Only Genuine Products. 30 Day Replacement Guarantee.
Blacksmith Analog Wall Clock,"[""Home Decor & Festive Needs >> Wall Decor & Clocks >> Clocks >> Wall Clocks >> Blacksmith Wall Clocks""]",,872,Buy Blacksmith Analog Wall Clock for Rs.872 online. Blacksmith Analog Wall Clock at best prices with FREE shipping & cash on delivery. Only Genuine Products. 30 Day Replacement Guarantee.
Blacksmith Analog Wall Clock,"[""Home Decor & Festive Needs >> Wall Decor & Clocks >> Clocks >> Wall Clocks >> Blacksmith Wall Clocks""]",,872,Buy Blacksmith Analog Wall Clock for Rs.0 online. Blacksmith Analog Wall Clock at best prices with FREE shipping & cash on delivery. Only Genuine Products. 30 Day Replacement Guarantee.
Blacksmith Analog Wall Clock,"[""Home Decor & Festive Needs >> Wall Decor & Clocks >> Clocks >> Wall Clocks >> Blacksmith Wall Clocks""]",,927,Buy Blacksmith Analog Wall Clock for Rs.927 online. Blacksmith Analog Wall Clock at best prices with FREE shipping & cash on delivery. Only Genuine Products. 30 Day Replacement Guarantee.
Blacksmith Analog Wall Clock,"[""Home Decor & Festive Needs >> Wall Decor & Clocks >> Clocks >> Wall Clocks >> Blacksmith Wall Clocks""]",,872,Buy Blacksmith Analog Wall Clock for Rs.872 online. Blacksmith Analog Wall Clock at best prices with FREE shipping & cash on delivery. Only Genuine Products. 30 Day Replacement Guarantee.
Blacksmith Analog Wall Clock,"[""Home Decor & Festive Needs >> Wall Decor & Clocks >> Clocks >> Wall Clocks >> Blacksmith Wall Clocks""]",,1089,Buy Blacksmith Analog Wall Clock for Rs.1089 online. Blacksmith Analog Wall Clock at best prices with FREE shipping & cash on delivery. Only Genuine Products. 30 Day Replacement Guarantee.
Blacksmith Analog Wall Clock,"[""Home Decor & Festive Needs >> Wall Decor & Clocks >> Clocks >> Wall Clocks >> Blacksmith Wall Clocks""]",,1089,Buy Blacksmith Analog Wall Clock for Rs.1089 online. Blacksmith Analog Wall Clock at best prices with FREE shipping & cash on delivery. Only Genuine Products. 30 Day Replacement Guarantee.
Blacksmith Analog Wall Clock,"[""Home Decor & Festive Needs >> Wall Decor & Clocks >> Clocks >> Wall Clocks >> Blacksmith Wall Clocks""]",,1049,"Blacksmith Analog Wall Clock (Lilac, Without Glass)
                         Price: Rs. 1,049
				
			A designer time peice from Blacksmith to add glamour to your wall ! Combine it with Some Wall Art , Shelve and your wall looks perfect .
A designer time peice from Blacksmith to add glamour to your wall ! Combine it with Some Wall Art , Shelve and your wall looks perfect ."
Blacksmith Analog Wall Clock,"[""Home Decor & Festive Needs >> Wall Decor & Clocks >> Clocks >> Wall Clocks >> Blacksmith Wall Clocks""]",,699,Buy Blacksmith Analog Wall Clock for Rs.699 online. Blacksmith Analog Wall Clock at best prices with FREE shipping & cash on delivery. Only Genuine Products. 30 Day Replacement Guarantee.
Blacksmith Analog Wall Clock,"[""Home Decor & Festive Needs >> Wall Decor & Clocks >> Clocks >> Wall Clocks >> Blacksmith Wall Clocks""]",,709,Buy Blacksmith Analog Wall Clock for Rs.709 online. Blacksmith Analog Wall Clock at best prices with FREE shipping & cash on delivery. Only Genuine Products. 30 Day Replacement Guarantee.
Blacksmith Analog Wall Clock,"[""Home Decor & Festive Needs >> Wall Decor & Clocks >> Clocks >> Wall Clocks >> Blacksmith Wall Clocks""]",,871,Buy Blacksmith Analog Wall Clock for Rs.871 online. Blacksmith Analog Wall Clock at best prices with FREE shipping & cash on delivery. Only Genuine Products. 30 Day Replacement Guarantee.
Blacksmith Analog Wall Clock,"[""Home Decor & Festive Needs >> Wall Decor & Clocks >> Clocks >> Wall Clocks >> Blacksmith Wall Clocks""]",,799,Buy Blacksmith Analog Wall Clock for Rs.799 online. Blacksmith Analog Wall Clock at best prices with FREE shipping & cash on delivery. Only Genuine Products. 30 Day Replacement Guarantee.
Blacksmith Analog Wall Clock,"[""Home Decor & Festive Needs >> Wall Decor & Clocks >> Clocks >> Wall Clocks >> Blacksmith Wall Clocks""]",,872,Buy Blacksmith Analog Wall Clock for Rs.872 online. Blacksmith Analog Wall Clock at best prices with FREE shipping & cash on delivery. Only Genuine Products. 30 Day Replacement Guarantee.
Divinit DG Royal Ornamental Size 2 Shiva religious wall hanging Showpiece  -  20.5 cm,"[""Home Decor & Festive Needs >> Table Decor & Handicrafts >> Showpieces >> Religious Idols >> Divinit Religious Idols""]",Divinit,1940,"Divinit DG Royal Ornamental Size 2 Shiva religious wall hanging Showpiece  -  20.5 cm (Glass, Gold)
                         Price: Rs. 1,940
				
			From the house of Diviniti, we bring you double glass royale ornamental frames which are perfect accessories for your wall, desk etc.Set in double glass royale ornamental frames and embodied in Swiss Technology 24 carat gold plated foil, these are a definite buy for personal use or for gifting.
From the house of Diviniti, we bring you double glass royale ornamental frames which are perfect accessories for your wall, desk etc.Set in double glass royale ornamental frames and embodied in Swiss Technology 24 carat gold plated foil, these are a definite buy for personal use or for gifting."
Blacksmith Analog Wall Clock,"[""Home Decor & Festive Needs >> Wall Decor & Clocks >> Clocks >> Wall Clocks >> Blacksmith Wall Clocks""]",,799,Buy Blacksmith Analog Wall Clock for Rs.799 online. Blacksmith Analog Wall Clock at best prices with FREE shipping & cash on delivery. Only Genuine Products. 30 Day Replacement Guarantee.
Blacksmith Analog Wall Clock,"[""Home Decor & Festive Needs >> Wall Decor & Clocks >> Clocks >> Wall Clocks >> Blacksmith Wall Clocks""]",,818,Buy Blacksmith Analog Wall Clock for Rs.818 online. Blacksmith Analog Wall Clock at best prices with FREE shipping & cash on delivery. Only Genuine Products. 30 Day Replacement Guarantee.
Blacksmith Analog Wall Clock,"[""Home Decor & Festive Needs >> Wall Decor & Clocks >> Clocks >> Wall Clocks >> Blacksmith Wall Clocks""]",,872,Buy Blacksmith Analog Wall Clock for Rs.872 online. Blacksmith Analog Wall Clock at best prices with FREE shipping & cash on delivery. Only Genuine Products. 30 Day Replacement Guarantee.
Blacksmith Analog Wall Clock,"[""Home Decor & Festive Needs >> Wall Decor & Clocks >> Clocks >> Wall Clocks >> Blacksmith Wall Clocks""]",,872,Buy Blacksmith Analog Wall Clock for Rs.872 online. Blacksmith Analog Wall Clock at best prices with FREE shipping & cash on delivery. Only Genuine Products. 30 Day Replacement Guarantee.
Blacksmith Analog Wall Clock,"[""Home Decor & Festive Needs >> Wall Decor & Clocks >> Clocks >> Wall Clocks >> Blacksmith Wall Clocks""]",,1089,Buy Blacksmith Analog Wall Clock for Rs.1089 online. Blacksmith Analog Wall Clock at best prices with FREE shipping & cash on delivery. Only Genuine Products. 30 Day Replacement Guarantee.
Zari Boxes ZBD-AAB976 Wooden Gift Box,"[""Home Decor & Festive Needs >> Festive Decor >> Festive Gift Boxes >> Zari Boxes Festive Gift Boxes""]",Zari Boxes,299,"Zari Boxes ZBD-AAB976 Wooden Gift Box (Gold)
                         Price: Rs. 299
				
			A ZariBox named Nelofar with dimension 4.25x4x1.25 (Inch) and weight 100 gram. It is Rectangle in Shape and made of 2.5 mm MDF. It's Gold Satin Top Lid is Embroidered with Flag design. It's with Empty feature and used as Country Box.
A ZariBox named Nelofar with dimension 4.25x4x1.25 (Inch) and weight 100 gram. It is Rectangle in Shape and made of 2.5 mm MDF. It's Gold Satin Top Lid is Embroidered with Flag design. It's with Empty feature and used as Country Box."
Janhvi PS-L045B Solar Lights,"[""Home & Kitchen >> Home Appliances >> Lightings >> Janhvi Lightings >> Janhvi PS-L045B Solar Lights (Red)""]",Janhvi,599,"Key Features of Janhvi PS-L045B Solar Lights This solar light comes with a metal handle, which lets you easily hang it on a wall or a hook. The glow-in-the-dark on-button of this solar lamp ensures you can locate it in the dark easily.,Janhvi PS-L045B Solar Lights (Red) Price: Rs. 599 This solar light comes with a metal handle, which lets you easily hang it on a wall or a hook. The glow-in-the-dark on-button of this solar lamp ensures you can locate it in the dark easily.,Specifications of Janhvi PS-L045B Solar Lights (Red) Convenience Features Auto Start No Other Convenience Features Wall Mountable Self-Recharging Yes Carry Handle Yes Operational Temperature Minimum Temperature 20 Degree C Maximum Temperature 30 Degree C Performance Features LED Brightness 10 mcd Luminance Power 25 lux Light Modes 2 Modes, Auto Light Coverage 60 degree Indicators Power ON Indicator, Charging Indicator Number of LEDs 4 LEDs Reflector No General Brand Janhvi Number of Tubes 0 Tubes Type Solar Lights Model Name PS-L045B Inbuilt Torch No Color Red Power Input Power 30 W Overcharge Protection No Solar Power Supply 35 W Rechargeable Battery Yes DC Power Supply 10 V Power Consumption 5 W Battery Capacity 550 mAh Over Discharge Protection No Battery Output 4 V External Battery Support No Output Power 10 W Power Requirements 220V|50Hz Energy Rating ★★★ Solar Panel Dimensions Height 0.2 mm Width 0.2 mm Depth 0.2 mm Dimensions Cord Length 2 m Weight 350 g Height 125.5 mm Width 10 mm Depth 0.5 mm Weight without Batteries 300 g Charging Features Operating Time - Reduced Light 8 hrs Charging Time 3 hrs Operating Time - Continuous Light 8 hrs Operating Time - Full Bright 6 hrs Solar Charging Time 3 hrs Initial Charging Time 3 hrs Operating Time - Solar Energy 3 hrs Operating Time - AC Mains 3 hrs Maximum Number of Recharges 200 Additional Features Control Button Types Push Button In the Box Solar Lamp"
THINK3 Invisible Ink Marker 9LED UV Ultra Violet 3 AAA Battery Flashlight Torch Light Emergency Lights,"[""Home & Kitchen >> Home Appliances >> Lightings >> THINK3 Lightings >> THINK3 Invisible Ink Marker 9LED UV Ultra Violet...""]",THINK3,550,"Key Features of THINK3 Invisible Ink Marker 9LED UV Ultra Violet 3 AAA Battery Flashlight Torch Light Emergency Lights This 9LED UV flashlight torch can be used to detect the fluorescent agent, diapers, mask cosmetics, checking notes, examination paper, test labels, etc. Delicate and cabinet, convenient to carry! 9 LED 1 Mode UV blacklight flashlight Aluminium body, light weight,THINK3 Invisible Ink Marker 9LED UV Ultra Violet 3 AAA Battery Flashlight Torch Light Emergency Lights (Black) Price: Rs. 550 This 9LED UV flashlight torch can be used to detect the fluorescent agent, diapers, mask cosmetics, checking notes, examination paper, test labels, etc. Delicate and cabinet, convenient to carry! Features: 9 LED 1 Mode UV blacklight flashlight Long service life up to 10,000 hours Aluminium body, light weight Great for checking notes, credit cards, fluorescent inks (invisible inks), cracked glassware, or even crime scene LED Qty : 9 ultra bright LEDs Voltage: About 4.5V Power: 3 x AAA battery (not included) Size: 8.8 x 2.5 x 2.53 / 3.45 x 0.98 x 0.98inch. Color: Black. Package Included: 1 x UV 9 LED Flashlight/,Specifications of THINK3 Invisible Ink Marker 9LED UV Ultra Violet 3 AAA Battery Flashlight Torch Light Emergency Lights (Black) Convenience Features Auto Start No Self-Recharging No Carry Handle No General Brand THINK3 Type Emergency Lights Number of Tubes 0 Tubes Model Name Invisible Ink Marker 9LED UV Ultra Violet 3 AAA Battery Flashlight Torch Light Inbuilt Torch Yes Color Black Performance Features Light Modes 1 Mode, one Number of LEDs 9 LEDs Reflector No Power Power Consumption 3 W Battery Capacity 1200 mAh Overcharge Protection No Battery Output 3.7 V Rechargeable Battery No Power Requirements 3.7v DC Power Supply 3 V Charging Features Charging Time 0 hrs Operating Time - Full Bright 4 hrs Operating Time - AC Mains 0 hrs Dimensions Height 8.8 mm Weight without Batteries 75 g Warranty Covered in Warranty Warranty only for Manufacture defects. No Warranty for Physical Damage Service Type No Warranty In the Box 1 UV torch with 3AA battery Holder Additional Features Control Button Types Push Button"
Smart Wall Guru Small Adhesive Sticker Sticker,"[""Home Decor & Festive Needs >> Wall Decor & Clocks >> Wall Decals & Stickers >> Smart Wall Guru Wall Decals & Stickers >> Smart Wall Guru Small Adhesive Sticker Sticker (...""]",Smart Wall Guru,199,"Specifications of Smart Wall Guru Small Adhesive Sticker Sticker (Pack of 1) In The Box Number of Contents in Sales Package Pack of 1 Sales Package 1 Sticker General Ideal Use Home, Child Bedroom, Bedroom Brand Smart Wall Guru Scratch-resistant Yes Laminated Yes Type Adhesive Sticker Number of Stickers 1 Size in Number 34.31 cm Material Self Adhesive PVC Vinyl Size Small Dimensions Height 34 cm Width 30 cm"
ABSTAR LIGHT 30 L Backpack,"[""Bags, Wallets & Belts >> Bags >> Backpacks >> ABSTAR Backpacks >> ABSTAR LIGHT 30 L Backpack (Green)""]",ABSTAR,999,"Key Features of ABSTAR LIGHT 30 L Backpack Ideal For: Boys, Men, Girls, Women No of Compartments: 3 Laptop Sleeve: No,Specifications of ABSTAR LIGHT 30 L Backpack (Green) General Trolley Support No Type Backpack Laptop Sleeve No Style Code LIGHT Compatible Laptop Size 15 Capacity 30 L Ideal For Boys, Men, Girls, Women Color Code Green Body Features Number of Compartments 3"
Right Analog 26 cm Dia Wall Clock,"[""Home Decor & Festive Needs >> Wall Decor & Clocks >> Clocks >> Wall Clocks >> Right Wall Clocks >> Right Analog 26 cm Dia Wall Clock (Red, With Glass)""]",Right,524,"Key Features of Right Analog 26 cm Dia Wall Clock Red Round Width: 30 cm Height: 30 cm,Right Analog 26 cm Dia Wall Clock (Red, With Glass) Price: Rs. 699 Stylish and durable, this designer wall clock will look fabulous in any room of your house or work space without a doubt.,Specifications of Right Analog 26 cm Dia Wall Clock (Red, With Glass) General Mechanism Quartz Model Number Right-5011-index-Red Dimensions Diameter 26 cm Weight 300 g Height 30 cm Width 30 cm Warranty Covered in Warranty Warranty Of The Product Is Limited To Manufacturing Defects On Machine Warranty Summary 1 Year Manufacturing Warranty On Machine Service Type Warranty at service center only Not Covered in Warranty Physical Damage/Breakage Will Not Be Covered Under Warranty Power Features Power Source Battery Powered Battery Type 1 AA Size Batteries In the Box Sales Package 1 Wall Clock with a AA sized Battery Body Features Dial Shape Round Case/Bezel Material Plastic Number of Hands 3 Dial Color White Hour Markers English Numerals"
narayan export Analog Wall Clock,"[""Home Decor & Festive Needs >> Wall Decor & Clocks >> Clocks >> Wall Clocks >> narayan export Wall Clocks >> narayan export Analog Wall Clock (classic natura...""]",narayan export,1799,"Key Features of narayan export Analog Wall Clock classic natural wood Round Width: 2.50 cm Height: 30 cm,Specifications of narayan export Analog Wall Clock (classic natural wood, With Glass) General Model Number ne-r382 Dimensions Height 30 cm Width 2.50 cm Body Features Dial Shape Round"
urban monk creations Analog Wall Clock,"[""Home Decor & Festive Needs >> Wall Decor & Clocks >> Clocks >> Wall Clocks >> urban monk creations Wall Clocks >> urban monk creations Analog Wall Clock (multicol...""]",urban monk creations,1274,"Key Features of urban monk creations Analog Wall Clock multicolor Round Width: 32 cm Height: 40 cm,Specifications of urban monk creations Analog Wall Clock (multicolor, With Glass) General Mechanism Quartz Model Number dps01 Dimensions Height 40 cm Width 32 cm Luxury Luxury Clock Yes Body Features Case Color multicolor Dial Shape Round Case/Bezel Material wooden Number of Hands 2 In the Box Number of Contents in Sales Package Pack of 1 Sales Package wall clock"
Tootpado Cartoon LED Desk Light - 1m189 - (Small Size: 7x5x8 cm) Study Table Lamp,"[""Home Decor & Festive Needs >> Decorative Lighting & Lamps >> Table Lamps >> Tootpado Table Lamps >> Tootpado Cartoon LED Desk Light - 1m189 - (Small...""]",Tootpado,349,"Key Features of Tootpado Cartoon LED Desk Light - 1m189 - (Small Size: 7x5x8 cm) Study Table Lamp Cute Cartoon Design Fancy Night light Light up your bedroom and chase away the dark, with this lovely little lamp ""Item Type: Night Lights Power Source: 3 Button Cells  "" ""Material: Ceramic  Box Size: 7x5x8 cm Approximately."",Tootpado Cartoon LED Desk Light - 1m189 - (Small Size: 7x5x8 cm) Study Table Lamp (8 cm, Blue) Price: Rs. 349 ""Cute Cartoon Design Fancy Night light. Light up your bedroom and chase away the dark, with this lovely little lamp. You are sure to love it, and want to keep it on all night long. Item Type: Night Lights Power Source: 3 Button Cells Material: Ceramic Box Size: 7x5x8 cm Approximately."",Specifications of Tootpado Cartoon LED Desk Light - 1m189 - (Small Size: 7x5x8 cm) Study Table Lamp (8 cm, Blue) In The Box Sales Package 1 Table Lamp General Model Number 1m000189 Type Study Model Name Cartoon LED Desk Light - 1m189 - (Small Size: 7x5x8 cm) Study Color Blue Dimensions Height 8 cm Width 5 cm"
GAGA Canvas Painting,"[""Home Decor & Festive Needs >> Wall Decor & Clocks >> Paintings >> GAGA Paintings >> GAGA Canvas Painting (16 inch x 20 inch)""]",GAGA,21780,"Key Features of GAGA Canvas Painting Theme: Hand Painting Frame Included,Specifications of GAGA Canvas Painting (16 inch x 20 inch) General Brand GAGA Model Number AM543384 Frame Included Yes Painting Type Canvas Painting Theme Hand Painting Dimensions Weight 2 kg Height 16 inch Width 20 inch In the Box Pack of 1"
GAGA Canvas Painting,"[""Home Decor & Festive Needs >> Wall Decor & Clocks >> Paintings >> GAGA Paintings >> GAGA Canvas Painting (12 inch x 15 inch)""]",GAGA,25510,"Key Features of GAGA Canvas Painting Theme: Hand Painting Frame Included,Specifications of GAGA Canvas Painting (12 inch x 15 inch) General Brand GAGA Model Number AM543513 Frame Included Yes Painting Type Canvas Painting Theme Hand Painting Dimensions Weight 1.5 kg Height 12 inch Width 15 inch In the Box Pack of 1"
GAGA Canvas Painting,"[""Home Decor & Festive Needs >> Wall Decor & Clocks >> Paintings >> GAGA Paintings >> GAGA Canvas Painting (8 inch x 10 inch)""]",GAGA,8720,"Key Features of GAGA Canvas Painting Theme: Hand Painting Frame Included,Specifications of GAGA Canvas Painting (8 inch x 10 inch) General Brand GAGA Model Number AM543616 Frame Included Yes Painting Type Canvas Painting Theme Hand Painting Dimensions Weight 0.75 kg Height 8 inch Width 10 inch In the Box Pack of 1"
GAGA Canvas Painting,"[""Home Decor & Festive Needs >> Wall Decor & Clocks >> Paintings >> GAGA Paintings >> GAGA Canvas Painting (18 inch x 24 inch)""]",GAGA,4220,"Key Features of GAGA Canvas Painting Theme: Hand Painting Frame Included,Specifications of GAGA Canvas Painting (18 inch x 24 inch) General Brand GAGA Model Number AM543320 Frame Included Yes Painting Type Canvas Painting Theme Hand Painting Dimensions Weight 2.5 kg Height 18 inch Width 24 inch In the Box Pack of 1"
GAGA Canvas Painting,"[""Home Decor & Festive Needs >> Wall Decor & Clocks >> Paintings >> GAGA Paintings >> GAGA Canvas Painting (18 inch x 24 inch)""]",GAGA,21780,"Key Features of GAGA Canvas Painting Theme: Hand Painting Frame Included,Specifications of GAGA Canvas Painting (18 inch x 24 inch) General Brand GAGA Model Number AM543347 Frame Included Yes Painting Type Canvas Painting Theme Hand Painting Dimensions Weight 2.5 kg Height 18 inch Width 24 inch In the Box Pack of 1"
GAGA Canvas Painting,"[""Home Decor & Festive Needs >> Wall Decor & Clocks >> Paintings >> GAGA Paintings >> GAGA Canvas Painting (8 inch x 10 inch)""]",GAGA,25510,"Key Features of GAGA Canvas Painting Theme: Hand Painting Frame Included,Specifications of GAGA Canvas Painting (8 inch x 10 inch) General Brand GAGA Model Number AM543443 Frame Included Yes Painting Type Canvas Painting Theme Hand Painting Dimensions Weight 0.75 kg Height 8 inch Width 10 inch In the Box Pack of 1"
GAGA Canvas Painting,"[""Home Decor & Festive Needs >> Wall Decor & Clocks >> Paintings >> GAGA Paintings >> GAGA Canvas Painting (10 inch x 12 inch)""]",GAGA,4220,"Key Features of GAGA Canvas Painting Theme: Hand Painting Frame Included,Specifications of GAGA Canvas Painting (10 inch x 12 inch) General Brand GAGA Model Number AM543458 Frame Included Yes Painting Type Canvas Painting Theme Hand Painting Dimensions Weight 1 kg Height 10 inch Width 12 inch In the Box Pack of 1"
GAGA Canvas Painting,"[""Home Decor & Festive Needs >> Wall Decor & Clocks >> Paintings >> GAGA Paintings >> GAGA Canvas Painting (24 inch x 30 inch)""]",GAGA,25510,"Key Features of GAGA Canvas Painting Theme: Hand Painting Frame Included,Specifications of GAGA Canvas Painting (24 inch x 30 inch) General Brand GAGA Model Number AM543567 Frame Included Yes Painting Type Canvas Painting Theme Hand Painting Dimensions Weight 3 kg Height 24 inch Width 30 inch In the Box Pack of 1"
GAGA Canvas Painting,"[""Home Decor & Festive Needs >> Wall Decor & Clocks >> Paintings >> GAGA Paintings >> GAGA Canvas Painting (24 inch x 30 inch)""]",GAGA,19380,"Key Features of GAGA Canvas Painting Theme: Hand Painting Frame Included,Specifications of GAGA Canvas Painting (24 inch x 30 inch) General Brand GAGA Model Number AM543348 Frame Included Yes Painting Type Canvas Painting Theme Hand Painting Dimensions Weight 3 kg Height 24 inch Width 30 inch In the Box Pack of 1"
Decore Sources Assorted Artificial Plant  with Pot,"[""Home Decor & Festive Needs >> Flowers, Plants & Vases >> Artificial Plants >> Decore Sources Artificial Plants >> Decore Sources Assorted Artificial Plant  with P...""]",Decore Sources,515,"Specifications of Decore Sources Assorted Artificial Plant  with Pot (21.5 cm, Pink) In the Box Sales Package 1 Plant, 1 Pot General Brand Decore Sources Model Number DS25B Color Pink Type Assorted Bonsai No Pot Features Pot Included Yes Dimensions Total Height 21.5 cm"
Go Hooked Bonsai Assorted Artificial Plant  with Pot,"[""Home Decor & Festive Needs >> Flowers, Plants & Vases >> Artificial Plants >> Go Hooked Artificial Plants >> Go Hooked Bonsai Assorted Artificial Plant  with...""]",Go Hooked,289,"Key Features of Go Hooked Bonsai Assorted Artificial Plant  with Pot Assorted Pack of 1 Height: 17.78 cm,Go Hooked Bonsai Assorted Artificial Plant  with Pot (17.78 cm, White, Yellow) Price: Rs. 339 It is time to upgrade your interiors with none other than these artificial flowers with pot from the house of Go Hooked. Your guests are surely going to be impressed with the flawless interiors of your home. This amazing artificial flowers with pot will surely add an elegant touch to your home decor. These flowers will bring freshness inside your home and a perfect pick for your home decor.,Specifications of Go Hooked Bonsai Assorted Artificial Plant  with Pot (17.78 cm, White, Yellow) General Brand Go Hooked Model Number Af/154 Type Assorted Bonsai Yes Color White, Yellow Pot Features Pot Included Yes Dimensions Total Height 17.78 cm In the Box Sales Package 1 Artificial Plant Pack of 1"
Decore Sources Assorted Artificial Plant  with Pot,"[""Home Decor & Festive Needs >> Flowers, Plants & Vases >> Artificial Plants >> Decore Sources Artificial Plants >> Decore Sources Assorted Artificial Plant  with P...""]",Decore Sources,540,"Specifications of Decore Sources Assorted Artificial Plant  with Pot (23 cm, Multicolor) In the Box Sales Package 1Pot, 1Plant General Brand Decore Sources Model Number DS34C Color Multicolor Type Assorted Bonsai No Pot Features Pot Included Yes Dimensions Total Height 23 cm"
Miracle Retail Bonsai Wild Plant Artificial Plant  with Pot,"[""Home Decor & Festive Needs >> Flowers, Plants & Vases >> Artificial Plants >> Miracle Retail Artificial Plants >> Miracle Retail Bonsai Wild Plant Artificial Plan...""]",Miracle Retail,599,"Key Features of Miracle Retail Bonsai Wild Plant Artificial Plant  with Pot Premium quality soft plastic Artificial Bonsai plant with high quality Wooden pot Can be used for indoor and outdoor purpose Ideal for Home décor & Garden décor Ideal for Side corners Ideal for Centre table,Miracle Retail Bonsai Wild Plant Artificial Plant  with Pot (32 cm, Yellow) Price: Rs. 599 Let Natural Hues Refresh Your Interior Once You Bring This Artificial Bonsai Plant With Wooden pot from The House Of Miracle Retail. Ideal For Beautifying The Side Table, Centre Table And Dining Table, This Decorative Item Requires Minimum Maintenance And Care. Made From Premium Quality Plastic, The Artificial Bonsai Plant Is Completely Non Toxic And Environment Friendly. On The Other Hand, The Base Is Extremely Sturdy Yet Lightweight. Those Who Want To Brighten Up Their Living Space Without Any Dirt Or Mud, Must Opt For This Artificial Bonsai Plant With Wooden Pot. To add colour to your interior landscape, order this Artificial Bonsai Plant from Miracle Retail. It instantly brightens up the place wherever you keep it. It needs minimal care. It Will Make A Great Gifting Option For Friends And Relatives As Well.,Specifications of Miracle Retail Bonsai Wild Plant Artificial Plant  with Pot (32 cm, Yellow) General Brand Miracle Retail Model Number BNSI/03 Stem Material Plastic Bonsai Yes Type Wild Plant Plant Material Plastic Color Yellow Pot Features Pot Material Wood Pot Color Brown Pot Included Yes Pot Size Medium Dimensions Pot Width 10 cm Weight 400 g Total Height 32 cm Pot Height 14 cm Total Width 16 cm Additional Features Suitable For Home Decor, Garden Decor, Office Decor Number of Branches 1 In the Box Sales Package 1 Premium Bonsai Artificial Plant With Wooden Pot Pack of 1"
"Mayursflora Bonsai Aloe, Maple, Arecaceae, Palm, Maguey Artificial Plant  with Pot","[""Home Decor & Festive Needs >> Flowers, Plants & Vases >> Artificial Plants >> Mayursflora Artificial Plants >> Mayursflora Bonsai Aloe, Maple, Arecaceae, Palm,...""]",Mayursflora,450,"Specifications of Mayursflora Bonsai Aloe, Maple, Arecaceae, Palm, Maguey Artificial Plant  with Pot (12 cm, Yellow, Green) In the Box Sales Package Flower Plant In Yellow Bucket General Brand Mayursflora Model Number MFGI034 Color Yellow, Green Type Aloe, Maple, Arecaceae, Palm, Maguey Bonsai Yes Pot Features Pot Included Yes Dimensions Total Height 12 cm"
Subh-Akriti Assorted Artificial Plant,"[""Home Decor & Festive Needs >> Flowers, Plants & Vases >> Artificial Plants >> Subh-Akriti Artificial Plants >> Subh-Akriti Assorted Artificial Plant (66 cm, Gr...""]",Subh-Akriti,649,"Specifications of Subh-Akriti Assorted Artificial Plant (66 cm, Green) General Brand Subh-Akriti Model Number SA-0009-Wild Bonsai No Type Assorted Plant Material Silk, Plastc Color Green Pot Features Pot Included No Dimensions Total Height 66 cm In the Box Sales Package 1 wild assorted plant"
Miracle Retail Bonsai Wild Plant Artificial Plant  with Pot,"[""Home Decor & Festive Needs >> Flowers, Plants & Vases >> Artificial Plants >> Miracle Retail Artificial Plants >> Miracle Retail Bonsai Wild Plant Artificial Plan...""]",Miracle Retail,499,"Key Features of Miracle Retail Bonsai Wild Plant Artificial Plant  with Pot Premium quality soft plastic Artificial plant with high quality pot Can be used for indoor and outdoor purpose Ideal for Home décor & Garden décor Ideal for Side corners Ideal for Centre table,Miracle Retail Bonsai Wild Plant Artificial Plant  with Pot (35 cm, Yellow) Price: Rs. 499 Let Natural Hues Refresh Your Interior Once You Bring This Artificial Bonsai Plant With pot from The House Of Miracle Retail. Ideal For Beautifying The Side Table, Centre Table And Dining Table, This Decorative Item Requires Minimum Maintenance And Care. Made From Premium Quality Plastic, The Artificial Bonsai Plant Is Completely Non Toxic And Environment Friendly. On The Other Hand, The Base Is Extremely Sturdy Yet Lightweight. Those Who Want To Brighten Up Their Living Space Without Any Dirt Or Mud, Must Opt For This Artificial Bonsai Plant With Pot. To add colour to your interior landscape, order this Artificial Bonsai Plant from Miracle Retail. It instantly brightens up the place wherever you keep it. It needs minimal care. It Will Make A Great Gifting Option For Friends And Relatives As Well.,Specifications of Miracle Retail Bonsai Wild Plant Artificial Plant  with Pot (35 cm, Yellow) General Brand Miracle Retail Model Number BNSI/43 Stem Material Plastic Bonsai Yes Type Wild Plant Plant Material Plastic Color Yellow Pot Features Pot Material Plastic Pot Color White Pot Included Yes Pot Size Medium Dimensions Pot Width 8 cm Weight 400 g Total Height 35 cm Pot Height 9 cm Total Width 16 cm Additional Features Suitable For Home Decor, Garden Decor, Office Decor Number of Branches 1 In the Box Sales Package 1 Premium Artificial Bonsai Plant With Pot Pack of 1"
Go Hooked Bonsai Assorted Artificial Plant  with Pot,"[""Home Decor & Festive Needs >> Flowers, Plants & Vases >> Artificial Plants >> Go Hooked Artificial Plants >> Go Hooked Bonsai Assorted Artificial Plant  with...""]",Go Hooked,289,"Specifications of Go Hooked Bonsai Assorted Artificial Plant  with Pot (17.78 cm, Green, Purple) In the Box Sales Package 1 Artificial Plant Pack of 1 General Brand Go Hooked Model Number Af/128 Color Green, Purple Type Assorted Bonsai Yes Pot Features Pot Included Yes Dimensions Total Height 17.78 cm"
Go Hooked Bonsai Assorted Artificial Plant  with Pot,"[""Home Decor & Festive Needs >> Flowers, Plants & Vases >> Artificial Plants >> Go Hooked Artificial Plants >> Go Hooked Bonsai Assorted Artificial Plant  with...""]",Go Hooked,289,"Specifications of Go Hooked Bonsai Assorted Artificial Plant  with Pot (17.78 cm, White, White) In the Box Sales Package 1 Artificial Plant Pack of 1 General Brand Go Hooked Model Number Af/152 Color White, White Type Assorted Bonsai Yes Pot Features Pot Included Yes Dimensions Total Height 17.78 cm"
V Creations Bonsai Cactus Artificial Plant  with Pot,"[""Home Decor & Festive Needs >> Flowers, Plants & Vases >> Artificial Plants >> V Creations Artificial Plants >> V Creations Bonsai Cactus Artificial Plant  with...""]",V Creations,725,"Specifications of V Creations Bonsai Cactus Artificial Plant  with Pot (10 cm, Green) In the Box Sales Package set of 2 General Brand V Creations Model Number Red-Green_cactus_16116 Color Green Type Cactus Bonsai Yes Pot Features Pot Included Yes Dimensions Total Height 10 cm"
Decore Sources Assorted Artificial Plant  with Pot,"[""Home Decor & Festive Needs >> Flowers, Plants & Vases >> Artificial Plants >> Decore Sources Artificial Plants >> Decore Sources Assorted Artificial Plant  with P...""]",Decore Sources,690,"Specifications of Decore Sources Assorted Artificial Plant  with Pot (17.5 cm, Multicolor) In the Box Sales Package 1Pot, 1Plant General Brand Decore Sources Model Number DS35A Color Multicolor Type Assorted Bonsai No Pot Features Pot Included Yes Dimensions Total Height 17.5 cm"
Miracle Retail Bonsai Wild Plant Artificial Plant  with Pot,"[""Home Decor & Festive Needs >> Flowers, Plants & Vases >> Artificial Plants >> Miracle Retail Artificial Plants >> Miracle Retail Bonsai Wild Plant Artificial Plan...""]",Miracle Retail,599,"Key Features of Miracle Retail Bonsai Wild Plant Artificial Plant  with Pot Premium quality soft plastic Artificial Bonsai plant with high quality Wooden pot Can be used for indoor and outdoor purpose Ideal for Home décor & Garden décor Ideal for Side corners Ideal for Centre table,Miracle Retail Bonsai Wild Plant Artificial Plant  with Pot (32 cm, Pink) Price: Rs. 599 Let Natural Hues Refresh Your Interior Once You Bring This Artificial Bonsai Plant With Wooden pot from The House Of Miracle Retail. Ideal For Beautifying The Side Table, Centre Table And Dining Table, This Decorative Item Requires Minimum Maintenance And Care. Made From Premium Quality Plastic, The Artificial Bonsai Plant Is Completely Non Toxic And Environment Friendly. On The Other Hand, The Base Is Extremely Sturdy Yet Lightweight. Those Who Want To Brighten Up Their Living Space Without Any Dirt Or Mud, Must Opt For This Artificial Bonsai Plant With Wooden Pot. To add colour to your interior landscape, order this Artificial Bonsai Plant from Miracle Retail. It instantly brightens up the place wherever you keep it. It needs minimal care. It Will Make A Great Gifting Option For Friends And Relatives As Well.,Specifications of Miracle Retail Bonsai Wild Plant Artificial Plant  with Pot (32 cm, Pink) General Brand Miracle Retail Model Number BNSI/04 Stem Material Plastic Bonsai Yes Type Wild Plant Plant Material Plastic Color Pink Pot Features Pot Material Wood Pot Color Brown Pot Included Yes Pot Size Medium Dimensions Pot Width 10 cm Weight 400 g Total Height 32 cm Pot Height 14 cm Total Width 16 cm Additional Features Suitable For Home Decor, Garden Decor, Office Decor Number of Branches 1 In the Box Sales Package 1 Premium Bonsai Artificial Plant With Wooden Pot Pack of 1"
Miracle Retail Bonsai Wild Plant Artificial Plant  with Pot,"[""Home Decor & Festive Needs >> Flowers, Plants & Vases >> Artificial Plants >> Miracle Retail Artificial Plants >> Miracle Retail Bonsai Wild Plant Artificial Plan...""]",Miracle Retail,499,"Key Features of Miracle Retail Bonsai Wild Plant Artificial Plant  with Pot Premium quality soft plastic Artificial plant with high quality pot Can be used for indoor and outdoor purpose Ideal for Home décor & Garden décor Ideal for Side corners Ideal for Centre table,Miracle Retail Bonsai Wild Plant Artificial Plant  with Pot (35 cm, Blue) Price: Rs. 499 Let Natural Hues Refresh Your Interior Once You Bring This Artificial Bonsai Plant With pot from The House Of Miracle Retail. Ideal For Beautifying The Side Table, Centre Table And Dining Table, This Decorative Item Requires Minimum Maintenance And Care. Made From Premium Quality Plastic, The Artificial Bonsai Plant Is Completely Non Toxic And Environment Friendly. On The Other Hand, The Base Is Extremely Sturdy Yet Lightweight. Those Who Want To Brighten Up Their Living Space Without Any Dirt Or Mud, Must Opt For This Artificial Bonsai Plant With Pot. To add colour to your interior landscape, order this Artificial Bonsai Plant from Miracle Retail. It instantly brightens up the place wherever you keep it. It needs minimal care. It Will Make A Great Gifting Option For Friends And Relatives As Well.,Specifications of Miracle Retail Bonsai Wild Plant Artificial Plant  with Pot (35 cm, Blue) General Brand Miracle Retail Model Number BNSI/45 Stem Material Plastic Bonsai Yes Type Wild Plant Plant Material Plastic Color Blue Pot Features Pot Material Plastic Pot Color White Pot Included Yes Pot Size Medium Dimensions Pot Width 8 cm Weight 400 g Total Height 35 cm Pot Height 9 cm Total Width 16 cm Additional Features Suitable For Home Decor, Garden Decor, Office Decor Number of Branches 1 In the Box Sales Package 1 Premium Artificial Bonsai Plant With Pot Pack of 1"
Decore Sources Assorted Artificial Plant  with Pot,"[""Home Decor & Festive Needs >> Flowers, Plants & Vases >> Artificial Plants >> Decore Sources Artificial Plants >> Decore Sources Assorted Artificial Plant  with P...""]",Decore Sources,515,"Key Features of Decore Sources Assorted Artificial Plant  with Pot Assorted Height: 21.5 cm,Decore Sources Assorted Artificial Plant  with Pot (21.5 cm, White) Price: Rs. 515 Bring home this wonderful artificial plant which comes in matte finish ceramic pot. The natural looking plant will hold its beauty for years and can be conveniently placed anywhere.,Specifications of Decore Sources Assorted Artificial Plant  with Pot (21.5 cm, White) In the Box Sales Package 1 Plant, 1 Pot General Brand Decore Sources Model Number DS25A Color White Type Assorted Bonsai No Pot Features Pot Included Yes Dimensions Total Height 21.5 cm"
Fieesta Plaza Analog 32 cm Dia Wall Clock,"[""Home Decor & Festive Needs >> Wall Decor & Clocks >> Clocks >> Wall Clocks >> Fieesta Plaza Wall Clocks""]",,949,"Fieesta Plaza Analog 32 cm Dia Wall Clock (Maroon, With Glass)
                         Price: Rs. 949
				
			This simplistic wall clock is a perfect must have for todays modern homes. Its classy structure and pretty design swinging pendulum at the bottom surely makes it a desirable decor item for your home. It showcases the time of the day and also sits gracefully on your wall. A perfect decor item for todays homes which looks pretty and is also very purposeful. Bring it home and let its lovely aura spread across your home.

About the Brand:- We are Fieesta Plaza. We boast of a strong tradition of craftsmanship that is reflected in every piece of furniture we create keeping an extreme attention to product quality. For over 10 years, we have been designing and manufacturing a comprehensive range of home decor items. We pay close attention to detail during all phases of construction. It becomes possible through close collaboration with dedicated designers and the craftsmen working with us. All products are linked together by a common thread that is comfort.
Buy Geniune Fieesta products.
This simplistic wall clock is a perfect must have for todays modern homes. Its classy structure and pretty design swinging pendulum at the bottom surely makes it a desirable decor item for your home. It showcases the time of the day and also sits gracefully on your wall. A perfect decor item for todays homes which looks pretty and is also very purposeful. Bring it home and let its lovely aura spread across your home.

About the Brand:- We are Fieesta Plaza. We boast of a strong tradition of craftsmanship that is reflected in every piece of furniture we create keeping an extreme attention to product quality. For over 10 years, we have been designing and manufacturing a comprehensive range of home decor items. We pay close attention to detail during all phases of construction. It becomes possible through close collaboration with dedicated designers and the craftsmen working with us. All products are linked together by a common thread that is comfort.
Buy Geniune Fieesta products."
Fieesta Plaza Analog 32 cm Dia Wall Clock,"[""Home Decor & Festive Needs >> Wall Decor & Clocks >> Clocks >> Wall Clocks >> Fieesta Plaza Wall Clocks""]",,949,"Fieesta Plaza Analog 32 cm Dia Wall Clock (Black, With Glass)
                         Price: Rs. 949
				
			This simplistic wall clock is a perfect must have for todays modern homes. Its classy structure and pretty design swinging pendulum at the bottom surely makes it a desirable decor item for your home. It showcases the time of the day and also sits gracefully on your wall. A perfect decor item for todays homes which looks pretty and is also very purposeful. Bring it home and let its lovely aura spread across your home.

About the Brand:- We are Fieesta Plaza. We boast of a strong tradition of craftsmanship that is reflected in every piece of furniture we create keeping an extreme attention to product quality. For over 10 years, we have been designing and manufacturing a comprehensive range of home decor items. We pay close attention to detail during all phases of construction. It becomes possible through close collaboration with dedicated designers and the craftsmen working with us. All products are linked together by a common thread that is comfort.
Buy Geniune Fieesta products.
This simplistic wall clock is a perfect must have for todays modern homes. Its classy structure and pretty design swinging pendulum at the bottom surely makes it a desirable decor item for your home. It showcases the time of the day and also sits gracefully on your wall. A perfect decor item for todays homes which looks pretty and is also very purposeful. Bring it home and let its lovely aura spread across your home.

About the Brand:- We are Fieesta Plaza. We boast of a strong tradition of craftsmanship that is reflected in every piece of furniture we create keeping an extreme attention to product quality. For over 10 years, we have been designing and manufacturing a comprehensive range of home decor items. We pay close attention to detail during all phases of construction. It becomes possible through close collaboration with dedicated designers and the craftsmen working with us. All products are linked together by a common thread that is comfort.
Buy Geniune Fieesta products."
Fieesta Plaza Analog Wall Clock,"[""Home Decor & Festive Needs >> Wall Decor & Clocks >> Clocks >> Wall Clocks >> Fieesta Plaza Wall Clocks""]",,1099,Buy Fieesta Plaza Analog Wall Clock for Rs.1099 online. Fieesta Plaza Analog Wall Clock at best prices with FREE shipping & cash on delivery. Only Genuine Products. 30 Day Replacement Guarantee.
Avenue Analog Wall Clock,"[""Home Decor & Festive Needs >> Wall Decor & Clocks >> Clocks >> Wall Clocks >> Avenue Wall Clocks""]",,1999,Buy Avenue Analog Wall Clock for Rs.1999 online. Avenue Analog Wall Clock at best prices with FREE shipping & cash on delivery. Only Genuine Products. 30 Day Replacement Guarantee.
Fieesta Plaza Analog 28 cm Dia Wall Clock,"[""Home Decor & Festive Needs >> Wall Decor & Clocks >> Clocks >> Wall Clocks >> Fieesta Plaza Wall Clocks""]",,949,"Fieesta Plaza Analog 28 cm Dia Wall Clock (Ivory, With Glass)
                         Price: Rs. 949
				
			""This simplistic wall clock is a perfect must have for todays modern homes. Its classy structure and pretty design swinging pendulum at the bottom surely makes it a desirable decor item for your home. It showcases the time of the day and also sits gracefully on your wall. A perfect decor item for todays homes which looks pretty and is also very purposeful. Bring it home and let its lovely aura spread across your home.

About the Brand:- We are Fieesta Plaza. We boast of a strong tradition of craftsmanship that is reflected in every piece of furniture we create keeping an extreme attention to product quality. For over 10 years, we have been designing and manufacturing a comprehensive range of home decor items. We pay close attention to detail during all phases of construction. It becomes possible through close collaboration with dedicated designers and the craftsmen working with us. All products are linked together by a common thread that is comfort.
Buy Geniune Fieesta products.
""This simplistic wall clock is a perfect must have for todays modern homes. Its classy structure and pretty design swinging pendulum at the bottom surely makes it a desirable decor item for your home. It showcases the time of the day and also sits gracefully on your wall. A perfect decor item for todays homes which looks pretty and is also very purposeful. Bring it home and let its lovely aura spread across your home.

About the Brand:- We are Fieesta Plaza. We boast of a strong tradition of craftsmanship that is reflected in every piece of furniture we create keeping an extreme attention to product quality. For over 10 years, we have been designing and manufacturing a comprehensive range of home decor items. We pay close attention to detail during all phases of construction. It becomes possible through close collaboration with dedicated designers and the craftsmen working with us. All products are linked together by a common thread that is comfort.
Buy Geniune Fieesta products."
Sifty Collection Acrylic Painting,"[""Home Decor & Festive Needs >> Wall Decor & Clocks >> Paintings >> Sifty Collection Paintings >> Sifty Collection Acrylic Painting (14 inch x 20 ...""]",Sifty Collection,649,"Key Features of Sifty Collection Acrylic Painting Theme: Wildlife Frame Included,Specifications of Sifty Collection Acrylic Painting (14 inch x 20 inch) General Brand Sifty Collection Model Number s05 Frame Included Yes Painting Type Acrylic Wall Mount Yes Painting Theme Wildlife Frame Color Black Dimensions Weight 0.3 kg Height 14 inch Width 20 inch In the Box Pack of 1"
OOBINNO Half Full Glass Digital Reprint Painting,"[""Home Decor & Festive Needs >> Wall Decor & Clocks >> Paintings >> OOBINNO Paintings >> OOBINNO Half Full Glass Digital Reprint Painting...""]",OOBINNO,599,"Key Features of OOBINNO Half Full Glass Digital Reprint Painting High Definition Prints,OOBINNO Half Full Glass Digital Reprint Painting (13 inch x 10 inch) Price: Rs. 599 Motivational Quote Wall Painting with Wooden Glass Frame. Ready Wall Mount suitable for office and study walls décor,Specifications of OOBINNO Half Full Glass Digital Reprint Painting (13 inch x 10 inch) General Brand OOBINNO Shape Rectangular Frame Material Wood Model Number OB-335 Frame Included Yes Painting Type Digital Reprint Model Name Half Full Glass Painting Theme Modern Art Wall Mount Yes Frame Color White Dimensions Weight 0.45 kg Height 13 inch Width 10 inch Warranty Covered in Warranty Frame Warranty Summary 1 Year Warranty In the Box Sales Package 1 Wall Painting Pack of 1 Additional Features Water Resistant Yes"
Lab No. 4 Analog 30 cm Dia Wall Clock,"[""Home Decor & Festive Needs >> Wall Decor & Clocks >> Clocks >> Wall Clocks >> Lab No. 4 Wall Clocks >> Lab No. 4 Analog 30 cm Dia Wall Clock (White, Wi...""]",Lab No. 4,750,"Key Features of Lab No. 4 Analog 30 cm Dia Wall Clock White Round Width: 30 cm Height: 30 cm,Lab No. 4 Analog 30 cm Dia Wall Clock (White, With Glass) Price: Rs. 750 ""Follow Your Intuition."" Style and quality at its best, the Wall Clock by Lab No. 4 is the perfect addition to your home. It features a magnificent design that makes it look appealing. The clock works on high performance quartz movement that provides long lasting usage. It is made from premium quality Solid plastic that makes it durable and long lasting. The Clock is artistically decorated to make your surrounding more aesthetically pleasant. The Clock Gives More Beautiful View With Designer Walls. Note: Requires one AA battery, which is not included.,Specifications of Lab No. 4 Analog 30 cm Dia Wall Clock (White, With Glass) General Mechanism Quartz Model Number CS078GR1A1W Display Features Display Size 11 inch Dimensions Diameter 30 cm Weight 650 g Height 30 cm Width 30 cm Power Features Battery Type 1 AA Size Batteries Power Source Battery Powered Luxury Luxury Clock Yes Additional Features Made of quality material which ensures longevity Adds beauty to the wall apart from showing time Body Features Case Color Silver Dial Shape Round Case/Bezel Material Plastic Number of Hands 3 Dial Color Green Dial Material Plastic In the Box Number of Contents in Sales Package Pack of 1 Sales Package Wall Clock"
"Transtal 'Triangle Lean' Corner 9"" Acrylic Wall Shelf","[""Home Decor & Festive Needs >> Wall Decor & Clocks >> Wall Shelves >> Transtal Wall Shelves >> Transtal 'Triangle Lean' Corner 9\"" Acrylic Wall ...""]",Transtal,369,"Key Features of Transtal 'Triangle Lean' Corner 9"" Acrylic Wall Shelf Suitable For: Living Room & Bedroom Wall Mountable Rust Proof,Transtal 'Triangle Lean' Corner 9"" Acrylic Wall Shelf (Number of Shelves - 1, Clear) Price: Rs. 369 •CORNER SHELF – your corner wall space could finally be used to display/store your memorabilia and other items •TRANSPARENT – makes the room look bigger, translucent edges ensure better safety. Gives your items a floating feel. •CRYSTAL CLEAR – Made of acrylic, is absolutely clear. Does not yellow or fade when exposed to water and weather. •UNBREAKABLE – at 6mm thickness, is sturdy and rigid •MULTIPURPOSE – Could be used in every room of the house. Display photos in the hall, spices in the kitchen or cologne in the bathroom.,Specifications of Transtal 'Triangle Lean' Corner 9"" Acrylic Wall Shelf (Number of Shelves - 1, Clear) General Brand Transtal Suitable For Living Room & Bedroom Model Number 501.3sL9x9 Material Acrylic Model Name 'Triangle Lean' Corner 9"" Color Clear Body & Design Features Mount Mechanism Screw-in Number of Shelves 1 Additional Features Rust Proof Yes In the Box Sales Package 9 x 9 Inches - 'Triangle Lean' Corner Shelf, Screw & wallplugs"
"Transtal 'Triangle' Corner 8"" Acrylic Wall Shelf","[""Home Decor & Festive Needs >> Wall Decor & Clocks >> Wall Shelves >> Transtal Wall Shelves >> Transtal 'Triangle' Corner 8\"" Acrylic Wall Shelf...""]",Transtal,369,"Key Features of Transtal 'Triangle' Corner 8"" Acrylic Wall Shelf Suitable For: Living Room & Bedroom Wall Mountable Rust Proof,Transtal 'Triangle' Corner 8"" Acrylic Wall Shelf (Number of Shelves - 1, Clear) Price: Rs. 369 •CORNER SHELF – your corner wall space could finally be used to display/store your memorabilia and other items •TRANSPARENT – makes the room look bigger, translucent edges ensure better safety. Gives your items a floating feel. •RUST PROOF – Stainless steel ensure no rusting •CRYSTAL CLEAR – Made of acrylic, is absolutely clear. Does not yellow or fade when exposed to water and weather. •UNBREAKABLE – at 6mm thickness, is sturdy and rigid •MULTIPURPOSE – Could be used in every room of the house. Display photos in the hall, spices in the kitchen or cologne in the bathroom.,Specifications of Transtal 'Triangle' Corner 8"" Acrylic Wall Shelf (Number of Shelves - 1, Clear) General Brand Transtal Suitable For Living Room & Bedroom Model Number 501.3s8x8 Material Acrylic Model Name 'Triangle' Corner 8"" Color Clear Body & Design Features Mount Mechanism Screw-in Number of Shelves 1 Additional Features Rust Proof Yes Other Features acrylic & stainless steel railing In the Box Sales Package 8 x 8 Inches - 'Triangle' Corner Shelf, Screws & wallplugs"
R&Mshoppee MDF Wall Shelf,"[""Home Decor & Festive Needs >> Wall Decor & Clocks >> Wall Shelves >> R&Mshoppee Wall Shelves >> R&Mshoppee MDF Wall Shelf (Number of Shelves - 1...""]",R&Mshoppee,580,"Key Features of R&Mshoppee MDF Wall Shelf Trendy & Stylish easy to assemble,R&Mshoppee MDF Wall Shelf (Number of Shelves - 1, Black) Price: Rs. 725 this H shape wall shelf will increase decoration of your walls you can use it as book shelf , dvd shelf or can keep show pieces on it .,Specifications of R&Mshoppee MDF Wall Shelf (Number of Shelves - 1, Black) General Brand R&Mshoppee Suitable For Living Room & Bedroom Model Number r&m0179 Material MDF Color Black Body & Design Features Number of Shelves 1 In the Box Sales Package 1 shelf Additional Features Other Features screw included"
"Transtal 'V' Edge 10"" Acrylic Wall Shelf","[""Home Decor & Festive Needs >> Wall Decor & Clocks >> Wall Shelves >> Transtal Wall Shelves >> Transtal 'V' Edge 10\"" Acrylic Wall Shelf (Number...""]",Transtal,449,"Key Features of Transtal 'V' Edge 10"" Acrylic Wall Shelf Suitable For: Living Room & Bedroom Wall Mountable Rust Proof,Transtal 'V' Edge 10"" Acrylic Wall Shelf (Number of Shelves - 1, Clear) Price: Rs. 449 •EDGE SHELF – your wall edges could finally be used to display/store your memorabilia and other items •TRANSPARENT – makes the room look bigger, translucent edges ensure better safety. Gives your items a floating feel. •CRYSTAL CLEAR – Made of acrylic, is absolutely clear. Does not yellow or fade when exposed to water and weather. •UNBREAKABLE – at 6mm thickness, is sturdy and rigid •MULTIPURPOSE – Could be used in every room of the house. Display photos in the hall, spices in the kitchen or cologne in the bathroom.,Specifications of Transtal 'V' Edge 10"" Acrylic Wall Shelf (Number of Shelves - 1, Clear) General Brand Transtal Suitable For Living Room & Bedroom Model Number 502.2s10x10 Material Acrylic Model Name 'V' Edge 10"" Color Clear Body & Design Features Mount Mechanism Screw-in Number of Shelves 1 Additional Features Rust Proof Yes Other Features acrylic & stainless steel railing In the Box Sales Package 10 x 10 Inches - 'V ' Edge Shelf, Screw & wallplugs"
Celebration Mart RANGOLI005 Rangoli Stencil,"[""Home Decor & Festive Needs >> Religion & Devotion >> Rangoli Stencils >> Celebration Mart Rangoli Stencils >> Celebration Mart RANGOLI005 Rangoli Stencil""]",Celebration Mart,400,"Celebration Mart RANGOLI005 Rangoli Stencil Price: Rs. 400 Rangoli has been a part of Indian culture for centuries. This is a beautiful handmade acrylic rearrangeable rangoli with creative design and kundan work, which enhances its beauty. This unique rangoli will enlarge beauty of your home , pooja place, centre table, arti thali,can be pasted on the wall to decorate your living room wall. Apart from this is the best gift to give to your friends.,Specifications of Celebration Mart RANGOLI005 Rangoli Stencil General Brand Celebration Mart Type Rangoli Stencil In the Box Number of Stencils 7"
LUMENPULSE Recessed Ceiling Lamp,"[""Home Decor & Festive Needs >> Decorative Lighting & Lamps >> Ceiling Lamps >> LUMENPULSE Ceiling Lamps >> LUMENPULSE Recessed Ceiling Lamp""]",LUMENPULSE,795,"Key Features of LUMENPULSE Recessed Ceiling Lamp Long life upto 50,000hrs Significant energy saving upto 70% high power factor (>.95) using IC base driver with all protectection as per BIS,Specifications of LUMENPULSE Recessed Ceiling Lamp General Bulb Included No Brand LUMENPULSE Model Number TOPAZ 18 Type Recessed Assembly Required No Light Used LED Material Aluminium Alloy Number of Bulb 1 Color White Warranty Covered in Warranty 2 Service Type factory base service Warranty Summary 2 years Dimensions Cord Length 0 Weight 575 g Length 23 cm Other Dimensions 180x180, 156x156 Width 19 cm Additional Features Other Features LM80 Approved led In the Box Sales Package Connecting wire, Driver"
Mazda Energy Flush Mount Ceiling Lamp,"[""Home Decor & Festive Needs >> Decorative Lighting & Lamps >> Ceiling Lamps >> Mazda Energy Ceiling Lamps >> Mazda Energy Flush Mount Ceiling Lamp""]",Mazda Energy,699,"Key Features of Mazda Energy Flush Mount Ceiling Lamp On Purchase you will receive 1 PC OF 15W Panel Light. All hardware to fix the light will be provided 2yrs Warranty only if bought from Mazda Energy. Warranty will be void if bought from other Dealer. Operating Voltage:AC 85-265V Product Size:170x170mm. Square Shape Mounting Hole:150x150mm Lifetime:50,000 hrs / Light Color White Light Source:75 pcs SMD 2835 /Luminous Flux: 1575Lm,Mazda Energy Flush Mount Ceiling Lamp Price: Rs. 699 Mazda Energy brings you this Square shaped LED panel light in White colour. The panel light is made from Die Cast Aluminium with Powder Coated White finish. Power consumption for the light is 15 watt, and voltage specification is 230 V AC, while the luminous intensity is 1560 lm , saving you light and your electricity bill BY 80%. With Anti-Glare Diffuser, LED Chip: SMD 2835, the quality and the durability of the light is unmatched. The light can be fixed into Recessed, POP, or False ceiling. The dimensions are Length: 170 mm, Width: 170 mm, Height: 14 mm, Cut-Out Size:150x150mm Also, there is 2 year seller warranty on the product. PRODUCT SPECIFICATIONS:- Beam Angle:120 Degree Body Color:White Color Temperature:6000-6500K CRI:≧Ra 75 LED Chip:San An Lifetime:50,000 hrs Light Color:Cool White Light Source:75 pcs SMD 2835 Luminous Flux: 1350Lm Material:Aluminium Alloy Mounting Hole: 150x150mm Product Size:170x170mm Shape: Square Voltage:AC 230V Warranty:2 Years Waterproof Rating:IP30 Wattage:15W FREE REPLAEMENT WARRANTY FOR 2YRS. LIFE OF THE PRODUCT IS 7-8 YRS.,Specifications of Mazda Energy Flush Mount Ceiling Lamp General Bulb Included Yes Brand Mazda Energy Model Number 15W SQUARE WHITE Type Flush Mount Assembly Required Yes Light Used LED Material Aluminium Alloy Number of Bulb 1 Color White Warranty Covered in Warranty Full Product is covered under Warranty. Physical and Water damages is not covered. Service Type Customer Needs to contact Mazda Energy & we will solve it. Not Covered in Warranty PHYSICAL DAMAGE, WATER DAMAGE, SHORT CIRCUIT, VOLTAGE FLUCTUATION Dimensions Cord Length 30 cm Weight 320 g Length 17 cm Other Dimensions Product size is 170x170mm, Cut-out size is 150x150mm Width 17 cm In the Box Sales Package Square LED Panel, LED Driver, Spring Clamps"
Happy walls Extra Large PVC vinyl Sticker,"[""Home Decor & Festive Needs >> Wall Decor & Clocks >> Wall Decals & Stickers >> Happy walls Wall Decals & Stickers >> Happy walls Extra Large PVC vinyl Sticker (Pack ...""]",Happy walls,239,"Key Features of Happy walls Extra Large PVC vinyl Sticker Height : 110 cm Width : 80 cm Imported Pvc vinyl,Happy walls Extra Large PVC vinyl Sticker (Pack of 1) Price: Rs. 239 PVC Vinyl Compatible Ideal for Family Lounge, Bedroom, Cafe and Restaurantstickers decorate your home just in minutes. Wall Sticker Application Instruction Our wall decal application instructions will make it easy for you to apply your wall decals. 1). The surface you wish to attach your decal must be clean and free from dust, grease or any other contamination. 2). Simply peel those pre-cut pieces of wall stickers off from backing paper and apply them on the desired area. Freshly painted or lacquered surfaces must be allowed to completely cure before the decal is applied. We recommend waiting for minimum of 2-3 weeks. 3). Press firmly to squeeze out any air bubbles. Please Note: It will be helpful and fun if you take help of your friends or family members to stick the wall decals on your wall. 3). DO NOT APPLY ON WET WALL, Kids room, Nursery Room etc. Features PVC, Non-toxic, Eco-friendly...,Specifications of Happy walls Extra Large PVC vinyl Sticker (Pack of 1) In The Box Number of Contents in Sales Package Pack of 1 General Brand Happy walls Laminated Yes Type PVC vinyl Size in Number 12 Number of Stickers 1 Material Imported Pvc vinyl Size Extra Large Dimensions Weight 200 g Height 110 cm Width 80 cm"
Happy walls Extra Large PVC vinyl Sticker,"[""Home Decor & Festive Needs >> Wall Decor & Clocks >> Wall Decals & Stickers >> Happy walls Wall Decals & Stickers >> Happy walls Extra Large PVC vinyl Sticker (Pack ...""]",Happy walls,299,"Key Features of Happy walls Extra Large PVC vinyl Sticker Height : 90 cm Width : 120 cm Imported Pvc vinyl,Happy walls Extra Large PVC vinyl Sticker (Pack of 1) Price: Rs. 299 PVC Vinyl Compatible Ideal for Family Lounge, Bedroom, Cafe and Restaurantstickers decorate your home just in minutes. Wall Sticker Application Instruction Our wall decal application instructions will make it easy for you to apply your wall decals. 1). The surface you wish to attach your decal must be clean and free from dust, grease or any other contamination. 2). Simply peel those pre-cut pieces of wall stickers off from backing paper and apply them on the desired area. Freshly painted or lacquered surfaces must be allowed to completely cure before the decal is applied. We recommend waiting for minimum of 2-3 weeks. 3). Press firmly to squeeze out any air bubbles. Please Note: It will be helpful and fun if you take help of your friends or family members to stick the wall decals on your wall. 3). DO NOT APPLY ON WET WALL, Kids room, Nursery Room etc. Features PVC, Non-toxic, Eco-friendly...,Specifications of Happy walls Extra Large PVC vinyl Sticker (Pack of 1) In The Box Number of Contents in Sales Package Pack of 1 General Brand Happy walls Laminated Yes Type PVC vinyl Size in Number 12 Number of Stickers 1 Material Imported Pvc vinyl Size Extra Large Dimensions Weight 200 g Height 90 cm Width 120 cm Additional Features These are very easily Apply & removable Wall Stickers..."
Rrsskids Swing King Cotton Hammock,"[""Home Decor & Festive Needs >> Garden & Leisure >> Hammocks & Swings >> Hammocks >> Rrsskids Hammocks >> Rrsskids Swing King Cotton Hammock (White)""]",Rrsskids,4200,"Key Features of Rrsskids Swing King Cotton Hammock Comfortable Durable Attractive design,Rrsskids Swing King Cotton Hammock (White) Price: Rs. 4,200 Perfect for those moments when you feel like swaying along with the breeze, this white colored hammock from RRSSKIDS is the ultimate in comfort. Crafted from a soft cotton material, this hammock will provide a comforting feel while being breathable so that you may lie upon with ease and relaxation. With soft rope, this hammock will conform to your body as you rest.,Specifications of Rrsskids Swing King Cotton Hammock (White) General Brand Rrsskids Maximum Load 150 kg Model Number SBE513 Type Hammock Shade Sober White Material Cotton Model Name Swing King Color White Dimensions Weight 1.2 kg Length 39.38 inch Width 78.75 inch Disclaimer - The color of the product may vary slightly compared to the picture displayed on your screen. This is due to lighting, pixel quality and color settings - Please check the product's dimensions to ensure the product will fit in the desired location. Also, check if the product will fit through...View More - The color of the product may vary slightly compared to the picture displayed on your screen. This is due to lighting, pixel quality and color settings - Please check the product's dimensions to ensure the product will fit in the desired location. Also, check if the product will fit through the entrance(s) and door(s) of the premises - Please expect an unevenness of up to 5 mm in the product due to differences in surfaces and floor levels - Flipkart, or the Seller delivering the product, will not take up any type of civil work, such as drilling holes in the wall to mount the product. The product will only be assembled in case carpentry assembly is required - In case the product appears to lack shine, wiping the surface with a cloth will help clear the surface of dust particles Body & Design Features Foldable Yes Portable Yes Pillow Provided No In the Box Sales Package 1 Hammock Pack of 1"
Ddreamz Small PVC Vinyl Sticker,"[""Home Decor & Festive Needs >> Wall Decor & Clocks >> Wall Decals & Stickers >> Ddreamz Wall Decals & Stickers >> Ddreamz Small PVC Vinyl Sticker (Pack of 1)""]",Ddreamz,189,"Key Features of Ddreamz Small PVC Vinyl Sticker AFFORDABLE WASHABLE CUSTOMIZABLE EASY TO APPLY EASY TO MAINTAIN HEIGHT OR WIDTH 61 cms.,Ddreamz Small PVC Vinyl Sticker (Pack of 1) Price: Rs. 189 Wall Decal Is A Vinyl Sticker That Is Affixed To A Wall Or Other Smooth Surface For Decoration And Informational Purpose, As A Quick And Easy Way To Personalize And Transform Your Home. A Very Unique And A Beautiful Product From The House Of Ddreamz. It’S Easy To Apply. Decals Can Range From Simple Small Wall Borders And Cut Outs To More Complex Murals Covering Entire Walls. They May Feature Words, Pictures And Designs. Vinyl Wall Decals Come In Various Shapes And Sizes. They Can Be As Small Or As Large As Necessary. Vinyl Decals Have Various Uses. Vinyl Decals Were Originally Only Used For Sign Making, But They Have Recently Been Added To Interior Decorators Portfolios And Have Also Become Well Known As A ‘Do-It-Yourself’ Home Decorating Option. Decals Can Be Used On Windows, Walls Or Tiles As Decoration. They May Also Serve As A Tool To Inform People That There Is A Glass Door Or Window. Sizes Available for Wall Stickers are Following : TINY = 45cms X 60cms, SMALL = 60cms X 60cms, MEDIUM = 75cms X 60cms, LARGE = 90cms X 60cms, SUPER = 105cms X 60cms, JUMBO = 120cms X 60cms, GIANT = 135cms X 60cms, MEGA = 150cms X 60cms.,Specifications of Ddreamz Small PVC Vinyl Sticker (Pack of 1) In The Box Number of Contents in Sales Package Pack of 1 Sales Package 01 Wall Sticker, Installation Manual General Ideal Use Child Bedroom, Kids Bedroom, Living room, Boys & Girls Bedroom, Wall & Glass Scratch-resistant Yes Shape Rectangular Brand Ddreamz Type PVC Vinyl Size in Number 61 cm Number of Stickers 1 Material Vinyl Size Small Dimensions Height 61 cm Width 45 cm"
Happy walls Extra Large PVC vinyl Sticker,"[""Home Decor & Festive Needs >> Wall Decor & Clocks >> Wall Decals & Stickers >> Happy walls Wall Decals & Stickers >> Happy walls Extra Large PVC vinyl Sticker (Pack ...""]",Happy walls,299,"Key Features of Happy walls Extra Large PVC vinyl Sticker Height : 130 cm Width : 120 cm Imported Pvc vinyl,Happy walls Extra Large PVC vinyl Sticker (Pack of 1) Price: Rs. 299 PVC Vinyl Compatible Ideal for Family Lounge, Bedroom, Cafe and Restaurantstickers decorate your home just in minutes. Wall Sticker Application Instruction Our wall decal application instructions will make it easy for you to apply your wall decals. 1). The surface you wish to attach your decal must be clean and free from dust, grease or any other contamination. 2). Simply peel those pre-cut pieces of wall stickers off from backing paper and apply them on the desired area. Freshly painted or lacquered surfaces must be allowed to completely cure before the decal is applied. We recommend waiting for minimum of 2-3 weeks. 3). Press firmly to squeeze out any air bubbles. Please Note: It will be helpful and fun if you take help of your friends or family members to stick the wall decals on your wall. 3). DO NOT APPLY ON WET WALL, Kids room, Nursery Room etc. Features PVC, Non-toxic, Eco-friendly...,Specifications of Happy walls Extra Large PVC vinyl Sticker (Pack of 1) In The Box Number of Contents in Sales Package Pack of 1 General Brand Happy walls Laminated Yes Type PVC vinyl Size in Number 12 Number of Stickers 1 Material Imported Pvc vinyl Size Extra Large Dimensions Weight 200 g Height 130 cm Width 120 cm Additional Features These are very easily Apply & removable Wall Stickers..."
Ddreamz Small PVC Vinyl Sticker,"[""Home Decor & Festive Needs >> Wall Decor & Clocks >> Wall Decals & Stickers >> Ddreamz Wall Decals & Stickers >> Ddreamz Small PVC Vinyl Sticker (Pack of 1)""]",Ddreamz,,"Key Features of Ddreamz Small PVC Vinyl Sticker AFFORDABLE WASHABLE CUSTOMIZABLE EASY TO APPLY EASY TO MAINTAIN HEIGHT OR WIDTH 61 cms,Ddreamz Small PVC Vinyl Sticker (Pack of 1) Price: Rs. 319 Wall Decal Is A Vinyl Sticker That Is Affixed To A Wall Or Other Smooth Surface For Decoration And Informational Purpose, As A Quick And Easy Way To Personalize And Transform Your Home. A Very Unique And A Beautiful Product From The House Of Ddreamz. It’S Easy To Apply. Decals Can Range From Simple Small Wall Borders And Cut Outs To More Complex Murals Covering Entire Walls. They May Feature Words, Pictures And Designs. Vinyl Wall Decals Come In Various Shapes And Sizes. They Can Be As Small Or As Large As Necessary. Vinyl Decals Have Various Uses. Vinyl Decals Were Originally Only Used For Sign Making, But They Have Recently Been Added To Interior Decorators Portfolios And Have Also Become Well Known As A ‘Do-It-Yourself’ Home Decorating Option. Decals Can Be Used On Windows, Walls Or Tiles As Decoration. They May Also Serve As A Tool To Inform People That There Is A Glass Door Or Window. Sizes Available for Wall Stickers are Following : TINY = 45cms X 60cms, SMALL = 60cms X 60cms, MEDIUM = 75cms X 60cms, LARGE = 90cms X 60cms, SUPER = 105cms X 60cms, JUMBO = 120cms X 60cms, GIANT = 135cms X 60cms, MEGA = 150cms X 60cms.,Specifications of Ddreamz Small PVC Vinyl Sticker (Pack of 1) In The Box Number of Contents in Sales Package Pack of 1 Sales Package 01 Wall Sticker, Installation Manual General Ideal Use Child Bedroom, Kids Bedroom, Living room, Boys & Girls Bedroom, Wall & Glass Scratch-resistant Yes Shape Rectangular Brand Ddreamz Type PVC Vinyl Size in Number 61 cm Number of Stickers 1 Material Vinyl Size Small"
Smart Wall Guru Small Adhesive Sticker Sticker,"[""Home Decor & Festive Needs >> Wall Decor & Clocks >> Wall Decals & Stickers >> Smart Wall Guru Wall Decals & Stickers >> Smart Wall Guru Small Adhesive Sticker Sticker (...""]",Smart Wall Guru,199,"Key Features of Smart Wall Guru Small Adhesive Sticker Sticker Make For Smart Bedroom Study room Looking Awesome Living room Bath room Attractive Guest room Kitchen Easy to Install Easy to Remove Easy To Clean All Wall Decal are front Matte Finish, water resistant & packaged between two layers.,Smart Wall Guru Small Adhesive Sticker Sticker (Pack of 1) Price: Rs. 199 'Smart Wall Guru'' gives u a pure beautiful house with our decoration wall stickers,wall decals & all kind of designs for your home decoration.These stickers are made of self adhesive PVC vinyl and very easy to apply on plane surface. These are the great suppliment of wallpaper,wall color and another decoration method. Thnkss…,Specifications of Smart Wall Guru Small Adhesive Sticker Sticker (Pack of 1) In The Box Number of Contents in Sales Package Pack of 1 Sales Package 1 Sticker General Ideal Use Home, Child Bedroom, Bedroom Brand Smart Wall Guru Scratch-resistant Yes Laminated Yes Type Adhesive Sticker Number of Stickers 1 Size in Number 27.61 cm Material Self Adhesive PVC Vinyl Size Small Dimensions Height 27 cm Width 61 cm"
Happy walls Extra Large PVC vinyl Sticker,"[""Home Decor & Festive Needs >> Wall Decor & Clocks >> Wall Decals & Stickers >> Happy walls Wall Decals & Stickers >> Happy walls Extra Large PVC vinyl Sticker (Pack ...""]",Happy walls,299,"Key Features of Happy walls Extra Large PVC vinyl Sticker Height : 100 cm Width : 100 cm Imported Pvc vinyl,Happy walls Extra Large PVC vinyl Sticker (Pack of 1) Price: Rs. 299 PVC Vinyl Compatible Ideal for Family Lounge, Bedroom, Cafe and Restaurantstickers decorate your home just in minutes. Wall Sticker Application Instruction Our wall decal application instructions will make it easy for you to apply your wall decals. 1). The surface you wish to attach your decal must be clean and free from dust, grease or any other contamination. 2). Simply peel those pre-cut pieces of wall stickers off from backing paper and apply them on the desired area. Freshly painted or lacquered surfaces must be allowed to completely cure before the decal is applied. We recommend waiting for minimum of 2-3 weeks. 3). Press firmly to squeeze out any air bubbles. Please Note: It will be helpful and fun if you take help of your friends or family members to stick the wall decals on your wall. 3). DO NOT APPLY ON WET WALL, Kids room, Nursery Room etc. Features PVC, Non-toxic, Eco-friendly...,Specifications of Happy walls Extra Large PVC vinyl Sticker (Pack of 1) In The Box Number of Contents in Sales Package Pack of 1 General Brand Happy walls Type PVC vinyl Number of Stickers 1 Size Extra Large Size in Number 12 Material Imported Pvc vinyl Laminated Yes Additional Features These are very easily Apply & removable Wall Stickers... Dimensions Width 100 cm Height 100 cm Weight 200 g"
Smart Wall Guru Large Adhesive Sticker Sticker,"[""Home Decor & Festive Needs >> Wall Decor & Clocks >> Wall Decals & Stickers >> Smart Wall Guru Wall Decals & Stickers >> Smart Wall Guru Large Adhesive Sticker Sticker (...""]",Smart Wall Guru,499,"Key Features of Smart Wall Guru Large Adhesive Sticker Sticker Make For Smart Bedroom Study room Looking Awesome Living room Bath room Attractive Guest room Kitchen Easy to Install Easy to Remove Easy To Clean All Wall Decal are front Matte Finish, water resistant & packaged between two layers.,Smart Wall Guru Large Adhesive Sticker Sticker (Pack of 1) Price: Rs. 499 'Smart Wall Guru'' gives u a pure beautiful house with our decoration wall stickers,wall decals & all kind of designs for your home decoration.These stickers are made of self adhesive PVC vinyl and very easy to apply on plane surface. These are the great suppliment of wallpaper,wall color and another decoration method. Thnkss…,Specifications of Smart Wall Guru Large Adhesive Sticker Sticker (Pack of 1) In The Box Number of Contents in Sales Package Pack of 1 Sales Package 1 Sticker General Ideal Use Home, Child Bedroom, Bedroom Brand Smart Wall Guru Scratch-resistant Yes Laminated Yes Type Adhesive Sticker Number of Stickers 1 Size in Number 45.101 cm Material Self Adhesive PVC Vinyl Size Large Dimensions Height 45 cm Width 101 cm"
Lolprint Rakhi Gifts Scroll Greeting Card,"[""Home Decor & Festive Needs >> Festive Decor >> Greeting Cards >> Lolprint Greeting Cards >> Lolprint Rakhi Gifts Scroll Greeting Card (Multi...""]",Lolprint,499,"Key Features of Lolprint Rakhi Gifts Scroll Greeting Card Rakhi Scroll Card Premium Quality Digital Printing Safe Packaging,Specifications of Lolprint Rakhi Gifts Scroll Greeting Card (Multicolor, Pack of 1) General Brand Lolprint Novelty Features Scroll Theme Rakhi Model Number LPSC398 Type Greeting Material Cloth Fabric, Paper Model Name Rakhi Gifts Scroll Occasion Festival Ideal For Brother, Sister Color Multicolor Dimensions Height 12 inch Width 8 inch Additional Features Other Features Satin Fabric Printing, Matching Scroll Card Box Text Type Printed In the Box Sales Package 1 Card Pack of 1"
Lolprint Rakhi Gifts Scroll Greeting Card,"[""Home Decor & Festive Needs >> Festive Decor >> Greeting Cards >> Lolprint Greeting Cards >> Lolprint Rakhi Gifts Scroll Greeting Card (Multi...""]",Lolprint,499,"Key Features of Lolprint Rakhi Gifts Scroll Greeting Card Rakhi Scroll Card Premium Quality Digital Printing Safe Packaging,Specifications of Lolprint Rakhi Gifts Scroll Greeting Card (Multicolor, Pack of 1) General Brand Lolprint Novelty Features Scroll Theme Rakhi Model Number LPSC437 Type Greeting Material Cloth Fabric, Paper Model Name Rakhi Gifts Scroll Occasion Festival Ideal For Brother, Sister Color Multicolor Dimensions Height 12 inch Width 8 inch Additional Features Other Features Satin Fabric Printing, Matching Scroll Card Box Text Type Printed In the Box Sales Package 1 Card Pack of 1"
Lolprint Friendship Gifts Scroll Greeting Card,"[""Home Decor & Festive Needs >> Festive Decor >> Greeting Cards >> Lolprint Greeting Cards >> Lolprint Friendship Gifts Scroll Greeting Card (...""]",Lolprint,499,"Key Features of Lolprint Friendship Gifts Scroll Greeting Card Friendship Scroll Card Premium Quality Digital Printing Safe Packaging,Specifications of Lolprint Friendship Gifts Scroll Greeting Card (Multicolor, Pack of 1) General Brand Lolprint Novelty Features Scroll Theme Friendship Day Model Number LPSC336 Type Greeting Material Cloth Fabric, Paper Model Name Friendship Gifts Scroll Occasion Friendship Day Ideal For Friend, Girlfriend, Boyfriend Color Multicolor Dimensions Height 12 inch Width 8 inch Additional Features Other Features Satin Fabric Printing, Matching Scroll Card Box Text Type Printed In the Box Sales Package 1 Card Pack of 1"
"Chipmunk Casual, Party, Festive Pink, Green Artificial Leather  Clutch","[""Bags, Wallets & Belts >> Wallets & Clutches >> Clutches >> Chipmunk Clutches >> Chipmunk Casual, Party, Festive Pink, Green Arti...""]",Chipmunk,530,"Specifications of Chipmunk Casual, Party, Festive Pink, Green Artificial Leather  Clutch General Model Name CMA Material Artificial Leather Style Code CMA414 Occasion Casual, Party, Festive Color Code Pink, Green Dimensions Weight 150 g Width 83 mm Body Features Card Slots 5 Number of Compartments 4 In the Box Clutch"
eKolhapuri Terracotta Vase,"[""Home Decor & Festive Needs >> Flowers, Plants & Vases >> Flower Vase >> eKolhapuri Flower Vase >> eKolhapuri Terracotta Vase (6 inch, Black)""]",eKolhapuri,500,"Key Features of eKolhapuri Terracotta Vase Handicrafts Products Teracotta Material Rural Artisan Work Multicolor Indian Ethnic Home Décor,Specifications of eKolhapuri Terracotta Vase (6 inch, Black) General Brand eKolhapuri Suitable For Table Model Number SPTC1068 Type Home Décor, Ethnic, Decorative Material Terracotta Color Black Dimensions Top Diameter 0.5 inch Weight 40 g Other Dimensions 2.5 X 0.8 X 0.5 Inch Height 6 inch Width 1.2 inch Bottom Diameter 0.9 inch Depth 2 inch Body & Design Features Other Body and Design Features Handmade, Painting Finish Glossy Pattern Hand Painting Design Hand Paint, Warali, Rajasthani, Village Lady Additional Features Other Features Hadmade Teracotta Vase, Hand Painted, Ethnic Table Décor, Good Color Used, Good Painting Work, Kolhapuri Art work"
eKolhapuri Terracotta Vase,"[""Home Decor & Festive Needs >> Flowers, Plants & Vases >> Flower Vase >> eKolhapuri Flower Vase >> eKolhapuri Terracotta Vase (11 inch, Multicolor)""]",eKolhapuri,725,"Key Features of eKolhapuri Terracotta Vase Handicrafts Products Teracotta Material Rural Artisan Work Multicolor Indian Ethnic Home Décor,Specifications of eKolhapuri Terracotta Vase (11 inch, Multicolor) General Brand eKolhapuri Suitable For Table Model Number SPTC1020 Type Home Décor, Ethnic, Decorative Material Terracotta Color Multicolor Dimensions Top Diameter 5 inch Weight 670 g Height 11 inch Other Dimensions 4.7 X 5 X 5 Inch Width 12.5 inch Depth 12.5 inch Bottom Diameter 5 inch Body & Design Features Other Body and Design Features Handmade, Painting Pattern Hand Painting Finish Glossy Design Hand Paint, Warali, Rajasthani, Village Lady Additional Features Other Features Hadmade Teracotta Vase, Hand Painted, Ethnic Table Décor, Good Color Used, Good Painting Work, Kolhapuri Art work"
eKolhapuri Terracotta Vase,"[""Home Decor & Festive Needs >> Flowers, Plants & Vases >> Flower Vase >> eKolhapuri Flower Vase >> eKolhapuri Terracotta Vase (7.6 inch, Multicolor)""]",eKolhapuri,400,"Key Features of eKolhapuri Terracotta Vase Handicrafts Products Teracotta Material Rural Artisan Work Multicolor Indian Ethnic Home Décor,Specifications of eKolhapuri Terracotta Vase (7.6 inch, Multicolor) General Brand eKolhapuri Suitable For Table Model Number SPTC1080 Type Home Décor, Ethnic, Decorative Material Terracotta Color Multicolor Dimensions Height 7.6 inch Width 1.2 inch Depth 2 inch Bottom Diameter 0.9 inch Body & Design Features Other Body and Design Features Handmade, Painting Pattern Hand Painting Finish Glossy Design Hand Paint, Warali, Rajasthani, Village Lady Additional Features Other Features Hadmade Teracotta Vase, Hand Painted, Ethnic Table Décor, Good Color Used, Good Painting Work, Kolhapuri Art work"
eKolhapuri Terracotta Vase,"[""Home Decor & Festive Needs >> Flowers, Plants & Vases >> Flower Vase >> eKolhapuri Flower Vase >> eKolhapuri Terracotta Vase (6 inch, Multicolor)""]",eKolhapuri,660,"Key Features of eKolhapuri Terracotta Vase Handicrafts Products Teracotta Material Rural Artisan Work Multicolor Indian Ethnic Home Décor,eKolhapuri Terracotta Vase (6 inch, Multicolor) Price: Rs. 660 ekolhapuri makes a statement of Indian Handicrafts. Terracotta Vases & Miniatures endeavoring to bring to the fore the captivating rustic artistry and handicrafts that still remain undiscovered, the brand offers exclusively handpicked handicraft accents from rural artisans. It showcases diversity and heritage through their authentic products to the urban crowd at convenient prices, all while preserving the traditional art and craft. Every effort has been made to accurately reproduce the look of this product but there may be some variation in the color and design of the actual product received due to varied screen resolution or lighting at time of digital photography. The color of the product might differ slightly from what's shown in the image. Since its a handmade and handmade the size and painting can differ to some extent.,Specifications of eKolhapuri Terracotta Vase (6 inch, Multicolor) General Brand eKolhapuri Suitable For Table Model Number SPTC1031 Type Home Décor, Ethnic, Decorative Material Terracotta Color Multicolor Dimensions Top Diameter 6.3 inch Weight 600 g Other Dimensions 2.5 X 5.3 X 6.3 Inch Height 6 inch Width 16 inch Bottom Diameter 5.3 inch Depth 13 inch Body & Design Features Other Body and Design Features Handmade, Painting Finish Glossy Pattern Hand Painting Design Hand Paint, Warali, Rajasthani, Village Lady Additional Features Other Features Hadmade Teracotta Vase, Hand Painted, Ethnic Table Décor, Good Color Used, Good Painting Work, Kolhapuri Art work"
Innovative Single Corner Stainless Steel Wall Shelf,"[""Home Decor & Festive Needs >> Wall Decor & Clocks >> Wall Shelves >> Innovative Wall Shelves >> Innovative Single Corner Stainless Steel Wall Sh...""]",Innovative,599,"Key Features of Innovative Single Corner Stainless Steel Wall Shelf Suitable For: Living Room & Bedroom Wall Mountable Rust Proof,Innovative Single Corner Stainless Steel Wall Shelf (Number of Shelves - 1, Silver) Price: Rs. 599 Shelf Corner Single,Specifications of Innovative Single Corner Stainless Steel Wall Shelf (Number of Shelves - 1, Silver) General Brand Innovative Suitable For Living Room & Bedroom Model Number 1001 Model Name Single Corner Material Stainless Steel Color Silver Dimensions Height 7 inch Width 9 inch Body & Design Features Number of Shelves 1 In the Box Sales Package 1 Shelf Pack of 1 Additional Features Rust Proof Yes"
eKolhapuri Terracotta Vase,"[""Home Decor & Festive Needs >> Flowers, Plants & Vases >> Flower Vase >> eKolhapuri Flower Vase >> eKolhapuri Terracotta Vase (7.6 inch, Black)""]",eKolhapuri,500,"Key Features of eKolhapuri Terracotta Vase Handicrafts Products Teracotta Material Rural Artisan Work Multicolor Indian Ethnic Home Décor,Specifications of eKolhapuri Terracotta Vase (7.6 inch, Black) General Brand eKolhapuri Suitable For Table Model Number SPTC1063 Type Home Décor, Ethnic, Decorative Material Terracotta Color Black Dimensions Top Diameter 0.5 inch Weight 40 g Other Dimensions 3.0 X 0.9 X 0.5 Inch Height 7.6 inch Width 1.2 inch Bottom Diameter 0.9 inch Depth 2 inch Body & Design Features Other Body and Design Features Handmade, Painting Finish Glossy Pattern Hand Painting Design Hand Paint, Warali, Rajasthani, Village Lady Additional Features Other Features Hadmade Teracotta Vase, Hand Painted, Ethnic Table Décor, Good Color Used, Good Painting Work, Kolhapuri Art work"
eKolhapuri Terracotta Vase,"[""Home Decor & Festive Needs >> Flowers, Plants & Vases >> Flower Vase >> eKolhapuri Flower Vase >> eKolhapuri Terracotta Vase (7.6 inch, Multicolor)""]",eKolhapuri,400,"Key Features of eKolhapuri Terracotta Vase Handicrafts Products Teracotta Material Rural Artisan Work Multicolor Indian Ethnic Home Décor,Specifications of eKolhapuri Terracotta Vase (7.6 inch, Multicolor) General Brand eKolhapuri Suitable For Table Model Number SPTC1078 Type Home Décor, Ethnic, Decorative Material Terracotta Color Multicolor Dimensions Top Diameter 0.5 inch Weight 40 g Height 7.6 inch Other Dimensions 3.0 X 0.9 X 0.5 Inch Width 1.2 inch Depth 2 inch Bottom Diameter 0.9 inch Body & Design Features Other Body and Design Features Handmade, Painting Pattern Hand Painting Finish Glossy Design Hand Paint, Warali, Rajasthani, Village Lady Additional Features Other Features Hadmade Teracotta Vase, Hand Painted, Ethnic Table Décor, Good Color Used, Good Painting Work, Kolhapuri Art work"
eKolhapuri Terracotta Vase,"[""Home Decor & Festive Needs >> Flowers, Plants & Vases >> Flower Vase >> eKolhapuri Flower Vase >> eKolhapuri Terracotta Vase (11 inch, Green)""]",eKolhapuri,595,"Key Features of eKolhapuri Terracotta Vase Handicrafts Products Teracotta Material Rural Artisan Work Multicolor Indian Ethnic Home Décor,Specifications of eKolhapuri Terracotta Vase (11 inch, Green) General Brand eKolhapuri Suitable For Table Model Number SPTC1034 Type Home Décor, Ethnic, Decorative Material Terracotta Color Green Dimensions Top Diameter 4.5 inch Weight 430 g Other Dimensions 4.7 X 5.7 X 4.5 Inch Height 11 inch Width 11.5 inch Bottom Diameter 5.7 inch Depth 15 inch Body & Design Features Other Body and Design Features Handmade, Painting Finish Glossy Pattern Hand Painting Design Hand Paint, Warali, Rajasthani, Village Lady Additional Features Other Features Hadmade Teracotta Vase, Hand Painted, Ethnic Table Décor, Good Color Used, Good Painting Work, Kolhapuri Art work"
eKolhapuri Terracotta Vase,"[""Home Decor & Festive Needs >> Flowers, Plants & Vases >> Flower Vase >> eKolhapuri Flower Vase >> eKolhapuri Terracotta Vase (6 inch, Multicolor)""]",eKolhapuri,440,"Key Features of eKolhapuri Terracotta Vase Handicrafts Products Teracotta Material Rural Artisan Work Multicolor Indian Ethnic Home Décor,Specifications of eKolhapuri Terracotta Vase (6 inch, Multicolor) General Brand eKolhapuri Suitable For Table Model Number SPTC1083 Type Home Décor, Ethnic, Decorative Material Terracotta Color Multicolor Dimensions Top Diameter 0.5 inch Weight 40 g Height 6 inch Other Dimensions 2.5 X 0.9 X 0.5 Inch Width 1.2 inch Depth 2 inch Bottom Diameter 0.9 inch Body & Design Features Other Body and Design Features Handmade, Painting Pattern Hand Painting Finish Glossy Design Hand Paint, Warali, Rajasthani, Village Lady Additional Features Other Features Hadmade Teracotta Vase, Hand Painted, Ethnic Table Décor, Good Color Used, Good Painting Work, Kolhapuri Art work"
eKolhapuri Terracotta Vase,"[""Home Decor & Festive Needs >> Flowers, Plants & Vases >> Flower Vase >> eKolhapuri Flower Vase >> eKolhapuri Terracotta Vase (6 inch, Multicolor)""]",eKolhapuri,500,"Key Features of eKolhapuri Terracotta Vase Handicrafts Products Teracotta Material Rural Artisan Work Multicolor Indian Ethnic Home Décor,Specifications of eKolhapuri Terracotta Vase (6 inch, Multicolor) General Brand eKolhapuri Suitable For Table Model Number SPTC1076 Type Home Décor, Ethnic, Decorative Material Terracotta Color Multicolor Dimensions Height 6 inch Width 1.2 inch Depth 2 inch Bottom Diameter 0.9 inch Body & Design Features Other Body and Design Features Handmade, Painting Pattern Hand Painting Finish Glossy Design Hand Paint, Warali, Rajasthani, Village Lady Additional Features Other Features Hadmade Teracotta Vase, Hand Painted, Ethnic Table Décor, Good Color Used, Good Painting Work, Kolhapuri Art work"
eKolhapuri Terracotta Vase,"[""Home Decor & Festive Needs >> Flowers, Plants & Vases >> Flower Vase >> eKolhapuri Flower Vase >> eKolhapuri Terracotta Vase (5 inch, Multicolor)""]",eKolhapuri,520,"Key Features of eKolhapuri Terracotta Vase Handicrafts Products Teracotta Material Rural Artisan Work Multicolor Indian Ethnic Home Décor,Specifications of eKolhapuri Terracotta Vase (5 inch, Multicolor) General Brand eKolhapuri Suitable For Table Model Number SPTC1072 Type Home Décor, Ethnic, Decorative Material Terracotta Color Multicolor Dimensions Height 5 inch Width 1.2 inch Depth 2 inch Bottom Diameter 0.9 inch Body & Design Features Other Body and Design Features Handmade, Painting Pattern Hand Painting Finish Glossy Design Hand Paint, Warali, Rajasthani, Village Lady Additional Features Other Features Hadmade Teracotta Vase, Hand Painted, Ethnic Table Décor, Good Color Used, Good Painting Work, Kolhapuri Art work"
eKolhapuri Terracotta Vase,"[""Home Decor & Festive Needs >> Flowers, Plants & Vases >> Flower Vase >> eKolhapuri Flower Vase >> eKolhapuri Terracotta Vase (11 inch, Black)""]",eKolhapuri,515,"Key Features of eKolhapuri Terracotta Vase Handicrafts Products Teracotta Material Rural Artisan Work Multicolor Indian Ethnic Home Décor,Specifications of eKolhapuri Terracotta Vase (11 inch, Black) General Brand eKolhapuri Suitable For Table Model Number SPTC1014 Type Home Décor, Ethnic, Decorative Material Terracotta Color Black Dimensions Height 11 inch Width 3 inch Depth 3.8 inch Bottom Diameter 1.5 inch Body & Design Features Other Body and Design Features Handmade, Painting Pattern Hand Painting Finish Glossy Design Hand Paint, Warali, Rajasthani, Village Lady Additional Features Other Features Hadmade Teracotta Vase, Hand Painted, Ethnic Table Décor, Good Color Used, Good Painting Work, Kolhapuri Art work"
eKolhapuri Terracotta Vase,"[""Home Decor & Festive Needs >> Flowers, Plants & Vases >> Flower Vase >> eKolhapuri Flower Vase >> eKolhapuri Terracotta Vase (5 inch, Multicolor)""]",eKolhapuri,520,"Key Features of eKolhapuri Terracotta Vase Handicrafts Products Teracotta Material Rural Artisan Work Multicolor Indian Ethnic Home Décor,Specifications of eKolhapuri Terracotta Vase (5 inch, Multicolor) General Brand eKolhapuri Suitable For Table Model Number SPTC1070 Type Home Décor, Ethnic, Decorative Material Terracotta Color Multicolor Dimensions Top Diameter 0.5 inch Weight 40 g Other Dimensions 2 X 0.9 X 0.5 Inch Height 5 inch Width 1.2 inch Bottom Diameter 0.9 inch Depth 2 inch Body & Design Features Other Body and Design Features Handmade, Painting Finish Glossy Pattern Hand Painting Design Hand Paint, Warali, Rajasthani, Village Lady Additional Features Other Features Hadmade Teracotta Vase, Hand Painted, Ethnic Table Décor, Good Color Used, Good Painting Work, Kolhapuri Art work"
eKolhapuri Terracotta Vase,"[""Home Decor & Festive Needs >> Flowers, Plants & Vases >> Flower Vase >> eKolhapuri Flower Vase >> eKolhapuri Terracotta Vase (22 inch, Black)""]",eKolhapuri,725,"Key Features of eKolhapuri Terracotta Vase Handicrafts Products Teracotta Material Rural Artisan Work Multicolor Indian Ethnic Home Décor,Specifications of eKolhapuri Terracotta Vase (22 inch, Black) General Brand eKolhapuri Suitable For Table Model Number SPTC1042 Type Home Décor, Ethnic, Decorative Material Terracotta Color Black Dimensions Top Diameter 1.1 inch Weight 710 g Other Dimensions 9 X 3.7 X 1.1 Inch Height 22 inch Width 2.7 inch Bottom Diameter 3.5 inch Depth 9 inch Body & Design Features Other Body and Design Features Handmade, Painting Finish Glossy Pattern Hand Painting Design Hand Paint, Warali, Rajasthani, Village Lady Additional Features Other Features Hadmade Teracotta Vase, Hand Painted, Ethnic Table Décor, Good Color Used, Good Painting Work, Kolhapuri Art work"
eKolhapuri Terracotta Vase,"[""Home Decor & Festive Needs >> Flowers, Plants & Vases >> Flower Vase >> eKolhapuri Flower Vase >> eKolhapuri Terracotta Vase (6 inch, Black)""]",eKolhapuri,660,"Key Features of eKolhapuri Terracotta Vase Handicrafts Products Teracotta Material Rural Artisan Work Multicolor Indian Ethnic Home Décor,Specifications of eKolhapuri Terracotta Vase (6 inch, Black) General Brand eKolhapuri Suitable For Table Model Number SPTC1057 Type Home Décor, Ethnic, Decorative Material Terracotta Color Black Dimensions Top Diameter 0.5 inch Weight 50 g Other Dimensions 2.5 X 0.9 X 0.5 Inch Height 6 inch Width 1.2 inch Bottom Diameter 0.9 inch Depth 2 inch Body & Design Features Other Body and Design Features Handmade, Painting Finish Glossy Pattern Hand Painting Design Hand Paint, Warali, Rajasthani, Village Lady Additional Features Other Features Hadmade Teracotta Vase, Hand Painted, Ethnic Table Décor, Good Color Used, Good Painting Work, Kolhapuri Art work"
SHOPOJ Red Paper Sky Lantern,"[""Home Decor & Festive Needs >> Decorative Lighting & Lamps >> Lanterns >> SHOPOJ Lanterns >> SHOPOJ Red Paper Sky Lantern (80 cm X 34 cm, Pac...""]",SHOPOJ,349,"Specifications of SHOPOJ Red Paper Sky Lantern (80 cm X 34 cm, Pack of 5) General Brand SHOPOJ Model Number SJ-5RED-0074 Shade Red Type Sky Lantern Maximum Altitude 2200 m Ideal For Outdoor Color Red Body and Design Features Light Source Candle Material Paper Finish Glossy Number Of Lights 1 Design Plain In the box Pack of 5 Dimensions Diameter 30 cm Weight 200 g Height 80 cm Other Dimensions 34 x 34 x 80 Width 34 cm"
SHOPOJ Multicolor Paper Sky Lantern,"[""Home Decor & Festive Needs >> Decorative Lighting & Lamps >> Lanterns >> SHOPOJ Lanterns >> SHOPOJ Multicolor Paper Sky Lantern (80 cm X 34 ...""]",SHOPOJ,825,"Key Features of SHOPOJ Multicolor Paper Sky Lantern Paper Light Source - Candle,SHOPOJ Multicolor Paper Sky Lantern (80 cm X 34 cm, Pack of 20) Price: Rs. 825 Chinese Paper Lanterns, in China, they call them Kongming Lantern. It is said they were invented by a hero whose name was Kongming. Chinese Paper Lanterns are ideal for wedding, holiday, birthday and other celebrations parties, they are the perfect, safe alternative to fireworks display that can provide a finale to your big day that you and your guests will remember forever! You can design your lantern by yourself, you can draw pictures, write your personal messages, wishes or your lover¡¯s name on the lantern paper. Don't forget to make a wish when the lantern take-off , it is said that will help realize your wishes. So good luck, my dear friend! Please follow the instructions on the packaging and on the instruction leaflet enclosed with every Sky Lantern. Always keep water or fire extinguishers nearby. Children must not be left unattended with the lanterns. Make sure that you familiarize yourself fully with the instructions provided. Ensure that the wind is not stronger than 5 mph. Ensure that trees are not in the flight path. Must be released more than 5 miles away from any airports. Do not use around dry crops. Wear sensible clothing that is does not dangle around your hands or flap around any flame Note: 1) Check the direction of the wind prior to launch to verify flight path ensuring there are no obstacles. Ensure the lantern is fully opened, not creased or at an angle. 2) Please contact your local Coastguard station if you intend to use Sky Lanterns near the coast, as they can get confused with distress flares. 3) No warranty for lantern as specail items. 4) There exists some color shading.,Specifications of SHOPOJ Multicolor Paper Sky Lantern (80 cm X 34 cm, Pack of 20) General Brand SHOPOJ Model Number SJ-20MLT-0060 Shade Multicolour Type Sky Lantern Maximum Altitude 2200 m Ideal For Outdoor Color Multicolor Body and Design Features Light Source Candle Material Paper Finish Glossy Number Of Lights 1 Design Plain In the box Pack of 20 Dimensions Diameter 30 cm Weight 300 g Height 80 cm Other Dimensions 34 x 34 x 80 Width 34 cm"
SHOPOJ Yellow Paper Sky Lantern,"[""Home Decor & Festive Needs >> Decorative Lighting & Lamps >> Lanterns >> SHOPOJ Lanterns >> SHOPOJ Yellow Paper Sky Lantern (80 cm X 34 cm, ...""]",SHOPOJ,1635,"Key Features of SHOPOJ Yellow Paper Sky Lantern Paper Light Source - Candle,SHOPOJ Yellow Paper Sky Lantern (80 cm X 34 cm, Pack of 40) Price: Rs. 1,635 A sky lantern, also known as Kongming lantern or Chinese lantern, is a small hot air balloon made of paper, with an opening at the bottom where a small fire is suspended. You can write down your wish on it and pray it come true when you fly the lantern Great for making a wish at Valentine's Day, Christmas Day, New Years Day, birthday, etc.,Specifications of SHOPOJ Yellow Paper Sky Lantern (80 cm X 34 cm, Pack of 40) General Brand SHOPOJ Model Number SJ- 40YEL-0094 Shade Yellow Type Sky Lantern Maximum Altitude 2200 m Ideal For Outdoor Color Yellow Body and Design Features Light Source Candle Material Paper Finish Glossy Number Of Lights 1 Design Plain In the box Pack of 40 Dimensions Diameter 30 cm Weight 550 g Height 80 cm Other Dimensions 34 x 34 x 80 Width 34 cm"
SHOPOJ 50 Sky Lanterns Yellow Paper Sky Lantern,"[""Home Decor & Festive Needs >> Decorative Lighting & Lamps >> Lanterns >> SHOPOJ Lanterns >> SHOPOJ 50 Sky Lanterns Yellow Paper Sky Lantern ...""]",SHOPOJ,1950,"Specifications of SHOPOJ 50 Sky Lanterns Yellow Paper Sky Lantern (80 cm X 34 cm, Pack of 50) General Brand SHOPOJ Model Number SJ- 50YEL-0096 Type Sky Lantern Shade Yellow Maximum Altitude 2200 m Ideal For Outdoor Color Yellow Model Name 50 Sky Lanterns Body and Design Features Light Source Candle Material Paper Finish Glossy Number Of Lights 1 Design Plain In the box Pack of 50 Sales Package 50 Sky Lanterns Dimensions Diameter 30 cm Weight 700 g Other Dimensions 34 x 34 x 80 Height 80 cm Width 34 cm"
SHOPOJ 15 Sky Lanterns Yellow Paper Sky Lantern,"[""Home Decor & Festive Needs >> Decorative Lighting & Lamps >> Lanterns >> SHOPOJ Lanterns >> SHOPOJ 15 Sky Lanterns Yellow Paper Sky Lantern ...""]",SHOPOJ,699,"Key Features of SHOPOJ 15 Sky Lanterns Yellow Paper Sky Lantern Paper Light Source - Candle,SHOPOJ 15 Sky Lanterns Yellow Paper Sky Lantern (80 cm X 34 cm, Pack of 15) Price: Rs. 699 A sky lantern, also known as Kongming lantern or Chinese lantern, is a small hot air balloon made of paper, with an opening at the bottom where a small fire is suspended. You can write down your wish on it and pray it come true when you fly the lantern Great for making a wish at Valentine's Day, Christmas Day, New Years Day, birthday, etc.,Specifications of SHOPOJ 15 Sky Lanterns Yellow Paper Sky Lantern (80 cm X 34 cm, Pack of 15) General Brand SHOPOJ Model Number SJ- 15YEL-0089 Type Sky Lantern Shade Yellow Maximum Altitude 2200 m Ideal For Outdoor Color Yellow Model Name 15 Sky Lanterns Body and Design Features Light Source Candle Material Paper Finish Glossy Number Of Lights 1 Design Plain In the box Pack of 15 Sales Package 15 Sky Lanterns Dimensions Diameter 30 cm Weight 300 g Other Dimensions 34 x 34 x 80 Height 80 cm Width 34 cm"
SHOPOJ Blue Paper Sky Lantern,"[""Home Decor & Festive Needs >> Decorative Lighting & Lamps >> Lanterns >> SHOPOJ Lanterns >> SHOPOJ Blue Paper Sky Lantern (80 cm X 34 cm, Pa...""]",SHOPOJ,1458,"Key Features of SHOPOJ Blue Paper Sky Lantern Paper Light Source - Candle,SHOPOJ Blue Paper Sky Lantern (80 cm X 34 cm, Pack of 35) Price: Rs. 1,458 A sky lantern, also known as Kongming lantern or Chinese lantern, is a small hot air balloon made of paper, with an opening at the bottom where a small fire is suspended. You can write down your wish on it and pray it come true when you fly the lantern Great for making a wish at Valentine's Day, Christmas Day, New Years Day, birthday, etc.,Specifications of SHOPOJ Blue Paper Sky Lantern (80 cm X 34 cm, Pack of 35) General Brand SHOPOJ Model Number SJ- 35BLU-0083 Shade Blue Type Sky Lantern Maximum Altitude 2200 m Ideal For Outdoor Color Blue Body and Design Features Light Source Candle Material Paper Finish Glossy Number Of Lights 1 Design Plain In the box Pack of 35 Dimensions Diameter 30 cm Weight 500 g Height 80 cm Other Dimensions 34 x 34 x 80 Width 34 cm"
SHOPOJ White Paper Sky Lantern,"[""Home Decor & Festive Needs >> Decorative Lighting & Lamps >> Lanterns >> SHOPOJ Lanterns >> SHOPOJ White Paper Sky Lantern (80 cm X 34 cm, P...""]",SHOPOJ,550,"Key Features of SHOPOJ White Paper Sky Lantern Paper Light Source - Candle,SHOPOJ White Paper Sky Lantern (80 cm X 34 cm, Pack of 10) Price: Rs. 550 Chinese Paper Lanterns, in China, they call them Kongming Lantern. It is said they were invented by a hero whose name was Kongming. Chinese Paper Lanterns are ideal for wedding, holiday, birthday and other celebrations parties, they are the perfect, safe alternative to fireworks display that can provide a finale to your big day that you and your guests will remember forever! You can design your lantern by yourself, you can draw pictures, write your personal messages, wishes or your lover¡¯s name on the lantern paper. Don't forget to make a wish when the lantern take-off , it is said that will help realize your wishes. So good luck, my dear friend! Please follow the instructions on the packaging and on the instruction leaflet enclosed with every Sky Lantern. Always keep water or fire extinguishers nearby. Children must not be left unattended with the lanterns. Make sure that you familiarize yourself fully with the instructions provided. Ensure that the wind is not stronger than 5 mph. Ensure that trees are not in the flight path. Must be released more than 5 miles away from any airports. Do not use around dry crops. Wear sensible clothing that is does not dangle around your hands or flap around any flame Note: 1) Check the direction of the wind prior to launch to verify flight path ensuring there are no obstacles. Ensure the lantern is fully opened, not creased or at an angle. 2) Please contact your local Coastguard station if you intend to use Sky Lanterns near the coast, as they can get confused with distress flares. 3) No warranty for lantern as specail items. 4) There exists some color shading.,Specifications of SHOPOJ White Paper Sky Lantern (80 cm X 34 cm, Pack of 10) General Brand SHOPOJ Model Number SJ-10WHT-0064 Shade White Type Sky Lantern Maximum Altitude 2200 m Ideal For Outdoor Color White Body and Design Features Light Source Candle Material Paper Finish Glossy Number Of Lights 1 Design Plain In the box Pack of 10 Dimensions Diameter 30 cm Weight 250 g Height 80 cm Other Dimensions 34 x 34 x 80 Width 34 cm"
SHOPOJ Multicolor Paper Sky Lantern,"[""Home Decor & Festive Needs >> Decorative Lighting & Lamps >> Lanterns >> SHOPOJ Lanterns >> SHOPOJ Multicolor Paper Sky Lantern (80 cm X 34 ...""]",SHOPOJ,515,"Key Features of SHOPOJ Multicolor Paper Sky Lantern Paper Light Source - Candle,SHOPOJ Multicolor Paper Sky Lantern (80 cm X 34 cm, Pack of 10) Price: Rs. 515 Chinese Paper Lanterns, in China, they call them Kongming Lantern. It is said they were invented by a hero whose name was Kongming. Chinese Paper Lanterns are ideal for wedding, holiday, birthday and other celebrations parties, they are the perfect, safe alternative to fireworks display that can provide a finale to your big day that you and your guests will remember forever! You can design your lantern by yourself, you can draw pictures, write your personal messages, wishes or your lover¡¯s name on the lantern paper. Don't forget to make a wish when the lantern take-off , it is said that will help realize your wishes. So good luck, my dear friend! Please follow the instructions on the packaging and on the instruction leaflet enclosed with every Sky Lantern. Always keep water or fire extinguishers nearby. Children must not be left unattended with the lanterns. Make sure that you familiarize yourself fully with the instructions provided. Ensure that the wind is not stronger than 5 mph. Ensure that trees are not in the flight path. Must be released more than 5 miles away from any airports. Do not use around dry crops. Wear sensible clothing that is does not dangle around your hands or flap around any flame Note: 1) Check the direction of the wind prior to launch to verify flight path ensuring there are no obstacles. Ensure the lantern is fully opened, not creased or at an angle. 2) Please contact your local Coastguard station if you intend to use Sky Lanterns near the coast, as they can get confused with distress flares. 3) No warranty for lantern as specail items. 4) There exists some color shading.,Specifications of SHOPOJ Multicolor Paper Sky Lantern (80 cm X 34 cm, Pack of 10) General Brand SHOPOJ Model Number SJ-10MLT-0059 Shade Multicolour Type Sky Lantern Maximum Altitude 2200 m Ideal For Outdoor Color Multicolor Body and Design Features Light Source Candle Material Paper Finish Glossy Number Of Lights 1 Design Plain In the box Pack of 10 Dimensions Diameter 30 cm Weight 250 g Height 80 cm Other Dimensions 34 x 34 x 80 Width 34 cm"
PURBI CRAFTS WOODEN BEADS HANDICRAFT HANGING Showpiece  -  140 cm,"[""Home Decor & Festive Needs >> Showpiece >> Contemporary >> PURBI CRAFTS Contemporary >> PURBI CRAFTS WOODEN BEADS HANDICRAFT HANGING Sho...""]",PURBI CRAFTS,300,"Key Features of PURBI CRAFTS WOODEN BEADS HANDICRAFT HANGING Showpiece  -  140 cm Wooden Height - 140 cm Width - 4 cm Weight - 500 g,PURBI CRAFTS WOODEN BEADS HANDICRAFT HANGING Showpiece  -  140 cm (Wooden, Multicolor) Price: Rs. 300 Purbi Crafts brings prosperity and happiness to your living spaces. Add an element of spirituality to your home décor. It could be a great gifting option. Material crafted from wood and its bright color adds elegance to your home decor. Since it is made of wood, it is easy to clean and maintain. These articles can be cleaned with a soft and dry cloth.,Specifications of PURBI CRAFTS WOODEN BEADS HANDICRAFT HANGING Showpiece  -  140 cm (Wooden, Multicolor) In the Box Sales Package 1 Showpiece Figurine Pack of 1 General Brand PURBI CRAFTS Model Number A4006 Model Name WOODEN BEADS HANDICRAFT HANGING Shade Multicolor Material Wooden Color Multicolor Type Contemporary Additional Features Wall Mount Yes Dimensions Width 4 cm Height 140 cm Depth 4 cm Weight 500 g"
AND Designs Showpiece  -  12.7 cm,"[""Home Decor & Festive Needs >> Showpieces >> Contemporary >> AND Designs Contemporary >> AND Designs Showpiece  -  12.7 cm (Terracotta, M...""]",AND Designs,150,"Key Features of AND Designs Showpiece  -  12.7 cm Terracotta Height - 12.7 cm Width - 10.16 cm,AND Designs Showpiece  -  12.7 cm (Terracotta, Multicolor) Price: Rs. 150 Pen Stand,Specifications of AND Designs Showpiece  -  12.7 cm (Terracotta, Multicolor) General Brand AND Designs Model Number AND021600027 Type Contemporary Material Terracotta Color Multicolor Dimensions Height 12.7 cm Width 10.16 cm Depth 11 cm In the Box Sales Package 1 Showpiece Figurine Pack of 1"
AapnoCrafts Acrylic Photo Frame,"[""Home Decor & Festive Needs >> Table Decor & Handicrafts >> Photo Frames >> AapnoCrafts Photo Frames >> AapnoCrafts Acrylic Photo Frame (Photo Size - 15...""]",AapnoCrafts,674,"Key Features of AapnoCrafts Acrylic Photo Frame 7 Photos Acrylic Width: 18 inch Height: 15 inch,Specifications of AapnoCrafts Acrylic Photo Frame (Photo Size - 15 x 10 cm, 12.70 x 17.78 cm, 7 Photos) Body Material Stand Material Plastic Frame Material Acrylic Backing Plastic Finishing Glossy Material Glass In The Box Number of Contents in Sales Package Pack of 1 Sales Package 1 Photo Frame General Shape Square color Black Number of Photos 7 Mounted Wall mounted, Table mounted Mounted Ideal For Family Dimensions Weight 500 g Suitable Photo Size 15 x 10 cm, 12.70 x 17.78 cm Height 15 inch Width 18 inch Depth 2.54 cm Additional Features Care and Cleaning Wipe With a Wet Cotton Cloth"
Lab No. 4 Analog 30 cm Dia Wall Clock,"[""Home Decor & Festive Needs >> Wall Decor & Clocks >> Clocks >> Wall Clocks >> Lab No. 4 Wall Clocks >> Lab No. 4 Analog 30 cm Dia Wall Clock (White, Wi...""]",Lab No. 4,750,"Key Features of Lab No. 4 Analog 30 cm Dia Wall Clock White Round Width: 30 cm Height: 30 cm,Lab No. 4 Analog 30 cm Dia Wall Clock (White, With Glass) Price: Rs. 750 ""Sweat Is Fat Crying."" Style and quality at its best, the Wall Clock by Lab No. 4 is the perfect addition to your home. It features a magnificent design that makes it look appealing. The clock works on high performance quartz movement that provides long lasting usage. It is made from premium quality Solid plastic that makes it durable and long lasting. The Clock is artistically decorated to make your surrounding more aesthetically pleasant. The Clock Gives More Beautiful View With Designer Walls. Note: Requires one AA battery, which is not included.,Specifications of Lab No. 4 Analog 30 cm Dia Wall Clock (White, With Glass) General Mechanism Quartz Model Number GM005CM1A1W Display Features Display Size 11 inch Dimensions Diameter 30 cm Weight 650 g Height 30 cm Width 30 cm Power Features Battery Type 1 AA Size Batteries Power Source Battery Powered Luxury Luxury Clock Yes Additional Features Made of quality material which ensures longevity Adds beauty to the wall apart from showing time Body Features Case Color Silver Dial Shape Round Case/Bezel Material Plastic Number of Hands 3 Dial Color Cream Dial Material Plastic In the Box Number of Contents in Sales Package Pack of 1 Sales Package Wall Clock"
KLOCX Analog Wall Clock,"[""Home Decor & Festive Needs >> Wall Decor & Clocks >> Clocks >> Wall Clocks >> KLOCX Wall Clocks >> KLOCX Analog Wall Clock (Black, With Glass)""]",KLOCX,836,"Key Features of KLOCX Analog Wall Clock Black Round Width: 29.85 cm Height: 1 cm,Specifications of KLOCX Analog Wall Clock (Black, With Glass) General Model Number KLOCX-89 Dimensions Other Dimensions 33.1 x 32.6 x 4.4 cm Height 1 cm Width 29.85 cm Body Features Dial Shape Round"
Vitalwalls Canvas Painting,"[""Home Decor & Festive Needs >> Wall Decor & Clocks >> Paintings >> Vitalwalls Paintings""]",Vitalwalls,1849,"Vitalwalls Canvas Painting (23.5826899 inch x 17.716545 inch)
                         Price: Rs. 1,849
				
			Premium Canvas Art Print. This Art Print is a Best Seller. This Painting is a Exquisite Painting by the Famous Artist. The canvas print is sure to add beauty and aesthetics to your space.This Art print offers beautiful color accuracy on a high-quality canvas that is ready for framing. Giclée (French for “to spray”) is a printing process where millions of ink droplets are sprayed onto the canvas surface creating natural color transitions. Size : 45cm x 59.9cm Best Selling Art Print. High Quality Canvas with Long Lasting Ink. In the Box: Gallery Wrapped on Pure Wooden Frame, Ready to Mount on Wall.
Premium Canvas Art Print. This Art Print is a Best Seller. This Painting is a Exquisite Painting by the Famous Artist. The canvas print is sure to add beauty and aesthetics to your space.This Art print offers beautiful color accuracy on a high-quality canvas that is ready for framing. Giclée (French for “to spray”) is a printing process where millions of ink droplets are sprayed onto the canvas surface creating natural color transitions. Size : 45cm x 59.9cm Best Selling Art Print. High Quality Canvas with Long Lasting Ink. In the Box: Gallery Wrapped on Pure Wooden Frame, Ready to Mount on Wall."
KalaSanthe Wheel Of Life And Procession In Saura Art Canvas Painting,"[""Home Decor & Festive Needs >> Wall Decor & Clocks >> Paintings >> KalaSanthe Paintings""]",KalaSanthe,1633,"KalaSanthe Wheel Of Life And Procession In Saura Art Canvas Painting (24 inch x 18 inch)
                         Price: Rs. 1,633
				
			These paintings were originally painted on the walls of the Saura's adobe huts.
The minute details of the paintings also reflect the day-to-day lives of the Sauras. Cults and myths have great bearing on the artistic creations of the Sauras .
These paintings are noted for their elegance, charm, iconography, aesthetic and ritualistic association. These are, in fact, the treasure house of their traditional wisdom, knowledge, and folklore.
These paintings were originally painted on the walls of the Saura's adobe huts.
The minute details of the paintings also reflect the day-to-day lives of the Sauras. Cults and myths have great bearing on the artistic creations of the Sauras .
These paintings are noted for their elegance, charm, iconography, aesthetic and ritualistic association. These are, in fact, the treasure house of their traditional wisdom, knowledge, and folklore."
KalaSanthe Peacock & Tree Of Life In Kalamkari Art Canvas Painting,"[""Home Decor & Festive Needs >> Wall Decor & Clocks >> Paintings >> KalaSanthe Paintings""]",KalaSanthe,1633,"KalaSanthe Peacock & Tree Of Life In Kalamkari Art Canvas Painting (12 inch x 9 inch)
                         Price: Rs. 1,633
				
			""This Multi Hued Elegant Piece Of Art Features Three Peacocks In Perfect Symmetry And A Colourful Tree Of Life .
Though Typically Kalamkari From Srikalahasthi In Andra Pradesh Depicts Only Mythological Stories In The Designs,These Are Examples Of More Secular , Floral, Geometrical And Figurative Designs Which Are Extremely Elegant And Can Fit Into Present Day Homes.""
""This Multi Hued Elegant Piece Of Art Features Three Peacocks In Perfect Symmetry And A Colourful Tree Of Life .
Though Typically Kalamkari From Srikalahasthi In Andra Pradesh Depicts Only Mythological Stories In The Designs,These Are Examples Of More Secular , Floral, Geometrical And Figurative Designs Which Are Extremely Elegant And Can Fit Into Present Day Homes."""
Vitalwalls With Frame Canvas Painting,"[""Home Decor & Festive Needs >> Wall Decor & Clocks >> Paintings >> Vitalwalls Paintings""]",Vitalwalls,1949,"Vitalwalls With Frame Canvas Painting (18 inch x 24 inch)
                         Price: Rs. 1,949
				
			Premium Canvas Art Print. This Art Print is a Best Seller. This Painting is a Exquisite Painting by the Famous Artist. The canvas print is sure to add beauty and aesthetics to your space.This Art print offers beautiful color accuracy on a high-quality canvas that is ready for framing. Giclée (French for “to spray”) is a printing process where millions of ink droplets are sprayed onto the canvas surface creating natural color transitions. Size : 60 cm x 45.5 cm Best Selling Art Print. High Quality Canvas with Long Lasting Ink. In the Box: Gallery Wrapped on Pure Wooden Frame, Ready to Mount on Wall.
Premium Canvas Art Print. This Art Print is a Best Seller. This Painting is a Exquisite Painting by the Famous Artist. The canvas print is sure to add beauty and aesthetics to your space.This Art print offers beautiful color accuracy on a high-quality canvas that is ready for framing. Giclée (French for “to spray”) is a printing process where millions of ink droplets are sprayed onto the canvas surface creating natural color transitions. Size : 60 cm x 45.5 cm Best Selling Art Print. High Quality Canvas with Long Lasting Ink. In the Box: Gallery Wrapped on Pure Wooden Frame, Ready to Mount on Wall."
Vitalwalls With Frame Canvas Painting,"[""Home Decor & Festive Needs >> Wall Decor & Clocks >> Paintings >> Vitalwalls Paintings""]",Vitalwalls,1649,"Vitalwalls With Frame Canvas Painting (14.2913463 inch x 17.716545 inch)
                         Price: Rs. 1,649
				
			Premium Canvas Art Print. This Art Print is a Best Seller. This Painting is a Exquisite Painting by the Famous Artist. The canvas print is sure to add beauty and aesthetics to your space.This Art print offers beautiful color accuracy on a high-quality canvas that is ready for framing. Giclée (French for “to spray”) is a printing process where millions of ink droplets are sprayed onto the canvas surface creating natural color transitions. Size : 45cm x 36.3cm Best Selling Art Print. High Quality Canvas with Long Lasting Ink. In the Box: Gallery Wrapped on Pure Wooden Frame, Ready to Mount on Wall.
Premium Canvas Art Print. This Art Print is a Best Seller. This Painting is a Exquisite Painting by the Famous Artist. The canvas print is sure to add beauty and aesthetics to your space.This Art print offers beautiful color accuracy on a high-quality canvas that is ready for framing. Giclée (French for “to spray”) is a printing process where millions of ink droplets are sprayed onto the canvas surface creating natural color transitions. Size : 45cm x 36.3cm Best Selling Art Print. High Quality Canvas with Long Lasting Ink. In the Box: Gallery Wrapped on Pure Wooden Frame, Ready to Mount on Wall."
Akshyavat 055 Decorative Bottle,"[""Home Decor & Festive Needs >> Table Decor & Handicrafts >> Table Decor >> Decorative Bottles >> Akshyavat Decorative Bottles""]",Akshyavat,525,Buy Akshyavat 055 Decorative Bottle for Rs.525 online. Akshyavat 055 Decorative Bottle at best prices with FREE shipping & cash on delivery. Only Genuine Products. 30 Day Replacement Guarantee.
DeStudio Tiny Wall Sticker,"[""Home Decor & Festive Needs >> Wall Decor & Clocks >> Wall Decals & Stickers >> DeStudio Wall Decals & Stickers""]",DeStudio,399,Buy DeStudio Tiny Wall Sticker for Rs.399 online. DeStudio Tiny Wall Sticker at best prices with FREE shipping & cash on delivery. Only Genuine Products. 30 Day Replacement Guarantee.
DeStudio Tiny Wall Sticker,"[""Home Decor & Festive Needs >> Wall Decor & Clocks >> Wall Decals & Stickers >> DeStudio Wall Decals & Stickers""]",DeStudio,399,Buy DeStudio Tiny Wall Sticker for Rs.399 online. DeStudio Tiny Wall Sticker at best prices with FREE shipping & cash on delivery. Only Genuine Products. 30 Day Replacement Guarantee.
DeStudio Tiny Wall Sticker,"[""Home Decor & Festive Needs >> Wall Decor & Clocks >> Wall Decals & Stickers >> DeStudio Wall Decals & Stickers""]",DeStudio,399,Buy DeStudio Tiny Wall Sticker for Rs.399 online. DeStudio Tiny Wall Sticker at best prices with FREE shipping & cash on delivery. Only Genuine Products. 30 Day Replacement Guarantee.
DeStudio Tiny Wall Sticker,"[""Home Decor & Festive Needs >> Wall Decor & Clocks >> Wall Decals & Stickers >> DeStudio Wall Decals & Stickers""]",DeStudio,399,Buy DeStudio Tiny Wall Sticker for Rs.399 online. DeStudio Tiny Wall Sticker at best prices with FREE shipping & cash on delivery. Only Genuine Products. 30 Day Replacement Guarantee.
DeStudio Tiny Wall Sticker,"[""Home Decor & Festive Needs >> Wall Decor & Clocks >> Wall Decals & Stickers >> DeStudio Wall Decals & Stickers""]",DeStudio,399,Buy DeStudio Tiny Wall Sticker for Rs.399 online. DeStudio Tiny Wall Sticker at best prices with FREE shipping & cash on delivery. Only Genuine Products. 30 Day Replacement Guarantee.
DeStudio Tiny Wall Sticker,"[""Home Decor & Festive Needs >> Wall Decor & Clocks >> Wall Decals & Stickers >> DeStudio Wall Decals & Stickers""]",DeStudio,399,Buy DeStudio Tiny Wall Sticker for Rs.399 online. DeStudio Tiny Wall Sticker at best prices with FREE shipping & cash on delivery. Only Genuine Products. 30 Day Replacement Guarantee.
Creative Width Decor Small Vinyl Sticker,"[""Home Decor & Festive Needs >> Wall Decor & Clocks >> Wall Decals & Stickers >> Creative Width Decor Wall Decals & Stickers""]",Creative Width Decor,224,Buy Creative Width Decor Small Vinyl Sticker for Rs.224 online. Creative Width Decor Small Vinyl Sticker at best prices with FREE shipping & cash on delivery. Only Genuine Products. 30 Day Replacement Guarantee.
Creative Width Decor Small Vinyl Sticker,"[""Home Decor & Festive Needs >> Wall Decor & Clocks >> Wall Decals & Stickers >> Creative Width Decor Wall Decals & Stickers""]",Creative Width Decor,299,Buy Creative Width Decor Small Vinyl Sticker for Rs.299 online. Creative Width Decor Small Vinyl Sticker at best prices with FREE shipping & cash on delivery. Only Genuine Products. 30 Day Replacement Guarantee.
DeStudio Tiny Wall Sticker,"[""Home Decor & Festive Needs >> Wall Decor & Clocks >> Wall Decals & Stickers >> DeStudio Wall Decals & Stickers""]",DeStudio,399,Buy DeStudio Tiny Wall Sticker for Rs.399 online. DeStudio Tiny Wall Sticker at best prices with FREE shipping & cash on delivery. Only Genuine Products. 30 Day Replacement Guarantee.
Creative Width Decor Medium Vinyl Sticker,"[""Home Decor & Festive Needs >> Wall Decor & Clocks >> Wall Decals & Stickers >> Creative Width Decor Wall Decals & Stickers""]",Creative Width Decor,449,Buy Creative Width Decor Medium Vinyl Sticker for Rs.449 online. Creative Width Decor Medium Vinyl Sticker at best prices with FREE shipping & cash on delivery. Only Genuine Products. 30 Day Replacement Guarantee.
DeStudio Small Wall Sticker,"[""Home Decor & Festive Needs >> Wall Decor & Clocks >> Wall Decals & Stickers >> DeStudio Wall Decals & Stickers""]",DeStudio,499,"DeStudio Small Wall Sticker (Pack of 1)
                         Price: Rs. 499
				
			Add a pinch of interest to every corner of your house with Multi Color Wall Sticker and Wall Decal by DeStudio that best suit your need. Hurry...Hurry...Hurry...NOW ALL OF YOU CAN DESIGN YOUR OWN DECALS AT VERY AFFORDABLE RATE @ Rs 99 PER Sq ft...ANY DESIGN, IN ANY SIZE WITH CHOICE OF COLORS...SO DON'T WAIT HERE, START DESIGNING YOUR WALLS...
Add a pinch of interest to every corner of your house with Multi Color Wall Sticker and Wall Decal by DeStudio that best suit your need. Hurry...Hurry...Hurry...NOW ALL OF YOU CAN DESIGN YOUR OWN DECALS AT VERY AFFORDABLE RATE @ Rs 99 PER Sq ft...ANY DESIGN, IN ANY SIZE WITH CHOICE OF COLORS...SO DON'T WAIT HERE, START DESIGNING YOUR WALLS..."
DeStudio Tiny Wall Sticker,"[""Home Decor & Festive Needs >> Wall Decor & Clocks >> Wall Decals & Stickers >> DeStudio Wall Decals & Stickers""]",DeStudio,399,Buy DeStudio Tiny Wall Sticker for Rs.399 online. DeStudio Tiny Wall Sticker at best prices with FREE shipping & cash on delivery. Only Genuine Products. 30 Day Replacement Guarantee.
DeStudio Tiny Wall Sticker,"[""Home Decor & Festive Needs >> Wall Decor & Clocks >> Wall Decals & Stickers >> DeStudio Wall Decals & Stickers""]",DeStudio,399,Buy DeStudio Tiny Wall Sticker for Rs.399 online. DeStudio Tiny Wall Sticker at best prices with FREE shipping & cash on delivery. Only Genuine Products. 30 Day Replacement Guarantee.
Creative Width Decor Small Vinyl Sticker Sticker,"[""Home Decor & Festive Needs >> Wall Decor & Clocks >> Wall Decals & Stickers >> Creative Width Decor Wall Decals & Stickers""]",Creative Width Decor,424,Buy Creative Width Decor Small Vinyl Sticker Sticker for Rs.424 online. Creative Width Decor Small Vinyl Sticker Sticker at best prices with FREE shipping & cash on delivery. Only Genuine Products. 30 Day Replacement Guarantee.
DeStudio Tiny Wall Sticker,"[""Home Decor & Festive Needs >> Wall Decor & Clocks >> Wall Decals & Stickers >> DeStudio Wall Decals & Stickers""]",DeStudio,399,Buy DeStudio Tiny Wall Sticker for Rs.399 online. DeStudio Tiny Wall Sticker at best prices with FREE shipping & cash on delivery. Only Genuine Products. 30 Day Replacement Guarantee.
DeStudio Tiny Wall Sticker,"[""Home Decor & Festive Needs >> Wall Decor & Clocks >> Wall Decals & Stickers >> DeStudio Wall Decals & Stickers""]",DeStudio,399,"DeStudio Tiny Wall Sticker
                         Price: Rs. 399
				
			Wall Stickers by DeStudio are good to add decor to your regular walls. These are very easily removable Wall Stickers & Wall Decals, which comes in great options e.g Color, Size and Directions. CUSTOMIZATION AND FLIP OPTION ARE ALSO AVAILABLE ON REQUEST. For More Info Please Contact to DeStudio.
Wall Stickers by DeStudio are good to add decor to your regular walls. These are very easily removable Wall Stickers & Wall Decals, which comes in great options e.g Color, Size and Directions. CUSTOMIZATION AND FLIP OPTION ARE ALSO AVAILABLE ON REQUEST. For More Info Please Contact to DeStudio."
DeStudio Tiny Wall Sticker,"[""Home Decor & Festive Needs >> Wall Decor & Clocks >> Wall Decals & Stickers >> DeStudio Wall Decals & Stickers""]",DeStudio,399,Buy DeStudio Tiny Wall Sticker for Rs.399 online. DeStudio Tiny Wall Sticker at best prices with FREE shipping & cash on delivery. Only Genuine Products. 30 Day Replacement Guarantee.
DeStudio Tiny Wall Sticker,"[""Home Decor & Festive Needs >> Wall Decor & Clocks >> Wall Decals & Stickers >> DeStudio Wall Decals & Stickers""]",DeStudio,399,Buy DeStudio Tiny Wall Sticker for Rs.399 online. DeStudio Tiny Wall Sticker at best prices with FREE shipping & cash on delivery. Only Genuine Products. 30 Day Replacement Guarantee.
TaraProjects Statue Showpiece  -  8.255 cm,"[""Home Decor & Festive Needs >> Showpieces >> TaraProjects Showpieces""]",TaraProjects,345,"TaraProjects Statue Showpiece  -  8.255 cm (Stoneware, Grey)
                         Price: Rs. 345
				
			A beautiful statue of the meditating buddha with an aura of purity and knowledge over his head.
A beautiful statue of the meditating buddha with an aura of purity and knowledge over his head."
DeStudio Small Wall Sticker,"[""Home Decor & Festive Needs >> Wall Decor & Clocks >> Wall Decals & Stickers >> DeStudio Wall Decals & Stickers""]",DeStudio,499,"DeStudio Small Wall Sticker (Pack of 1)
                         Price: Rs. 499
				
			Add a pinch of interest to every corner of your house with Multi Color Wall Sticker and Wall Decal by DeStudio that best suit your need. Hurry...Hurry...Hurry...NOW ALL OF YOU CAN DESIGN YOUR OWN DECALS AT VERY AFFORDABLE RATE @ Rs 99 PER Sq ft...ANY DESIGN, IN ANY SIZE WITH CHOICE OF COLORS...SO DON'T WAIT HERE, START DESIGNING YOUR WALLS...
Add a pinch of interest to every corner of your house with Multi Color Wall Sticker and Wall Decal by DeStudio that best suit your need. Hurry...Hurry...Hurry...NOW ALL OF YOU CAN DESIGN YOUR OWN DECALS AT VERY AFFORDABLE RATE @ Rs 99 PER Sq ft...ANY DESIGN, IN ANY SIZE WITH CHOICE OF COLORS...SO DON'T WAIT HERE, START DESIGNING YOUR WALLS..."
DeStudio Small Wall Sticker,"[""Home Decor & Festive Needs >> Wall Decor & Clocks >> Wall Decals & Stickers >> DeStudio Wall Decals & Stickers""]",DeStudio,499,"DeStudio Small Wall Sticker (Pack of 1)
                         Price: Rs. 499
				
			Add a pinch of interest to every corner of your house with Multi Color Wall Sticker and Wall Decal by DeStudio that best suit your need. Hurry...Hurry...Hurry...NOW ALL OF YOU CAN DESIGN YOUR OWN DECALS AT VERY AFFORDABLE RATE @ Rs 99 PER Sq ft...ANY DESIGN, IN ANY SIZE WITH CHOICE OF COLORS...SO DON'T WAIT HERE, START DESIGNING YOUR WALLS...
Add a pinch of interest to every corner of your house with Multi Color Wall Sticker and Wall Decal by DeStudio that best suit your need. Hurry...Hurry...Hurry...NOW ALL OF YOU CAN DESIGN YOUR OWN DECALS AT VERY AFFORDABLE RATE @ Rs 99 PER Sq ft...ANY DESIGN, IN ANY SIZE WITH CHOICE OF COLORS...SO DON'T WAIT HERE, START DESIGNING YOUR WALLS..."
DeStudio Small Wall Sticker,"[""Home Decor & Festive Needs >> Wall Decor & Clocks >> Wall Decals & Stickers >> DeStudio Wall Decals & Stickers""]",DeStudio,499,"DeStudio Small Wall Sticker (Pack of 1)
                         Price: Rs. 499
				
			Add a pinch of interest to every corner of your house with Multi Color Wall Sticker and Wall Decal by DeStudio that best suit your need. Hurry...Hurry...Hurry...NOW ALL OF YOU CAN DESIGN YOUR OWN DECALS AT VERY AFFORDABLE RATE @ Rs 99 PER Sq ft...ANY DESIGN, IN ANY SIZE WITH CHOICE OF COLORS...SO DON'T WAIT HERE, START DESIGNING YOUR WALLS...
Add a pinch of interest to every corner of your house with Multi Color Wall Sticker and Wall Decal by DeStudio that best suit your need. Hurry...Hurry...Hurry...NOW ALL OF YOU CAN DESIGN YOUR OWN DECALS AT VERY AFFORDABLE RATE @ Rs 99 PER Sq ft...ANY DESIGN, IN ANY SIZE WITH CHOICE OF COLORS...SO DON'T WAIT HERE, START DESIGNING YOUR WALLS..."
DeStudio Tiny Wall Sticker,"[""Home Decor & Festive Needs >> Wall Decor & Clocks >> Wall Decals & Stickers >> DeStudio Wall Decals & Stickers""]",DeStudio,399,Buy DeStudio Tiny Wall Sticker for Rs.399 online. DeStudio Tiny Wall Sticker at best prices with FREE shipping & cash on delivery. Only Genuine Products. 30 Day Replacement Guarantee.
DeStudio Tiny Wall Sticker,"[""Home Decor & Festive Needs >> Wall Decor & Clocks >> Wall Decals & Stickers >> DeStudio Wall Decals & Stickers""]",DeStudio,399,Buy DeStudio Tiny Wall Sticker for Rs.399 online. DeStudio Tiny Wall Sticker at best prices with FREE shipping & cash on delivery. Only Genuine Products. 30 Day Replacement Guarantee.
DeStudio Tiny Wall Sticker,"[""Home Decor & Festive Needs >> Wall Decor & Clocks >> Wall Decals & Stickers >> DeStudio Wall Decals & Stickers""]",DeStudio,399,Buy DeStudio Tiny Wall Sticker for Rs.399 online. DeStudio Tiny Wall Sticker at best prices with FREE shipping & cash on delivery. Only Genuine Products. 30 Day Replacement Guarantee.
DeStudio Tiny Wall Sticker,"[""Home Decor & Festive Needs >> Wall Decor & Clocks >> Wall Decals & Stickers >> DeStudio Wall Decals & Stickers""]",DeStudio,399,Buy DeStudio Tiny Wall Sticker for Rs.399 online. DeStudio Tiny Wall Sticker at best prices with FREE shipping & cash on delivery. Only Genuine Products. 30 Day Replacement Guarantee.
DeStudio Tiny Wall Sticker,"[""Home Decor & Festive Needs >> Wall Decor & Clocks >> Wall Decals & Stickers >> DeStudio Wall Decals & Stickers""]",DeStudio,399,"DeStudio Tiny Wall Sticker
                         Price: Rs. 399
				
			Size TINY 45cms X 60cms

Bespoke & Customized : 
Wall Stickers by DeStudio are good to add decor to your regular walls. These are very easily removable Wall Sticker and comes in great options e.g Color, Size and Directions. Customization and Flip options are also available on request. For more details please contact our DeStudio support.

Application Surfaces : 
Our Wall Stickers can be applied to almost any smooth surface, Including smooth wallpaper, paint, glass, windows, metal, plastic, wood, tiles, mirrors, drywall, plaster, laptops, cars, boats, vans and all other vehicles.

Durability : 
We are using a Premium Quality PVC vinyl Films in Wall Sticker and they will last up to 10 years indoors.

Removing Wall Stickers : 
Our Matt finish Wall Sticker can be removed from any surface at anytime leaving no marks, glue or residue behind. Once it's removed, can't be reused.

Sizes Available for Wall Stickers are Following : 

TINY = 45cms X 60cms, SMALL = 60cms X 60cms, MEDIUM = 75cms X 60cms, LARGE = 90cms X 60cms, SUPER = 105cms X 60cms, JUMBO = 120cms X 60cms, GIANT = 135cms X 60cms, MEGA = 150cms X 60cms.

Wall Stickers by DeStudio are good to add decor to your regular walls. These are very easily removable Wall Stickers & Wall Decals, which comes in great options e.g Color, Size and Directions. CUSTOMIZATION AND FLIP OPTION ARE ALSO AVAILABLE ON REQUEST. For More Info Please Contact to DeStudio.

Disclaimer : 
All Images are digitally enlarged to provide better view of product, hence images stand no reference for product size comparison. Refer description section of size and quantity details. You will receive exact size products. Background and other props are only for depiction, they will not be included.
Size TINY 45cms X 60cms

Bespoke & Customized : 
Wall Stickers by DeStudio are good to add decor to your regular walls. These are very easily removable Wall Sticker and comes in great options e.g Color, Size and Directions. Customization and Flip options are also available on request. For more details please contact our DeStudio support.

Application Surfaces : 
Our Wall Stickers can be applied to almost any smooth surface, Including smooth wallpaper, paint, glass, windows, metal, plastic, wood, tiles, mirrors, drywall, plaster, laptops, cars, boats, vans and all other vehicles.

Durability : 
We are using a Premium Quality PVC vinyl Films in Wall Sticker and they will last up to 10 years indoors.

Removing Wall Stickers : 
Our Matt finish Wall Sticker can be removed from any surface at anytime leaving no marks, glue or residue behind. Once it's removed, can't be reused.

Sizes Available for Wall Stickers are Following : 

TINY = 45cms X 60cms, SMALL = 60cms X 60cms, MEDIUM = 75cms X 60cms, LARGE = 90cms X 60cms, SUPER = 105cms X 60cms, JUMBO = 120cms X 60cms, GIANT = 135cms X 60cms, MEGA = 150cms X 60cms.

Wall Stickers by DeStudio are good to add decor to your regular walls. These are very easily removable Wall Stickers & Wall Decals, which comes in great options e.g Color, Size and Directions. CUSTOMIZATION AND FLIP OPTION ARE ALSO AVAILABLE ON REQUEST. For More Info Please Contact to DeStudio.

Disclaimer : 
All Images are digitally enlarged to provide better view of product, hence images stand no reference for product size comparison. Refer description section of size and quantity details. You will receive exact size products. Background and other props are only for depiction, they will not be included."
DeStudio Tiny Wall Sticker,"[""Home Decor & Festive Needs >> Wall Decor & Clocks >> Wall Decals & Stickers >> DeStudio Wall Decals & Stickers""]",DeStudio,399,Buy DeStudio Tiny Wall Sticker for Rs.399 online. DeStudio Tiny Wall Sticker at best prices with FREE shipping & cash on delivery. Only Genuine Products. 30 Day Replacement Guarantee.
Creative Width Decor Small Vinyl Sticker Sticker,"[""Home Decor & Festive Needs >> Wall Decor & Clocks >> Wall Decals & Stickers >> Creative Width Decor Wall Decals & Stickers""]",Creative Width Decor,449,Buy Creative Width Decor Small Vinyl Sticker Sticker for Rs.449 online. Creative Width Decor Small Vinyl Sticker Sticker at best prices with FREE shipping & cash on delivery. Only Genuine Products. 30 Day Replacement Guarantee.
DeStudio Small Wall Sticker,"[""Home Decor & Festive Needs >> Wall Decor & Clocks >> Wall Decals & Stickers >> DeStudio Wall Decals & Stickers""]",DeStudio,499,"DeStudio Small Wall Sticker (Pack of 1)
                         Price: Rs. 499
				
			Add a pinch of interest to every corner of your house with Multi Color Wall Sticker and Wall Decal by DeStudio that best suit your need. Hurry...Hurry...Hurry...NOW ALL OF YOU CAN DESIGN YOUR OWN DECALS AT VERY AFFORDABLE RATE @ Rs 99 PER Sq ft...ANY DESIGN, IN ANY SIZE WITH CHOICE OF COLORS...SO DON'T WAIT HERE, START DESIGNING YOUR WALLS...
Add a pinch of interest to every corner of your house with Multi Color Wall Sticker and Wall Decal by DeStudio that best suit your need. Hurry...Hurry...Hurry...NOW ALL OF YOU CAN DESIGN YOUR OWN DECALS AT VERY AFFORDABLE RATE @ Rs 99 PER Sq ft...ANY DESIGN, IN ANY SIZE WITH CHOICE OF COLORS...SO DON'T WAIT HERE, START DESIGNING YOUR WALLS..."
DeStudio Tiny Wall Sticker,"[""Home Decor & Festive Needs >> Wall Decor & Clocks >> Wall Decals & Stickers >> DeStudio Wall Decals & Stickers""]",DeStudio,399,"DeStudio Tiny Wall Sticker
                         Price: Rs. 399
				
			Size TINY 45cms X 60cms

Bespoke & Customized : 
Wall Stickers by DeStudio are good to add decor to your regular walls. These are very easily removable Wall Sticker and comes in great options e.g Color, Size and Directions. Customization and Flip options are also available on request. For more details please contact our DeStudio support.

Application Surfaces : 
Our Wall Stickers can be applied to almost any smooth surface, Including smooth wallpaper, paint, glass, windows, metal, plastic, wood, tiles, mirrors, drywall, plaster, laptops, cars, boats, vans and all other vehicles.

Durability : 
We are using a Premium Quality PVC vinyl Films in Wall Sticker and they will last up to 10 years indoors.

Removing Wall Stickers : 
Our Matt finish Wall Sticker can be removed from any surface at anytime leaving no marks, glue or residue behind. Once it's removed, can't be reused.

Sizes Available for Wall Stickers are Following : 

TINY = 45cms X 60cms, SMALL = 60cms X 60cms, MEDIUM = 75cms X 60cms, LARGE = 90cms X 60cms, SUPER = 105cms X 60cms, JUMBO = 120cms X 60cms, GIANT = 135cms X 60cms, MEGA = 150cms X 60cms.

Wall Stickers by DeStudio are good to add decor to your regular walls. These are very easily removable Wall Stickers & Wall Decals, which comes in great options e.g Color, Size and Directions. CUSTOMIZATION AND FLIP OPTION ARE ALSO AVAILABLE ON REQUEST. For More Info Please Contact to DeStudio.

Disclaimer : 
All Images are digitally enlarged to provide better view of product, hence images stand no reference for product size comparison. Refer description section of size and quantity details. You will receive exact size products. Background and other props are only for depiction, they will not be included.
Size TINY 45cms X 60cms

Bespoke & Customized : 
Wall Stickers by DeStudio are good to add decor to your regular walls. These are very easily removable Wall Sticker and comes in great options e.g Color, Size and Directions. Customization and Flip options are also available on request. For more details please contact our DeStudio support.

Application Surfaces : 
Our Wall Stickers can be applied to almost any smooth surface, Including smooth wallpaper, paint, glass, windows, metal, plastic, wood, tiles, mirrors, drywall, plaster, laptops, cars, boats, vans and all other vehicles.

Durability : 
We are using a Premium Quality PVC vinyl Films in Wall Sticker and they will last up to 10 years indoors.

Removing Wall Stickers : 
Our Matt finish Wall Sticker can be removed from any surface at anytime leaving no marks, glue or residue behind. Once it's removed, can't be reused.

Sizes Available for Wall Stickers are Following : 

TINY = 45cms X 60cms, SMALL = 60cms X 60cms, MEDIUM = 75cms X 60cms, LARGE = 90cms X 60cms, SUPER = 105cms X 60cms, JUMBO = 120cms X 60cms, GIANT = 135cms X 60cms, MEGA = 150cms X 60cms.

Wall Stickers by DeStudio are good to add decor to your regular walls. These are very easily removable Wall Stickers & Wall Decals, which comes in great options e.g Color, Size and Directions. CUSTOMIZATION AND FLIP OPTION ARE ALSO AVAILABLE ON REQUEST. For More Info Please Contact to DeStudio.

Disclaimer : 
All Images are digitally enlarged to provide better view of product, hence images stand no reference for product size comparison. Refer description section of size and quantity details. You will receive exact size products. Background and other props are only for depiction, they will not be included."
DeStudio Small Wall Sticker,"[""Home Decor & Festive Needs >> Wall Decor & Clocks >> Wall Decals & Stickers >> DeStudio Wall Decals & Stickers""]",DeStudio,499,"DeStudio Small Wall Sticker (Pack of 1)
                         Price: Rs. 499
				
			Add a pinch of interest to every corner of your house with Multi Color Wall Sticker and Wall Decal by DeStudio that best suit your need. Hurry...Hurry...Hurry...NOW ALL OF YOU CAN DESIGN YOUR OWN DECALS AT VERY AFFORDABLE RATE @ Rs 99 PER Sq ft...ANY DESIGN, IN ANY SIZE WITH CHOICE OF COLORS...SO DON'T WAIT HERE, START DESIGNING YOUR WALLS...
Add a pinch of interest to every corner of your house with Multi Color Wall Sticker and Wall Decal by DeStudio that best suit your need. Hurry...Hurry...Hurry...NOW ALL OF YOU CAN DESIGN YOUR OWN DECALS AT VERY AFFORDABLE RATE @ Rs 99 PER Sq ft...ANY DESIGN, IN ANY SIZE WITH CHOICE OF COLORS...SO DON'T WAIT HERE, START DESIGNING YOUR WALLS..."
DeStudio Small Wall Sticker,"[""Home Decor & Festive Needs >> Wall Decor & Clocks >> Wall Decals & Stickers >> DeStudio Wall Decals & Stickers""]",DeStudio,499,Buy DeStudio Small Wall Sticker for Rs.499 online. DeStudio Small Wall Sticker at best prices with FREE shipping & cash on delivery. Only Genuine Products. 30 Day Replacement Guarantee.
DeStudio Small Wall Sticker,"[""Home Decor & Festive Needs >> Wall Decor & Clocks >> Wall Decals & Stickers >> DeStudio Wall Decals & Stickers""]",DeStudio,499,"DeStudio Small Wall Sticker (Pack of 1)
                         Price: Rs. 499
				
			Add a pinch of interest to every corner of your house with Multi Color Wall Sticker and Wall Decal by DeStudio that best suit your need. Hurry...Hurry...Hurry...NOW ALL OF YOU CAN DESIGN YOUR OWN DECALS AT VERY AFFORDABLE RATE @ Rs 99 PER Sq ft...ANY DESIGN, IN ANY SIZE WITH CHOICE OF COLORS...SO DON'T WAIT HERE, START DESIGNING YOUR WALLS...
Add a pinch of interest to every corner of your house with Multi Color Wall Sticker and Wall Decal by DeStudio that best suit your need. Hurry...Hurry...Hurry...NOW ALL OF YOU CAN DESIGN YOUR OWN DECALS AT VERY AFFORDABLE RATE @ Rs 99 PER Sq ft...ANY DESIGN, IN ANY SIZE WITH CHOICE OF COLORS...SO DON'T WAIT HERE, START DESIGNING YOUR WALLS..."
DeStudio Tiny Wall Sticker,"[""Home Decor & Festive Needs >> Wall Decor & Clocks >> Wall Decals & Stickers >> DeStudio Wall Decals & Stickers""]",DeStudio,399,"DeStudio Tiny Wall Sticker
                         Price: Rs. 399
				
			Size TINY 45cms X 60cms

Bespoke & Customized : 
Wall Stickers by DeStudio are good to add decor to your regular walls. These are very easily removable Wall Sticker and comes in great options e.g Color, Size and Directions. Customization and Flip options are also available on request. For more details please contact our DeStudio support.

Application Surfaces : 
Our Wall Stickers can be applied to almost any smooth surface, Including smooth wallpaper, paint, glass, windows, metal, plastic, wood, tiles, mirrors, drywall, plaster, laptops, cars, boats, vans and all other vehicles.

Durability : 
We are using a Premium Quality PVC vinyl Films in Wall Sticker and they will last up to 10 years indoors.

Removing Wall Stickers : 
Our Matt finish Wall Sticker can be removed from any surface at anytime leaving no marks, glue or residue behind. Once it's removed, can't be reused.

Sizes Available for Wall Stickers are Following : 

TINY = 45cms X 60cms, SMALL = 60cms X 60cms, MEDIUM = 75cms X 60cms, LARGE = 90cms X 60cms, SUPER = 105cms X 60cms, JUMBO = 120cms X 60cms, GIANT = 135cms X 60cms, MEGA = 150cms X 60cms.

Wall Stickers by DeStudio are good to add decor to your regular walls. These are very easily removable Wall Stickers & Wall Decals, which comes in great options e.g Color, Size and Directions. CUSTOMIZATION AND FLIP OPTION ARE ALSO AVAILABLE ON REQUEST. For More Info Please Contact to DeStudio.

Disclaimer : 
All Images are digitally enlarged to provide better view of product, hence images stand no reference for product size comparison. Refer description section of size and quantity details. You will receive exact size products. Background and other props are only for depiction, they will not be included.
Size TINY 45cms X 60cms

Bespoke & Customized : 
Wall Stickers by DeStudio are good to add decor to your regular walls. These are very easily removable Wall Sticker and comes in great options e.g Color, Size and Directions. Customization and Flip options are also available on request. For more details please contact our DeStudio support.

Application Surfaces : 
Our Wall Stickers can be applied to almost any smooth surface, Including smooth wallpaper, paint, glass, windows, metal, plastic, wood, tiles, mirrors, drywall, plaster, laptops, cars, boats, vans and all other vehicles.

Durability : 
We are using a Premium Quality PVC vinyl Films in Wall Sticker and they will last up to 10 years indoors.

Removing Wall Stickers : 
Our Matt finish Wall Sticker can be removed from any surface at anytime leaving no marks, glue or residue behind. Once it's removed, can't be reused.

Sizes Available for Wall Stickers are Following : 

TINY = 45cms X 60cms, SMALL = 60cms X 60cms, MEDIUM = 75cms X 60cms, LARGE = 90cms X 60cms, SUPER = 105cms X 60cms, JUMBO = 120cms X 60cms, GIANT = 135cms X 60cms, MEGA = 150cms X 60cms.

Wall Stickers by DeStudio are good to add decor to your regular walls. These are very easily removable Wall Stickers & Wall Decals, which comes in great options e.g Color, Size and Directions. CUSTOMIZATION AND FLIP OPTION ARE ALSO AVAILABLE ON REQUEST. For More Info Please Contact to DeStudio.

Disclaimer : 
All Images are digitally enlarged to provide better view of product, hence images stand no reference for product size comparison. Refer description section of size and quantity details. You will receive exact size products. Background and other props are only for depiction, they will not be included."
DeStudio Small Wall Sticker,"[""Home Decor & Festive Needs >> Wall Decor & Clocks >> Wall Decals & Stickers >> DeStudio Wall Decals & Stickers""]",DeStudio,499,"DeStudio Small Wall Sticker (Pack of 1)
                         Price: Rs. 499
				
			Add a pinch of interest to every corner of your house with Multi Color Wall Sticker and Wall Decal by DeStudio that best suit your need. Hurry...Hurry...Hurry...NOW ALL OF YOU CAN DESIGN YOUR OWN DECALS AT VERY AFFORDABLE RATE @ Rs 99 PER Sq ft...ANY DESIGN, IN ANY SIZE WITH CHOICE OF COLORS...SO DON'T WAIT HERE, START DESIGNING YOUR WALLS...
Add a pinch of interest to every corner of your house with Multi Color Wall Sticker and Wall Decal by DeStudio that best suit your need. Hurry...Hurry...Hurry...NOW ALL OF YOU CAN DESIGN YOUR OWN DECALS AT VERY AFFORDABLE RATE @ Rs 99 PER Sq ft...ANY DESIGN, IN ANY SIZE WITH CHOICE OF COLORS...SO DON'T WAIT HERE, START DESIGNING YOUR WALLS..."
Creative Width Decor Small Vinyl Sticker Sticker,"[""Home Decor & Festive Needs >> Wall Decor & Clocks >> Wall Decals & Stickers >> Creative Width Decor Wall Decals & Stickers""]",Creative Width Decor,249,Buy Creative Width Decor Small Vinyl Sticker Sticker for Rs.249 online. Creative Width Decor Small Vinyl Sticker Sticker at best prices with FREE shipping & cash on delivery. Only Genuine Products. 30 Day Replacement Guarantee.
Creative Width Decor Small Vinyl Sticker Sticker,"[""Home Decor & Festive Needs >> Wall Decor & Clocks >> Wall Decals & Stickers >> Creative Width Decor Wall Decals & Stickers""]",Creative Width Decor,399,Buy Creative Width Decor Small Vinyl Sticker Sticker for Rs.399 online. Creative Width Decor Small Vinyl Sticker Sticker at best prices with FREE shipping & cash on delivery. Only Genuine Products. 30 Day Replacement Guarantee.
DeStudio Small Wall Sticker,"[""Home Decor & Festive Needs >> Wall Decor & Clocks >> Wall Decals & Stickers >> DeStudio Wall Decals & Stickers""]",DeStudio,499,"DeStudio Small Wall Sticker (Pack of 1)
                         Price: Rs. 499
				
			Add a pinch of interest to every corner of your house with Multi Color Wall Sticker and Wall Decal by DeStudio that best suit your need. Hurry...Hurry...Hurry...NOW ALL OF YOU CAN DESIGN YOUR OWN DECALS AT VERY AFFORDABLE RATE @ Rs 99 PER Sq ft...ANY DESIGN, IN ANY SIZE WITH CHOICE OF COLORS...SO DON'T WAIT HERE, START DESIGNING YOUR WALLS...
Add a pinch of interest to every corner of your house with Multi Color Wall Sticker and Wall Decal by DeStudio that best suit your need. Hurry...Hurry...Hurry...NOW ALL OF YOU CAN DESIGN YOUR OWN DECALS AT VERY AFFORDABLE RATE @ Rs 99 PER Sq ft...ANY DESIGN, IN ANY SIZE WITH CHOICE OF COLORS...SO DON'T WAIT HERE, START DESIGNING YOUR WALLS..."
Adaa Terracotta Hand Painted Wall Hanging Ganesha (Blue) Showpiece  -  22 cm,"[""Home Decor & Festive Needs >> Table Decor & Handicrafts >> Showpieces >> Religious Idols >> Adaa Religious Idols""]",Adaa,390,Buy Adaa Terracotta Hand Painted Wall Hanging Ganesha (Blue) Showpiece  -  22 cm for Rs.390 online. Adaa Terracotta Hand Painted Wall Hanging Ganesha (Blue) Showpiece  -  22 cm at best prices with FREE shipping & cash on delivery. Only Genuine Products. 30 Day Replacement Guarantee.
DeStudio Small Wall Sticker,"[""Home Decor & Festive Needs >> Wall Decor & Clocks >> Wall Decals & Stickers >> DeStudio Wall Decals & Stickers""]",DeStudio,499,"DeStudio Small Wall Sticker (Pack of 1)
                         Price: Rs. 499
				
			Add a pinch of interest to every corner of your house with Multi Color Wall Sticker and Wall Decal by DeStudio that best suit your need. Hurry...Hurry...Hurry...NOW ALL OF YOU CAN DESIGN YOUR OWN DECALS AT VERY AFFORDABLE RATE @ Rs 99 PER Sq ft...ANY DESIGN, IN ANY SIZE WITH CHOICE OF COLORS...SO DON'T WAIT HERE, START DESIGNING YOUR WALLS...
Add a pinch of interest to every corner of your house with Multi Color Wall Sticker and Wall Decal by DeStudio that best suit your need. Hurry...Hurry...Hurry...NOW ALL OF YOU CAN DESIGN YOUR OWN DECALS AT VERY AFFORDABLE RATE @ Rs 99 PER Sq ft...ANY DESIGN, IN ANY SIZE WITH CHOICE OF COLORS...SO DON'T WAIT HERE, START DESIGNING YOUR WALLS..."
Creative Width Decor Medium Vinyl Sticker Sticker,"[""Home Decor & Festive Needs >> Wall Decor & Clocks >> Wall Decals & Stickers >> Creative Width Decor Wall Decals & Stickers""]",Creative Width Decor,499,Buy Creative Width Decor Medium Vinyl Sticker Sticker for Rs.499 online. Creative Width Decor Medium Vinyl Sticker Sticker at best prices with FREE shipping & cash on delivery. Only Genuine Products. 30 Day Replacement Guarantee.
DeStudio Tiny Wall Sticker,"[""Home Decor & Festive Needs >> Wall Decor & Clocks >> Wall Decals & Stickers >> DeStudio Wall Decals & Stickers""]",DeStudio,399,Buy DeStudio Tiny Wall Sticker for Rs.399 online. DeStudio Tiny Wall Sticker at best prices with FREE shipping & cash on delivery. Only Genuine Products. 30 Day Replacement Guarantee.
DeStudio Tiny Wall Sticker,"[""Home Decor & Festive Needs >> Wall Decor & Clocks >> Wall Decals & Stickers >> DeStudio Wall Decals & Stickers""]",DeStudio,399,Buy DeStudio Tiny Wall Sticker for Rs.399 online. DeStudio Tiny Wall Sticker at best prices with FREE shipping & cash on delivery. Only Genuine Products. 30 Day Replacement Guarantee.
DeStudio Small Wall Sticker,"[""Home Decor & Festive Needs >> Wall Decor & Clocks >> Wall Decals & Stickers >> DeStudio Wall Decals & Stickers""]",DeStudio,499,"DeStudio Small Wall Sticker (Pack of 1)
                         Price: Rs. 499
				
			Add a pinch of interest to every corner of your house with Multi Color Wall Sticker and Wall Decal by DeStudio that best suit your need. Hurry...Hurry...Hurry...NOW ALL OF YOU CAN DESIGN YOUR OWN DECALS AT VERY AFFORDABLE RATE @ Rs 99 PER Sq ft...ANY DESIGN, IN ANY SIZE WITH CHOICE OF COLORS...SO DON'T WAIT HERE, START DESIGNING YOUR WALLS...
Add a pinch of interest to every corner of your house with Multi Color Wall Sticker and Wall Decal by DeStudio that best suit your need. Hurry...Hurry...Hurry...NOW ALL OF YOU CAN DESIGN YOUR OWN DECALS AT VERY AFFORDABLE RATE @ Rs 99 PER Sq ft...ANY DESIGN, IN ANY SIZE WITH CHOICE OF COLORS...SO DON'T WAIT HERE, START DESIGNING YOUR WALLS..."
DeStudio Tiny Wall Sticker,"[""Home Decor & Festive Needs >> Wall Decor & Clocks >> Wall Decals & Stickers >> DeStudio Wall Decals & Stickers""]",DeStudio,399,"DeStudio Tiny Wall Sticker
                         Price: Rs. 399
				
			Size TINY 45cms X 60cms

Bespoke & Customized : 
Wall Stickers by DeStudio are good to add decor to your regular walls. These are very easily removable Wall Sticker and comes in great options e.g Color, Size and Directions. Customization and Flip options are also available on request. For more details please contact our DeStudio support.

Application Surfaces : 
Our Wall Stickers can be applied to almost any smooth surface, Including smooth wallpaper, paint, glass, windows, metal, plastic, wood, tiles, mirrors, drywall, plaster, laptops, cars, boats, vans and all other vehicles.

Durability : 
We are using a Premium Quality PVC vinyl Films in Wall Sticker and they will last up to 10 years indoors.

Removing Wall Stickers : 
Our Matt finish Wall Sticker can be removed from any surface at anytime leaving no marks, glue or residue behind. Once it's removed, can't be reused.

Sizes Available for Wall Stickers are Following : 

TINY = 45cms X 60cms, SMALL = 60cms X 60cms, MEDIUM = 75cms X 60cms, LARGE = 90cms X 60cms, SUPER = 105cms X 60cms, JUMBO = 120cms X 60cms, GIANT = 135cms X 60cms, MEGA = 150cms X 60cms.

Wall Stickers by DeStudio are good to add decor to your regular walls. These are very easily removable Wall Stickers & Wall Decals, which comes in great options e.g Color, Size and Directions. CUSTOMIZATION AND FLIP OPTION ARE ALSO AVAILABLE ON REQUEST. For More Info Please Contact to DeStudio.

Disclaimer : 
All Images are digitally enlarged to provide better view of product, hence images stand no reference for product size comparison. Refer description section of size and quantity details. You will receive exact size products. Background and other props are only for depiction, they will not be included.
Size TINY 45cms X 60cms

Bespoke & Customized : 
Wall Stickers by DeStudio are good to add decor to your regular walls. These are very easily removable Wall Sticker and comes in great options e.g Color, Size and Directions. Customization and Flip options are also available on request. For more details please contact our DeStudio support.

Application Surfaces : 
Our Wall Stickers can be applied to almost any smooth surface, Including smooth wallpaper, paint, glass, windows, metal, plastic, wood, tiles, mirrors, drywall, plaster, laptops, cars, boats, vans and all other vehicles.

Durability : 
We are using a Premium Quality PVC vinyl Films in Wall Sticker and they will last up to 10 years indoors.

Removing Wall Stickers : 
Our Matt finish Wall Sticker can be removed from any surface at anytime leaving no marks, glue or residue behind. Once it's removed, can't be reused.

Sizes Available for Wall Stickers are Following : 

TINY = 45cms X 60cms, SMALL = 60cms X 60cms, MEDIUM = 75cms X 60cms, LARGE = 90cms X 60cms, SUPER = 105cms X 60cms, JUMBO = 120cms X 60cms, GIANT = 135cms X 60cms, MEGA = 150cms X 60cms.

Wall Stickers by DeStudio are good to add decor to your regular walls. These are very easily removable Wall Stickers & Wall Decals, which comes in great options e.g Color, Size and Directions. CUSTOMIZATION AND FLIP OPTION ARE ALSO AVAILABLE ON REQUEST. For More Info Please Contact to DeStudio.

Disclaimer : 
All Images are digitally enlarged to provide better view of product, hence images stand no reference for product size comparison. Refer description section of size and quantity details. You will receive exact size products. Background and other props are only for depiction, they will not be included."
Creative Width Decor Small Vinyl Sticker Sticker,"[""Home Decor & Festive Needs >> Wall Decor & Clocks >> Wall Decals & Stickers >> Creative Width Decor Wall Decals & Stickers""]",Creative Width Decor,299,Buy Creative Width Decor Small Vinyl Sticker Sticker for Rs.299 online. Creative Width Decor Small Vinyl Sticker Sticker at best prices with FREE shipping & cash on delivery. Only Genuine Products. 30 Day Replacement Guarantee.
DeStudio Tiny Wall Sticker,"[""Home Decor & Festive Needs >> Wall Decor & Clocks >> Wall Decals & Stickers >> DeStudio Wall Decals & Stickers""]",DeStudio,399,Buy DeStudio Tiny Wall Sticker for Rs.399 online. DeStudio Tiny Wall Sticker at best prices with FREE shipping & cash on delivery. Only Genuine Products. 30 Day Replacement Guarantee.
Creative Width Decor Small Vinyl Sticker Sticker,"[""Home Decor & Festive Needs >> Wall Decor & Clocks >> Wall Decals & Stickers >> Creative Width Decor Wall Decals & Stickers""]",Creative Width Decor,474,Buy Creative Width Decor Small Vinyl Sticker Sticker for Rs.474 online. Creative Width Decor Small Vinyl Sticker Sticker at best prices with FREE shipping & cash on delivery. Only Genuine Products. 30 Day Replacement Guarantee.
Creative Width Decor Small Vinyl Sticker,"[""Home Decor & Festive Needs >> Wall Decor & Clocks >> Wall Decals & Stickers >> Creative Width Decor Wall Decals & Stickers""]",Creative Width Decor,324,Buy Creative Width Decor Small Vinyl Sticker for Rs.324 online. Creative Width Decor Small Vinyl Sticker at best prices with FREE shipping & cash on delivery. Only Genuine Products. 30 Day Replacement Guarantee.
DeStudio Tiny Wall Sticker,"[""Home Decor & Festive Needs >> Wall Decor & Clocks >> Wall Decals & Stickers >> DeStudio Wall Decals & Stickers""]",DeStudio,399,Buy DeStudio Tiny Wall Sticker for Rs.399 online. DeStudio Tiny Wall Sticker at best prices with FREE shipping & cash on delivery. Only Genuine Products. 30 Day Replacement Guarantee.
DeStudio Small Wall Sticker,"[""Home Decor & Festive Needs >> Wall Decor & Clocks >> Wall Decals & Stickers >> DeStudio Wall Decals & Stickers""]",DeStudio,499,"DeStudio Small Wall Sticker (Pack of 1)
                         Price: Rs. 499
				
			Add a pinch of interest to every corner of your house with Multi Color Wall Sticker and Wall Decal by DeStudio that best suit your need. Hurry...Hurry...Hurry...NOW ALL OF YOU CAN DESIGN YOUR OWN DECALS AT VERY AFFORDABLE RATE @ Rs 99 PER Sq ft...ANY DESIGN, IN ANY SIZE WITH CHOICE OF COLORS...SO DON'T WAIT HERE, START DESIGNING YOUR WALLS...
Add a pinch of interest to every corner of your house with Multi Color Wall Sticker and Wall Decal by DeStudio that best suit your need. Hurry...Hurry...Hurry...NOW ALL OF YOU CAN DESIGN YOUR OWN DECALS AT VERY AFFORDABLE RATE @ Rs 99 PER Sq ft...ANY DESIGN, IN ANY SIZE WITH CHOICE OF COLORS...SO DON'T WAIT HERE, START DESIGNING YOUR WALLS..."
DeStudio Tiny Wall Sticker,"[""Home Decor & Festive Needs >> Wall Decor & Clocks >> Wall Decals & Stickers >> DeStudio Wall Decals & Stickers""]",DeStudio,399,"DeStudio Tiny Wall Sticker
                         Price: Rs. 399
				
			Size TINY 45cms X 60cms

Bespoke & Customized : 
Wall Stickers by DeStudio are good to add decor to your regular walls. These are very easily removable Wall Sticker and comes in great options e.g Color, Size and Directions. Customization and Flip options are also available on request. For more details please contact our DeStudio support.

Application Surfaces : 
Our Wall Stickers can be applied to almost any smooth surface, Including smooth wallpaper, paint, glass, windows, metal, plastic, wood, tiles, mirrors, drywall, plaster, laptops, cars, boats, vans and all other vehicles.

Durability : 
We are using a Premium Quality PVC vinyl Films in Wall Sticker and they will last up to 10 years indoors.

Removing Wall Stickers : 
Our Matt finish Wall Sticker can be removed from any surface at anytime leaving no marks, glue or residue behind. Once it's removed, can't be reused.

Sizes Available for Wall Stickers are Following : 

TINY = 45cms X 60cms, SMALL = 60cms X 60cms, MEDIUM = 75cms X 60cms, LARGE = 90cms X 60cms, SUPER = 105cms X 60cms, JUMBO = 120cms X 60cms, GIANT = 135cms X 60cms, MEGA = 150cms X 60cms.

Wall Stickers by DeStudio are good to add decor to your regular walls. These are very easily removable Wall Stickers & Wall Decals, which comes in great options e.g Color, Size and Directions. CUSTOMIZATION AND FLIP OPTION ARE ALSO AVAILABLE ON REQUEST. For More Info Please Contact to DeStudio.

Disclaimer : 
All Images are digitally enlarged to provide better view of product, hence images stand no reference for product size comparison. Refer description section of size and quantity details. You will receive exact size products. Background and other props are only for depiction, they will not be included.
Size TINY 45cms X 60cms

Bespoke & Customized : 
Wall Stickers by DeStudio are good to add decor to your regular walls. These are very easily removable Wall Sticker and comes in great options e.g Color, Size and Directions. Customization and Flip options are also available on request. For more details please contact our DeStudio support.

Application Surfaces : 
Our Wall Stickers can be applied to almost any smooth surface, Including smooth wallpaper, paint, glass, windows, metal, plastic, wood, tiles, mirrors, drywall, plaster, laptops, cars, boats, vans and all other vehicles.

Durability : 
We are using a Premium Quality PVC vinyl Films in Wall Sticker and they will last up to 10 years indoors.

Removing Wall Stickers : 
Our Matt finish Wall Sticker can be removed from any surface at anytime leaving no marks, glue or residue behind. Once it's removed, can't be reused.

Sizes Available for Wall Stickers are Following : 

TINY = 45cms X 60cms, SMALL = 60cms X 60cms, MEDIUM = 75cms X 60cms, LARGE = 90cms X 60cms, SUPER = 105cms X 60cms, JUMBO = 120cms X 60cms, GIANT = 135cms X 60cms, MEGA = 150cms X 60cms.

Wall Stickers by DeStudio are good to add decor to your regular walls. These are very easily removable Wall Stickers & Wall Decals, which comes in great options e.g Color, Size and Directions. CUSTOMIZATION AND FLIP OPTION ARE ALSO AVAILABLE ON REQUEST. For More Info Please Contact to DeStudio.

Disclaimer : 
All Images are digitally enlarged to provide better view of product, hence images stand no reference for product size comparison. Refer description section of size and quantity details. You will receive exact size products. Background and other props are only for depiction, they will not be included."
Creative Width Decor Small Vinyl Sticker,"[""Home Decor & Festive Needs >> Wall Decor & Clocks >> Wall Decals & Stickers >> Creative Width Decor Wall Decals & Stickers""]",Creative Width Decor,224,"Creative Width Decor Small Vinyl Sticker (Pack of 1)
                         Price: Rs. 224
				
			Add glam to your walls with the designer products from the house of Creative Width Decor. Choose from thousands of Creative Wall Stickers, Acrylic Panels and Wall Clocks. With lots of size and colour options available, select the designs that suits best to your interiors.
Add glam to your walls with the designer products from the house of Creative Width Decor. Choose from thousands of Creative Wall Stickers, Acrylic Panels and Wall Clocks. With lots of size and colour options available, select the designs that suits best to your interiors."
DeStudio Tiny Wall Sticker,"[""Home Decor & Festive Needs >> Wall Decor & Clocks >> Wall Decals & Stickers >> DeStudio Wall Decals & Stickers""]",DeStudio,399,Buy DeStudio Tiny Wall Sticker for Rs.399 online. DeStudio Tiny Wall Sticker at best prices with FREE shipping & cash on delivery. Only Genuine Products. 30 Day Replacement Guarantee.
DeStudio Tiny Wall Sticker,"[""Home Decor & Festive Needs >> Wall Decor & Clocks >> Wall Decals & Stickers >> DeStudio Wall Decals & Stickers""]",DeStudio,399,Buy DeStudio Tiny Wall Sticker for Rs.399 online. DeStudio Tiny Wall Sticker at best prices with FREE shipping & cash on delivery. Only Genuine Products. 30 Day Replacement Guarantee.
Creative Width Decor Small Vinyl Sticker,"[""Home Decor & Festive Needs >> Wall Decor & Clocks >> Wall Decals & Stickers >> Creative Width Decor Wall Decals & Stickers""]",Creative Width Decor,249,Buy Creative Width Decor Small Vinyl Sticker for Rs.249 online. Creative Width Decor Small Vinyl Sticker at best prices with FREE shipping & cash on delivery. Only Genuine Products. 30 Day Replacement Guarantee.
DeStudio Tiny Wall Sticker,"[""Home Decor & Festive Needs >> Wall Decor & Clocks >> Wall Decals & Stickers >> DeStudio Wall Decals & Stickers""]",DeStudio,399,Buy DeStudio Tiny Wall Sticker for Rs.399 online. DeStudio Tiny Wall Sticker at best prices with FREE shipping & cash on delivery. Only Genuine Products. 30 Day Replacement Guarantee.
Swarnim Jewellers Lord Ganesha Showpiece  -  7.5 cm,"[""Home Decor & Festive Needs >> Showpieces >> Swarnim Jewellers Showpieces""]",Swarnim Jewellers,480,Buy Swarnim Jewellers Lord Ganesha Showpiece  -  7.5 cm for Rs.480 online. Swarnim Jewellers Lord Ganesha Showpiece  -  7.5 cm at best prices with FREE shipping & cash on delivery. Only Genuine Products. 30 Day Replacement Guarantee.
Divine Gifts & Artificial Jewellery Shanker Blue Showpiece  -  7.5 cm,"[""Home Decor & Festive Needs >> Table Decor & Handicrafts >> Showpieces >> Religious Idols >> Divine Gifts & Artificial Jewellery Religious Idols""]",Divine Gifts & Artificial Jewellery,320,Buy Divine Gifts & Artificial Jewellery Shanker Blue Showpiece  -  7.5 cm for Rs.320 online. Divine Gifts & Artificial Jewellery Shanker Blue Showpiece  -  7.5 cm at best prices with FREE shipping & cash on delivery. Only Genuine Products. 30 Day Replacement Guarantee.
Sunita Fashion Shiva Ling Home Pooja Purpose Showpiece  -  10 cm,"[""Home Decor & Festive Needs >> Table Decor & Handicrafts >> Showpieces >> Religious Idols >> Sunita Fashion Religious Idols""]",Sunita Fashion,233,Buy Sunita Fashion Shiva Ling Home Pooja Purpose Showpiece  -  10 cm for Rs.233 online. Sunita Fashion Shiva Ling Home Pooja Purpose Showpiece  -  10 cm at best prices with FREE shipping & cash on delivery. Only Genuine Products. 30 Day Replacement Guarantee.
Aarya 24kt Hanuman Matt Gold Plated Frame Showpiece  -  12 cm,"[""Home Decor & Festive Needs >> Table Decor & Handicrafts >> Showpieces >> Religious Idols >> Aarya 24kt Religious Idols""]",Aarya 24kt,340,Buy Aarya 24kt Hanuman Matt Gold Plated Frame Showpiece  -  12 cm for Rs.340 online. Aarya 24kt Hanuman Matt Gold Plated Frame Showpiece  -  12 cm at best prices with FREE shipping & cash on delivery. Only Genuine Products. 30 Day Replacement Guarantee.
Rajasthani emporium V15 Decorative Bottle,"[""Home Decor & Festive Needs >> Table Decor & Handicrafts >> Table Decor >> Decorative Bottles >> Rajasthani emporium Decorative Bottles""]",Rajasthani emporium,2399,Buy Rajasthani emporium V15 Decorative Bottle for Rs.2399 online. Rajasthani emporium V15 Decorative Bottle at best prices with FREE shipping & cash on delivery. Only Genuine Products. 30 Day Replacement Guarantee.
Bless Ganesh Murti Showpiece  -  32 cm,"[""Home Decor & Festive Needs >> Table Decor & Handicrafts >> Showpieces >> Religious Idols >> Bless Religious Idols""]",Bless,451,Buy Bless Ganesh Murti Showpiece  -  32 cm for Rs.451 online. Bless Ganesh Murti Showpiece  -  32 cm at best prices with FREE shipping & cash on delivery. Only Genuine Products. 30 Day Replacement Guarantee.
Karukraft Multicolour Terracotta Parvati Ganesha Showpiece  -  2 cm,"[""Home Decor & Festive Needs >> Table Decor & Handicrafts >> Showpieces >> Religious Idols >> Karukraft Religious Idols""]",Karukraft,450,Buy Karukraft Multicolour Terracotta Parvati Ganesha Showpiece  -  2 cm for Rs.450 online. Karukraft Multicolour Terracotta Parvati Ganesha Showpiece  -  2 cm at best prices with FREE shipping & cash on delivery. Only Genuine Products. 30 Day Replacement Guarantee.
Designwallas Festive Pack (Set of 2) Notebook Hard Bound,"[""Pens & Stationery >> Office Supplies >> Designwallas Office Supplies""]",Designwallas,590,Buy Designwallas Festive Pack (Set of 2) Notebook Hard Bound for Rs.590 online. Designwallas Festive Pack (Set of 2) Notebook Hard Bound at best prices with FREE shipping & cash on delivery. Only Genuine Products. 30 Day Replacement Guarantee.
SthriElite Goddess Lakshmi Idol Showpiece  -  4.5 cm,"[""Home Decor & Festive Needs >> Table Decor & Handicrafts >> Showpieces >> Religious Idols >> SthriElite Religious Idols""]",SthriElite,299,Buy SthriElite Goddess Lakshmi Idol Showpiece  -  4.5 cm for Rs.299 online. SthriElite Goddess Lakshmi Idol Showpiece  -  4.5 cm at best prices with FREE shipping & cash on delivery. Only Genuine Products. 30 Day Replacement Guarantee.
Unravel India Lord Ganesha Showpiece  -  10 cm,"[""Home Decor & Festive Needs >> Table Decor & Handicrafts >> Showpieces >> Religious Idols >> Unravel India Religious Idols""]",Unravel India,449,Buy Unravel India Lord Ganesha Showpiece  -  10 cm for Rs.449 online. Unravel India Lord Ganesha Showpiece  -  10 cm at best prices with FREE shipping & cash on delivery. Only Genuine Products. 30 Day Replacement Guarantee.
Villcart Marble Ganesha with Chowki and Mouse Painting Showpiece  -  10 cm,"[""Home Decor & Festive Needs >> Religion & Devotion >> Villcart Religion & Devotion""]",Villcart,370,Buy Villcart Marble Ganesha with Chowki and Mouse Painting Showpiece  -  10 cm for Rs.370 online. Villcart Marble Ganesha with Chowki and Mouse Painting Showpiece  -  10 cm at best prices with FREE shipping & cash on delivery. Only Genuine Products. 30 Day Replacement Guarantee.
Adaa Terracotta - Bulge Green Ganesha Statue - Green Showpiece  -  6 cm,"[""Home Decor & Festive Needs >> Showpieces >> Adaa Showpieces""]",Adaa,290,Buy Adaa Terracotta - Bulge Green Ganesha Statue - Green Showpiece  -  6 cm for Rs.290 online. Adaa Terracotta - Bulge Green Ganesha Statue - Green Showpiece  -  6 cm at best prices with FREE shipping & cash on delivery. Only Genuine Products. 30 Day Replacement Guarantee.
Adaa Terracotta - Reclining Ganesha on Sofa - Pink Showpiece  -  11.9 cm,"[""Home Decor & Festive Needs >> Showpieces >> Adaa Showpieces""]",Adaa,399,Buy Adaa Terracotta - Reclining Ganesha on Sofa - Pink Showpiece  -  11.9 cm for Rs.399 online. Adaa Terracotta - Reclining Ganesha on Sofa - Pink Showpiece  -  11.9 cm at best prices with FREE shipping & cash on delivery. Only Genuine Products. 30 Day Replacement Guarantee.
Anshul Fashion AF-IK-KS-14 Showpiece  -  17 cm,"[""Home Decor & Festive Needs >> Table Decor & Handicrafts >> Showpieces >> Religious Idols >> Anshul Fashion Religious Idols""]",Anshul Fashion,299,Buy Anshul Fashion AF-IK-KS-14 Showpiece  -  17 cm for Rs.299 online. Anshul Fashion AF-IK-KS-14 Showpiece  -  17 cm at best prices with FREE shipping & cash on delivery. Only Genuine Products. 30 Day Replacement Guarantee.
Global Ganesha Lord Ganesha Showpiece  -  15.24 cm,"[""Home Decor & Festive Needs >> Table Decor & Handicrafts >> Showpieces >> Religious Idols >> Global Ganesha Religious Idols""]",Global Ganesha,500,Buy Global Ganesha Lord Ganesha Showpiece  -  15.24 cm for Rs.500 online. Global Ganesha Lord Ganesha Showpiece  -  15.24 cm at best prices with FREE shipping & cash on delivery. Only Genuine Products. 30 Day Replacement Guarantee.
AsiaCraft Goddess of Wealth Laxmi Brass Statue Showpiece  -  7.62 cm,"[""Home Decor & Festive Needs >> Table Decor & Handicrafts >> Showpieces >> Religious Idols >> AsiaCraft Religious Idols""]",AsiaCraft,350,Buy AsiaCraft Goddess of Wealth Laxmi Brass Statue Showpiece  -  7.62 cm for Rs.350 online. AsiaCraft Goddess of Wealth Laxmi Brass Statue Showpiece  -  7.62 cm at best prices with FREE shipping & cash on delivery. Only Genuine Products. 30 Day Replacement Guarantee.
Creativity Centre Ganesha Idol Doorhanging Wallhanging Showpiece  -  28 cm,"[""Home Decor & Festive Needs >> Showpieces >> Creativity Centre Showpieces""]",Creativity Centre,339,Buy Creativity Centre Ganesha Idol Doorhanging Wallhanging Showpiece  -  28 cm for Rs.339 online. Creativity Centre Ganesha Idol Doorhanging Wallhanging Showpiece  -  28 cm at best prices with FREE shipping & cash on delivery. Only Genuine Products. 30 Day Replacement Guarantee.
Vitalwalls Without Frame Canvas Painting,"[""Home Decor & Festive Needs >> Wall Decor & Clocks >> Paintings >> Vitalwalls Paintings""]",Vitalwalls,1549,"Vitalwalls Without Frame Canvas Painting (35 inch x 24 inch)
                         Price: Rs. 1,549
				
			Premium Canvas Art Print, Ready to Frame. This Art Print is a Best Seller. This Painting is a exquisite Painting by the Famous Artist. The canvas print is sure to add beauty and aesthetics to your space.This Art print offers beautiful color accuracy on a high-quality canvas that is ready for framing. Giclée (French for “to spray”) is a printing process where millions of ink droplets are sprayed onto the canvas surface creating natural color transitions. Size: 60 cm x 86.5 cm, Best Selling Art Print. High Quality Canvas with Long Lasting Ink. In the Box: Ready To Frame, Digital Colour Correct, Colour Fast Print on Canvas.(Without Frame)
Premium Canvas Art Print, Ready to Frame. This Art Print is a Best Seller. This Painting is a exquisite Painting by the Famous Artist. The canvas print is sure to add beauty and aesthetics to your space.This Art print offers beautiful color accuracy on a high-quality canvas that is ready for framing. Giclée (French for “to spray”) is a printing process where millions of ink droplets are sprayed onto the canvas surface creating natural color transitions. Size: 60 cm x 86.5 cm, Best Selling Art Print. High Quality Canvas with Long Lasting Ink. In the Box: Ready To Frame, Digital Colour Correct, Colour Fast Print on Canvas.(Without Frame)"
Tao Communications Acrylic Painting,"[""Home Decor & Festive Needs >> Wall Decor & Clocks >> Paintings >> Tao Communications Paintings""]",Tao Communications,1800,"Tao Communications Acrylic Painting (15 inch x 12 inch)
                         Price: Rs. 1,800
				
			Acrylic And Ink On Canvas
Acrylic And Ink On Canvas"
Wallmantra Christ The Redeemer Framed Print Canvas Painting,"[""Home Decor & Festive Needs >> Wall Decor & Clocks >> Paintings >> Wallmantra Paintings""]",Wallmantra,1749,"Wallmantra Christ The Redeemer Framed Print Canvas Painting (16 inch x 21 inch)
                         Price: Rs. 1,749
				
			This Beautiful Rendition Of The Redeemer Is A Jewel In Your Scheme Of Interiors. These Exclusive Designs Are Printed On The Best Quality Photo Paper And Framed To Perfection With Most Elegant Frames And Keen Attention To Detail So That You Can Decorate Your Home With Taste And Pride. Each Design Is Created In Consultation With Our Designers And Keeping In Mind The Contemporary Trends, So You Can Order, Sit Back And Relax And Complement Your Interior Decor With One Of These Prints. For Customisation Or Framing Your Own Designs Contact Wallmantra.
This Beautiful Rendition Of The Redeemer Is A Jewel In Your Scheme Of Interiors. These Exclusive Designs Are Printed On The Best Quality Photo Paper And Framed To Perfection With Most Elegant Frames And Keen Attention To Detail So That You Can Decorate Your Home With Taste And Pride. Each Design Is Created In Consultation With Our Designers And Keeping In Mind The Contemporary Trends, So You Can Order, Sit Back And Relax And Complement Your Interior Decor With One Of These Prints. For Customisation Or Framing Your Own Designs Contact Wallmantra."
Wallmantra Golden Buddha On Red Background Framed Print Canvas Painting,"[""Home Decor & Festive Needs >> Wall Decor & Clocks >> Paintings >> Wallmantra Paintings""]",Wallmantra,1749,Buy Wallmantra Golden Buddha On Red Background Framed Print Canvas Painting for Rs.1749 online. Wallmantra Golden Buddha On Red Background Framed Print Canvas Painting at best prices with FREE shipping & cash on delivery. Only Genuine Products. 30 Day Replacement Guarantee.
Wallmantra Abstract Trees Wall Hanging Canvas Painting,"[""Home Decor & Festive Needs >> Wall Decor & Clocks >> Paintings >> Wallmantra Paintings""]",Wallmantra,1749,Buy Wallmantra Abstract Trees Wall Hanging Canvas Painting for Rs.1749 online. Wallmantra Abstract Trees Wall Hanging Canvas Painting at best prices with FREE shipping & cash on delivery. Only Genuine Products. 30 Day Replacement Guarantee.
Vitalwalls Canvas Painting,"[""Home Decor & Festive Needs >> Wall Decor & Clocks >> Paintings >> Vitalwalls Paintings""]",Vitalwalls,1549,"Vitalwalls Canvas Painting (8.8582725 inch x 17.716545 inch)
                         Price: Rs. 1,549
				
			Premium Canvas Art Print. This Art Print is a Best Seller. This Painting is a Exquisite Painting by the Famous Artist. The canvas print is sure to add beauty and aesthetics to your space.This Art print offers beautiful color accuracy on a high-quality canvas that is ready for framing. Giclée (French for “to spray”) is a printing process where millions of ink droplets are sprayed onto the canvas surface creating natural color transitions. Size : 45cm x 22.5cm Best Selling Art Print. High Quality Canvas with Long Lasting Ink. In the Box: Gallery Wrapped on Pure Wooden Frame, Ready to Mount on Wall.
Premium Canvas Art Print. This Art Print is a Best Seller. This Painting is a Exquisite Painting by the Famous Artist. The canvas print is sure to add beauty and aesthetics to your space.This Art print offers beautiful color accuracy on a high-quality canvas that is ready for framing. Giclée (French for “to spray”) is a printing process where millions of ink droplets are sprayed onto the canvas surface creating natural color transitions. Size : 45cm x 22.5cm Best Selling Art Print. High Quality Canvas with Long Lasting Ink. In the Box: Gallery Wrapped on Pure Wooden Frame, Ready to Mount on Wall."
Vitalwalls With Frame Canvas Painting,"[""Home Decor & Festive Needs >> Wall Decor & Clocks >> Paintings >> Vitalwalls Paintings""]",Vitalwalls,1549,"Vitalwalls With Frame Canvas Painting (17.4409543 inch x 11.81103 inch)
                         Price: Rs. 1,549
				
			Premium Canvas Art Print. This Art Print is a Best Seller. This Painting is a Exquisite Painting by the Famous Artist. The canvas print is sure to add beauty and aesthetics to your space.This Art print offers beautiful color accuracy on a high-quality canvas that is ready for framing. Giclée (French for “to spray”) is a printing process where millions of ink droplets are sprayed onto the canvas surface creating natural color transitions. Size: 30 cm X 44.3 cm Best Selling Art Print. High Quality Canvas with Long Lasting Ink. In the Box: Gallery Wrapped on Pure Wooden Frame, Ready to Mount on Wall.
Premium Canvas Art Print. This Art Print is a Best Seller. This Painting is a Exquisite Painting by the Famous Artist. The canvas print is sure to add beauty and aesthetics to your space.This Art print offers beautiful color accuracy on a high-quality canvas that is ready for framing. Giclée (French for “to spray”) is a printing process where millions of ink droplets are sprayed onto the canvas surface creating natural color transitions. Size: 30 cm X 44.3 cm Best Selling Art Print. High Quality Canvas with Long Lasting Ink. In the Box: Gallery Wrapped on Pure Wooden Frame, Ready to Mount on Wall."
Wallmantra Cute Kittens Framed Print Canvas Painting,"[""Home Decor & Festive Needs >> Wall Decor & Clocks >> Paintings >> Wallmantra Paintings""]",Wallmantra,1749,"Wallmantra Cute Kittens Framed Print Canvas Painting (16 inch x 21 inch)
                         Price: Rs. 1,749
				
			Drip Your Interiors With Adorability With This Framed Print Of A Cute Kittens. These Exclusive Designs Are Printed On The Best Quality Photo Paper And Framed To Perfection With Most Elegant Frames And Keen Attention To Detail So That You Can Decorate Your Home With Taste And Pride. Each Design Is Created In Consultation With Our Designers And Keeping In Mind The Contemporary Trends, So You Can Order, Sit Back And Relax And Complement Your Interior Decor With One Of These Prints. For Customisation Or Framing Your Own Designs Contact Wallmantra.
Drip Your Interiors With Adorability With This Framed Print Of A Cute Kittens. These Exclusive Designs Are Printed On The Best Quality Photo Paper And Framed To Perfection With Most Elegant Frames And Keen Attention To Detail So That You Can Decorate Your Home With Taste And Pride. Each Design Is Created In Consultation With Our Designers And Keeping In Mind The Contemporary Trends, So You Can Order, Sit Back And Relax And Complement Your Interior Decor With One Of These Prints. For Customisation Or Framing Your Own Designs Contact Wallmantra."
Wallmantra Abstract Colors Modern Art Wall Hanging Canvas Painting,"[""Home Decor & Festive Needs >> Wall Decor & Clocks >> Paintings >> Wallmantra Paintings""]",Wallmantra,1749,Buy Wallmantra Abstract Colors Modern Art Wall Hanging Canvas Painting for Rs.1749 online. Wallmantra Abstract Colors Modern Art Wall Hanging Canvas Painting at best prices with FREE shipping & cash on delivery. Only Genuine Products. 30 Day Replacement Guarantee.
Wallmantra Motivational Quote Framed Print Canvas Painting,"[""Home Decor & Festive Needs >> Wall Decor & Clocks >> Paintings >> Wallmantra Paintings""]",Wallmantra,1749,"Wallmantra Motivational Quote Framed Print Canvas Painting (21 inch x 16 inch)
                         Price: Rs. 1,749
				
			Keep This Motivational Hanging On Your Walls To Help You Focus On The Future. You Are Bound To Succeed With An Eye On The Future. These Exclusive Designs Are Printed On The Best Quality Photo Paper And Framed To Perfection With Most Elegant Frames And Keen Attention To Detail So That You Can Decorate Your Home With Taste And Pride. Each Design Is Created In Consultation With Our Designers And Keeping In Mind The Contemporary Trends, So You Can Order, Sit Back And Relax And Complement Your Interior Decor With One Of These Prints. For Customisation Or Framing Your Own Designs Contact Wallmantra.
Keep This Motivational Hanging On Your Walls To Help You Focus On The Future. You Are Bound To Succeed With An Eye On The Future. These Exclusive Designs Are Printed On The Best Quality Photo Paper And Framed To Perfection With Most Elegant Frames And Keen Attention To Detail So That You Can Decorate Your Home With Taste And Pride. Each Design Is Created In Consultation With Our Designers And Keeping In Mind The Contemporary Trends, So You Can Order, Sit Back And Relax And Complement Your Interior Decor With One Of These Prints. For Customisation Or Framing Your Own Designs Contact Wallmantra."
Kanha poshak Wooden All Purpose Chowki,"[""Home Decor & Festive Needs >> Religion & Devotion >> Chowkis >> Kanha poshak Chowkis >> Kanha poshak Wooden All Purpose Chowki (Multicolor)""]",Kanha poshak,380,"Key Features of Kanha poshak Wooden All Purpose Chowki Wooden Height - Chowki : 1.5 inch, singhasen: 5 inch Width - chowki: 4"" inch, singhasen: 4"" inch,Kanha poshak Wooden All Purpose Chowki (Multicolor) Price: Rs. 380 this combo contains 1 chowki and 1 singhasen make in wooden with meenakari design in multicolor. use for your deity/ singhasen for sitting laddugopal ji and chowki for serving food or for sitting as well. chowki size (LxWxH) : 4""x4""x1.5"" Singhasen size (LxWxH): 6""x4""x5"",Specifications of Kanha poshak Wooden All Purpose Chowki (Multicolor) General Brand Kanha poshak Model Number MK_chowki Type All Purpose Material Wooden Color Multicolor In the box Sales Package 1 chowki, 1 singhasen Dimensions Height Chowki : 1.5 inch, singhasen: 5 inch Width chowki: 4"" inch, singhasen: 4"" inch"
"Stylla Pichkari, Color Holi Combo","[""Home Decor & Festive Needs >> Festive Decor >> Holi Essentials >> Holi Combos >> Stylla Holi Combos >> Stylla Pichkari, Color Holi Combo""]",Stylla,299,"Key Features of Stylla Pichkari, Color Holi Combo Kids Pichkari,Stylla Pichkari, Color Holi Combo Price: Rs. 299 Stylla is a popular brand that offers fun Pichkari water toys in vibrant colours. It presents a range of exclusive Pichkari guns, cute water toys featuring your favourite cartoon characters and gives a new dimension to outdoor play. Its products are durable, uniquely designed and made of non-toxic material that ensures safety for all.,Specifications of Stylla Pichkari, Color Holi Combo Pichkari Features Material Plastic Color Yellow and Green General Brand Stylla Holi Combo Set Includes Pichkari, Color Model Number Stylla Unique Yellow & Red Plastic Holi Pichkari Gun Dimensions Weight 500 g Pichkari Length 16.5 cm Balloon Features Color Yellow and Green Holi Color Features Herbal Yes Weight 500 g Type Powder Color Yellow and Green In the Box Sales Package 1 Pichkari 1 Color"
Panditnmshrimali Parad Shivlingam (70 gm) Showpiece  -  3.5 cm,"[""Home Decor & Festive Needs >> Table Decor & Handicrafts >> Showpiece >> Religious Idols >> Panditnmshrimali Religious Idols >> Panditnmshrimali Parad Shivlingam (70 gm) Showpi...""]",Panditnmshrimali,800,"Key Features of Panditnmshrimali Parad Shivlingam (70 gm) Showpiece  -  3.5 cm Material - Parad(Mercury),Panditnmshrimali Parad Shivlingam (70 gm) Showpiece  -  3.5 cm (Silver Finish, Silver) Price: Rs. 800 Parad Shivling represents the confluence of the divine and Maya (illusion), congregation of the nature and male, and the union of Lord Shiv & Goddess Parvati. Parad Shivlinga also symbolizes Lord Shiva (Mahamrityunjay - Conqueror of Death). The splendor of Parad which is believed to be the semen (seed) of Lord Shiva finds mention in the Puranas, Shastras and Tantra text. Mahashivratri falling on 8th of March, 2016 is one of the most celebrated Hindu festivals. People observe fast on this day in order to please Mahadeva (Shiv). It is a grand night of Lord Shiva where Lord Shive and Shakti merge, also represented by Parad. As per the Vedas, Parad is the most pure and auspicious metal with high religious importance. In Bramha Purana, it is also mentioned that the individual who worships Parad idols loyally, gets full worldly pleasures, and eventually attains salvation. It is also believed that an individual will be able to fulfill his goals - religion, health, desire, and salvation by worshipping Parad Shivling. In the ancient scriptures such as 'Ras Ratnakar', 'Ras Chandasu', 'Parad Samhita', 'Rasendara Chudamani' it is mentioned that by a mere touch of Parad Shivling, a person will get the benefit of Shiv Puja in all the three Lokas. • Benefits of Parad Shivling Parad Shivling which is made from the purest Mercury symbolizes Lord Shiva. Parad is regarded as the most genuine and auspicious metal and is used for Sadhana. It is believed that if a person concentrates on it and uses it for worship most of his desires will be fulfilled. As per the Ancient Rishis, to get relief from a disease worshipping of Shivlinga is necessary besides the usage of medicine. Worshipping of Parad Shivling makes a devotee free from the fear of death, health issues, and other dangers. In addition, it makes the worshipper spiritual, healthy and brave. Parad Shivling brings harmony, weeds out trouble, removes stress, tension and ego. It is capable to bring back a person in normal life from a life threatening situation and protects the person critical situations. It also safeguards from ill-effects of Kaal Sarp Dosh Mangalik Dosh, Planetary flaws. Parad Shivling not only eliminates adversity but also brings good luck and success in life. It reinstates lost faith and mental & physical power and enables an individual to be free from sorrow and struggle. • Parad Shivling Mantra "" Tatpurushay Vidmahe Mahaadevaaya Dheemahi, Tanno Rudrah Prachodayaat "" "" Om Triyambakam Yajamahe Sugandhim Pushti Vardhanam Urvarukamiva Bandhanan Mrityor Mukshiya Maamritat "" "" Om Namah Shivay "" "" Om Houm Jum Sah (Own Name ) Palaye Palaye Sah Jum Houm Om "",Specifications of Panditnmshrimali Parad Shivlingam (70 gm) Showpiece  -  3.5 cm (Silver Finish, Silver) General Brand Panditnmshrimali Model Number pnms366 Type Religious Idols Material Silver Finish Model Name Parad Shivlingam (70 gm) Color Silver Dimensions Weight 70 g Height 3.5 cm Width 3.5 cm Depth 1 cm Additional Features Water Resistant Yes In the Box Sales Package 1 Showpiece Figurine Pack of 1"
Advent Crafts Glass Chuha Ganesha Showpiece  -  20 cm,"[""Home Decor & Festive Needs >> Table Decor & Handicrafts >> Showpieces >> Religious Idols >> Advent Crafts Religious Idols""]",Advent Crafts,692,Buy Advent Crafts Glass Chuha Ganesha Showpiece  -  20 cm for Rs.692 online. Advent Crafts Glass Chuha Ganesha Showpiece  -  20 cm at best prices with FREE shipping & cash on delivery. Only Genuine Products. 30 Day Replacement Guarantee.
Jaipur Raga Lord Krishna Showpiece  -  14 cm,"[""Home Decor & Festive Needs >> Showpieces >> Jaipur Raga Showpieces""]",Jaipur Raga,799,Buy Jaipur Raga Lord Krishna Showpiece  -  14 cm for Rs.799 online. Jaipur Raga Lord Krishna Showpiece  -  14 cm at best prices with FREE shipping & cash on delivery. Only Genuine Products. 30 Day Replacement Guarantee.
Zotalic Shri Sai Baba Showpiece  -  11 cm,"[""Home Decor & Festive Needs >> Showpieces >> Zotalic Showpieces""]",Zotalic,599,Buy Zotalic Shri Sai Baba Showpiece  -  11 cm for Rs.599 online. Zotalic Shri Sai Baba Showpiece  -  11 cm at best prices with FREE shipping & cash on delivery. Only Genuine Products. 30 Day Replacement Guarantee.
Jaipur Crafts Premium Collection Silver Lord Krishna With Makhan Matki Showpiece  -  13.97 cm,"[""Home Decor & Festive Needs >> Table Decor & Handicrafts >> Showpieces >> Religious Idols >> Jaipur Crafts Religious Idols""]",Jaipur Crafts,838,Buy Jaipur Crafts Premium Collection Silver Lord Krishna With Makhan Matki Showpiece  -  13.97 cm for Rs.838 online. Jaipur Crafts Premium Collection Silver Lord Krishna With Makhan Matki Showpiece  -  13.97 cm at best prices with FREE shipping & cash on delivery. Only Genuine Products. 30 Day Replacement Guarantee.
Golmaalshop Showpiece  -  27.9 cm,"[""Home Decor & Festive Needs >> Table Decor & Handicrafts >> Showpieces >> Religious Idols >> Golmaalshop Religious Idols""]",Golmaalshop,799,Buy Golmaalshop Showpiece  -  27.9 cm for Rs.799 online. Golmaalshop Showpiece  -  27.9 cm at best prices with FREE shipping & cash on delivery. Only Genuine Products. 30 Day Replacement Guarantee.
Golmaalshop Showpiece  -  12.7 cm,"[""Home Decor & Festive Needs >> Table Decor & Handicrafts >> Showpieces >> Religious Idols >> Golmaalshop Religious Idols""]",Golmaalshop,649,Buy Golmaalshop Showpiece  -  12.7 cm for Rs.649 online. Golmaalshop Showpiece  -  12.7 cm at best prices with FREE shipping & cash on delivery. Only Genuine Products. 30 Day Replacement Guarantee.
Arghyam Ganesha Showpiece  -  4.2 cm,"[""Home Decor & Festive Needs >> Table Decor & Handicrafts >> Showpieces >> Religious Idols >> Arghyam Religious Idols""]",Arghyam,699,"Arghyam Ganesha Showpiece  -  4.2 cm (Alloy, Gold)
                         Price: Rs. 699
				
			You can use this figure anywhere. Its Look Excellent in your Car dashboard, home or office table Decor. Best for gift. You can use this figure in Decorative purpose
You can use this figure anywhere. Its Look Excellent in your Car dashboard, home or office table Decor. Best for gift. You can use this figure in Decorative purpose"
Monil Ganesha on Banana Leaf White Metal Pooja Idol 336 Showpiece  -  5 cm,"[""Home Decor & Festive Needs >> Table Decor & Handicrafts >> Showpieces >> Religious Idols >> Monil Religious Idols""]",Monil,677,Buy Monil Ganesha on Banana Leaf White Metal Pooja Idol 336 Showpiece  -  5 cm for Rs.677 online. Monil Ganesha on Banana Leaf White Metal Pooja Idol 336 Showpiece  -  5 cm at best prices with FREE shipping & cash on delivery. Only Genuine Products. 30 Day Replacement Guarantee.
Fragrance Concoction Laddu Gopal Rd Showpiece  -  18 cm,"[""Home Decor & Festive Needs >> Table Decor & Handicrafts >> Showpieces >> Religious Idols >> Fragrance Concoction Religious Idols""]",Fragrance Concoction,749,Buy Fragrance Concoction Laddu Gopal Rd Showpiece  -  18 cm for Rs.749 online. Fragrance Concoction Laddu Gopal Rd Showpiece  -  18 cm at best prices with FREE shipping & cash on delivery. Only Genuine Products. 30 Day Replacement Guarantee.
Exotic India Baby Ganesha Granting Abhaya Showpiece  -  6.35 cm,"[""Home Decor & Festive Needs >> Showpieces >> Exotic India Showpieces""]",Exotic India,899,Buy Exotic India Baby Ganesha Granting Abhaya Showpiece  -  6.35 cm for Rs.899 online. Exotic India Baby Ganesha Granting Abhaya Showpiece  -  6.35 cm at best prices with FREE shipping & cash on delivery. Only Genuine Products. 30 Day Replacement Guarantee.
Shivani Art Jesus Sheep Plate Showpiece  -  18 cm,"[""Home Decor & Festive Needs >> Table Decor & Handicrafts >> Showpieces >> Shivani Art Showpieces""]",Shivani Art,599,Buy Shivani Art Jesus Sheep Plate Showpiece  -  18 cm for Rs.599 online. Shivani Art Jesus Sheep Plate Showpiece  -  18 cm at best prices with FREE shipping & cash on delivery. Only Genuine Products. 30 Day Replacement Guarantee.
HD Crafts Showpiece  -  28 cm,"[""Home Decor & Festive Needs >> Table Decor & Handicrafts >> Showpieces >> Religious Idols >> HD Crafts Religious Idols""]",HD Crafts,799,Buy HD Crafts Showpiece  -  28 cm for Rs.799 online. HD Crafts Showpiece  -  28 cm at best prices with FREE shipping & cash on delivery. Only Genuine Products. 30 Day Replacement Guarantee.
Aaditri28 Golden Ganesha Showpiece  -  13 cm,"[""Home Decor & Festive Needs >> Table Decor & Handicrafts >> Showpieces >> Religious Idols >> Aaditri28 Religious Idols""]",Aaditri28,501,Buy Aaditri28 Golden Ganesha Showpiece  -  13 cm for Rs.501 online. Aaditri28 Golden Ganesha Showpiece  -  13 cm at best prices with FREE shipping & cash on delivery. Only Genuine Products. 30 Day Replacement Guarantee.
Bless Laxmiganesh3 Showpiece  -  25 cm,"[""Home Decor & Festive Needs >> Religion & Devotion >> Bless Religion & Devotion""]",Bless,581,Buy Bless Laxmiganesh3 Showpiece  -  25 cm for Rs.581 online. Bless Laxmiganesh3 Showpiece  -  25 cm at best prices with FREE shipping & cash on delivery. Only Genuine Products. 30 Day Replacement Guarantee.
Eventz Gifts Allah Showpiece  -  20 cm,"[""Home Decor & Festive Needs >> Table Decor & Handicrafts >> Showpieces >> Religious Idols >> Eventz Gifts Religious Idols""]",Eventz Gifts,910,Buy Eventz Gifts Allah Showpiece  -  20 cm for Rs.910 online. Eventz Gifts Allah Showpiece  -  20 cm at best prices with FREE shipping & cash on delivery. Only Genuine Products. 30 Day Replacement Guarantee.
Abhushan Radha Krishna on Swing Showpiece  -  19 cm,"[""Home Decor & Festive Needs >> Showpieces >> Abhushan Showpieces""]",Abhushan,695,Buy Abhushan Radha Krishna on Swing Showpiece  -  19 cm for Rs.695 online. Abhushan Radha Krishna on Swing Showpiece  -  19 cm at best prices with FREE shipping & cash on delivery. Only Genuine Products. 30 Day Replacement Guarantee.
Unravel India Lord Ganesha Showpiece  -  3.02 cm,"[""Home Decor & Festive Needs >> Showpieces >> Unravel India Showpieces""]",Unravel India,999,Buy Unravel India Lord Ganesha Showpiece  -  3.02 cm for Rs.999 online. Unravel India Lord Ganesha Showpiece  -  3.02 cm at best prices with FREE shipping & cash on delivery. Only Genuine Products. 30 Day Replacement Guarantee.
Adaa Pagdi Ganesh in Yellow Dhoti Showpiece  -  6.8580000000000005 cm,"[""Home Decor & Festive Needs >> Showpieces >> Adaa Showpieces""]",Adaa,590,Buy Adaa Pagdi Ganesh in Yellow Dhoti Showpiece  -  6.8580000000000005 cm for Rs.590 online. Adaa Pagdi Ganesh in Yellow Dhoti Showpiece  -  6.8580000000000005 cm at best prices with FREE shipping & cash on delivery. Only Genuine Products. 30 Day Replacement Guarantee.
Amazing India Designer Showpiece  -  15 cm,"[""Home Decor & Festive Needs >> Table Decor & Handicrafts >> Showpieces >> Religious Idols >> Amazing India Religious Idols""]",Amazing India,699,Buy Amazing India Designer Showpiece  -  15 cm for Rs.699 online. Amazing India Designer Showpiece  -  15 cm at best prices with FREE shipping & cash on delivery. Only Genuine Products. 30 Day Replacement Guarantee.
Craftartz Buddha Brass Idol Dhyan Mudra Showpiece  -  14 cm,"[""Home Decor & Festive Needs >> Table Decor & Handicrafts >> Showpieces >> Religious Idols >> Craftartz Religious Idols""]",Craftartz,999,"Craftartz Buddha Brass Idol Dhyan Mudra Showpiece  -  14 cm (Brass, Gold)
                         Price: Rs. 999
				
			Give your home the feel of serenity with this brass sculpture of Lord Buddha, a God in Hinduism Buddhism. Lord Buddha, according to Hindu mythology, is known to bring enlightenment to his believers and worshippers. Buddha means ""awakened one"" or ""the enlightened one."" ""Buddha"" is also used as a title for the first awakened being in an era. This is made of Yellow brass metal which makes your home décor more vibrant.
You can place the statue at vantage points at home or office to draw inner strength. You can also install this statue at your home temple for performing Puja and Upasana in the Hindu way. This idol is a fine work of art and also helps in enhancing your home décor. Exquisite piece in Brass, Buddha can be used as home décor or in office. Would make an excellent gift item during house warmings or on festive occassions. Is an excellent corporate gift.
Give your home the feel of serenity with this brass sculpture of Lord Buddha, a God in Hinduism Buddhism. Lord Buddha, according to Hindu mythology, is known to bring enlightenment to his believers and worshippers. Buddha means ""awakened one"" or ""the enlightened one."" ""Buddha"" is also used as a title for the first awakened being in an era. This is made of Yellow brass metal which makes your home décor more vibrant.
You can place the statue at vantage points at home or office to draw inner strength. You can also install this statue at your home temple for performing Puja and Upasana in the Hindu way. This idol is a fine work of art and also helps in enhancing your home décor. Exquisite piece in Brass, Buddha can be used as home décor or in office. Would make an excellent gift item during house warmings or on festive occassions. Is an excellent corporate gift."
H-Cart Durga Maa Showpiece  -  13 cm,"[""Home Decor & Festive Needs >> Table Decor & Handicrafts >> Showpieces >> Religious Idols >> H-Cart Religious Idols""]",H-Cart,800,Buy H-Cart Durga Maa Showpiece  -  13 cm for Rs.800 online. H-Cart Durga Maa Showpiece  -  13 cm at best prices with FREE shipping & cash on delivery. Only Genuine Products. 30 Day Replacement Guarantee.
Gift Studios Ganesha Stone Showpiece  -  17.6 cm,"[""Home Decor & Festive Needs >> Table Decor & Handicrafts >> Showpieces >> Religious Idols >> Gift Studios Religious Idols""]",Gift Studios,699,Buy Gift Studios Ganesha Stone Showpiece  -  17.6 cm for Rs.699 online. Gift Studios Ganesha Stone Showpiece  -  17.6 cm at best prices with FREE shipping & cash on delivery. Only Genuine Products. 30 Day Replacement Guarantee.
Golmaalshop Showpiece  -  3.3 cm,"[""Home Decor & Festive Needs >> Table Decor & Handicrafts >> Showpieces >> Religious Idols >> Golmaalshop Religious Idols""]",Golmaalshop,549,Buy Golmaalshop Showpiece  -  3.3 cm for Rs.549 online. Golmaalshop Showpiece  -  3.3 cm at best prices with FREE shipping & cash on delivery. Only Genuine Products. 30 Day Replacement Guarantee.
"Craft Store India Hand Made Resin Durga Idol 7""x5"" Showpiece  -  17 cm","[""Home Decor & Festive Needs >> Table Decor & Handicrafts >> Showpieces >> Craft Store India Showpieces""]",Craft Store India,579,"Buy Craft Store India Hand Made Resin Durga Idol 7""x5"" Showpiece  -  17 cm for Rs.579 online. Craft Store India Hand Made Resin Durga Idol 7""x5"" Showpiece  -  17 cm at best prices with FREE shipping & cash on delivery. Only Genuine Products. 30 Day Replacement Guarantee."
Edel Shoulder Bag,"[""Bags, Wallets & Belts >> Bags >> Hand Bags >> Edel Hand Bags >> Edel Shoulder Bag (Multicolor)""]",Edel,499,"Key Features of Edel Shoulder Bag Ideal For: Girls, Women Material: Leatherette Closure: Zip,Specifications of Edel Shoulder Bag (Multicolor) General Closure Zip Type Shoulder Bag Material Leatherette Style Code cb Ideal For Girls, Women Occasion Evening/Party, Casual, Formal, Festive Color Code Multicolor"
SSM Hand-held Bag,"[""Bags, Wallets & Belts >> Bags >> Hand Bags >> SSM Hand Bags >> SSM Hand-held Bag (Black)""]",SSM,299,"Key Features of SSM Hand-held Bag Ideal For: Girls, Women Material: PU Closure: Zip,SSM Hand-held Bag (Black) Price: Rs. 299 Be it your intense winter look or a cheerful summer appearance, this handbag from SSM will certainly do justice to both. Carry it on your wrist and look like a diva wherever you go. This polyurethane (pu) handbag will carry your essentials systematically without making it look too bulky.,Specifications of SSM Hand-held Bag (Black) General Closure Zip Type Hand-held Bag Material PU Style Code SSM-11 Occasion Casual, Festive, Evening/Party Ideal For Girls, Women Color Code Black Dimensions Weight .4 g Body Features Number of Pockets 3 Number of Compartments 2 Bag Design Solid In the Box 1 Hand-held Bag"
Edel Shoulder Bag,"[""Bags, Wallets & Belts >> Bags >> Hand Bags >> Edel Hand Bags >> Edel Shoulder Bag (brown)""]",Edel,999,"Key Features of Edel Shoulder Bag Ideal For: Girls, Women Material: Leatherette Closure: Zip,Edel Shoulder Bag (brown) Price: Rs. 999 The bag gives you complete feel of luxury, made out of finest faux-leather material. It is designed in artistic way. Laser cutwork done on sheet makes it absolutely stylish while the lining inside makes the bag durable. Has a compartment inside to keep all your essentials sorted in a place. A perfect companion for office and party.,Specifications of Edel Shoulder Bag (brown) General Closure Zip Type Shoulder Bag Material Leatherette Style Code BSCW Ideal For Girls, Women Occasion Evening/Party, Formal, Casual, Festive Color Code brown"
VRCT 196 inch Green Rice Lights,"[""Home Decor & Festive Needs >> Decorative Lighting & Lamps >> Series Lights >> VRCT Series Lights >> VRCT 196 inch Green Rice Lights (Pack of 1)""]",VRCT,399,"Key Features of VRCT 196 inch Green Rice Lights Number of Bulbs: 250 Multifunctions: Flickring Bulb Type: Led,Specifications of VRCT 196 inch Green Rice Lights (Pack of 1) General Brand VRCT Multi-Functions Flickring Model Number Green S 669 Bulb Type Led Length 196 inch Number of Bulbs 250 Color Green In the Box Sales Package 1 Rice Light, 1 Adaptor Pack of 1"
VRCT 6 inch Multicolor Rice Lights,"[""Home Decor & Festive Needs >> Decorative Lighting & Lamps >> Series Lights >> VRCT Series Lights >> VRCT 6 inch Multicolor Rice Lights (Pack of 2)""]",VRCT,399,"Key Features of VRCT 6 inch Multicolor Rice Lights Rotating Lotus,VRCT 6 inch Multicolor Rice Lights (Pack of 2) Price: Rs. 399 Rotating Lotus Disco Bulb,Specifications of VRCT 6 inch Multicolor Rice Lights (Pack of 2) General Brand VRCT Multi-Functions Color Changing Model Number 2 H Lotus Length 6 inch Number of Bulbs 2 Color Multicolor In the Box Pack of 2"
Shadowfax STRAWBERRY_MAGNET Fridge Magnet,"[""Home Decor & Festive Needs >> Wall Decor & Clocks >> Fridge Magnets >> Shadowfax Fridge Magnets >> Shadowfax STRAWBERRY_MAGNET Fridge Magnet (Pack ...""]",Shadowfax,199,"Key Features of Shadowfax STRAWBERRY_MAGNET Fridge Magnet Material: Ceramic Finish: LAMINATED Height: 1.5 cm,Specifications of Shadowfax STRAWBERRY_MAGNET Fridge Magnet (Pack of 1) General Brand Shadowfax Brand Color RED Model Number MAGNET999 Type Fridge Magnet Material Ceramic Model Name STRAWBERRY_MAGNET Finish LAMINATED Dimensions Height 1.5 cm Width 3 cm In the Box Pack of 1"
Radhika's World of Crafts Ganesha with Prabhavali Showpiece  -  19 cm,"[""Home Decor & Festive Needs >> Table Decor & Handicrafts >> Showpieces >> Religious Idols >> Radhika's World of Crafts Religious Idols""]",Radhika's World of Crafts,3780,"Radhika's World of Crafts Ganesha with Prabhavali Showpiece  -  19 cm (Brass, Yellow)
                         Price: Rs. 3,780
				
			A very beautiful idol of Lord Ganesha with prabhavali. Simple design n yet so elegant n magnificent with its balanced features like correct body ratio n intricate carving. An ideal objet d'art for your pooja room or just as a decorative for your work place or home. Lord Ganesha is a symbol of prosperity n remover of obstacles so wherever he is placed, he will take care of you.

Made of best quality brass in antique finish by our master craftsmen.

Size: Length: 4.5"", Width: 2.75"", Height: 7.5""; 
Weight: 1950 grams app.

Our artifacts are maintenance free.
A very beautiful idol of Lord Ganesha with prabhavali. Simple design n yet so elegant n magnificent with its balanced features like correct body ratio n intricate carving. An ideal objet d'art for your pooja room or just as a decorative for your work place or home. Lord Ganesha is a symbol of prosperity n remover of obstacles so wherever he is placed, he will take care of you.

Made of best quality brass in antique finish by our master craftsmen.

Size: Length: 4.5"", Width: 2.75"", Height: 7.5""; 
Weight: 1950 grams app.

Our artifacts are maintenance free."
"Collectible India Wooden Handpainted Ganesha Statue, Ganesh Idol Showpiece  -  20 cm","[""Home Decor & Festive Needs >> Table Decor & Handicrafts >> Showpieces >> Religious Idols >> Collectible India Religious Idols""]",Collectible India,3900,"Collectible India Wooden Handpainted Ganesha Statue, Ganesh Idol Showpiece  -  20 cm (Wooden, Multicolor)
                         Price: Rs. 3,900
				
			his wooden Painted large size intricately hand carved statue of the Hindu God /Lord Ganesha Elephant has excellent detail and craftsmanship. This exotic eye-catching Lord Ganesha Wooden Statue
Ganesh has four hands, an elephant's head and a big belly, and his vehicle is a tiny mouse. 
A unique combination of his elephant-like head and a quick moving tiny mouse vehicle represents tremendous wisdom, intellegence, and presence of mind.
Beautifully hand painted wooden material
This Wooden Ganesh statue is a favorite gift item. Children also like him very much. He is sweet, and features great detail and overall beauty. 
Ganesh is the son of Lord Shiva, and is known for removing obstacles. 
Hand-painted in fine detail and made with high quality wood material. 

Size : 8"" Height X 4"" Length

Material : Wooden
his wooden Painted large size intricately hand carved statue of the Hindu God /Lord Ganesha Elephant has excellent detail and craftsmanship. This exotic eye-catching Lord Ganesha Wooden Statue
Ganesh has four hands, an elephant's head and a big belly, and his vehicle is a tiny mouse. 
A unique combination of his elephant-like head and a quick moving tiny mouse vehicle represents tremendous wisdom, intellegence, and presence of mind.
Beautifully hand painted wooden material
This Wooden Ganesh statue is a favorite gift item. Children also like him very much. He is sweet, and features great detail and overall beauty. 
Ganesh is the son of Lord Shiva, and is known for removing obstacles. 
Hand-painted in fine detail and made with high quality wood material. 

Size : 8"" Height X 4"" Length

Material : Wooden"
brass gift center Showpiece  -  48 cm,"[""Home Decor & Festive Needs >> Religion & Devotion >> brass gift center Religion & Devotion >> brass gift center Showpiece  -  48 cm (Brass, Mu...""]",brass gift center,4550,"Key Features of brass gift center Showpiece  -  48 cm Brass Height - 48 cm Width - 12 cm Weight - 3700 g,Specifications of brass gift center Showpiece  -  48 cm (Brass, Multicolor) General Brand brass gift center Model Number lady statu showpiece Type Human Figurines Material Brass Color Multicolor Dimensions Weight 3700 g Height 48 cm Width 12 cm Depth 12 cm In the Box Sales Package one piece of statu"
Artifa African Tribal Men Wooden Handmade Showpiece  -  16 cm,"[""Home Decor & Festive Needs >> Table Decor & Handicrafts >> Showpieces >> Human Figurines >> Artifa Human Figurines""]",Artifa,979,Buy Artifa African Tribal Men Wooden Handmade Showpiece  -  16 cm for Rs.979 online. Artifa African Tribal Men Wooden Handmade Showpiece  -  16 cm at best prices with FREE shipping & cash on delivery. Only Genuine Products. 30 Day Replacement Guarantee.
Neha Train Wooden Decorative Platter,"[""Home Decor & Festive Needs >> Table Decor & Handicrafts >> Decorative Platters >> Neha Decorative Platters""]",Neha,974,"Neha Train Wooden Decorative Platter (Multicolor)
                         Price: Rs. 974
				
			Wooden Train Dry Fruit Box. Ideal For Festive Gifting As Well As Corporate Gifting; It Can Be Used To Offer Dry Fruits Like Cashew , Almond , Raisins And Roasted Pista To Your Valuable Guests. This Dry Fruit Box Train Is Engraved Using Stones. Its Can Be Used On Occeasions And Festival
Wooden Train Dry Fruit Box. Ideal For Festive Gifting As Well As Corporate Gifting; It Can Be Used To Offer Dry Fruits Like Cashew , Almond , Raisins And Roasted Pista To Your Valuable Guests. This Dry Fruit Box Train Is Engraved Using Stones. Its Can Be Used On Occeasions And Festival"
Furncoms Man With Child Showpiece  -  32 cm,"[""Home Decor & Festive Needs >> Table Decor & Handicrafts >> Showpieces >> Human Figurines >> Furncoms Human Figurines""]",Furncoms,2352,"Furncoms Man With Child Showpiece  -  32 cm (Ceramic, Silver)
                         Price: Rs. 2,352
				
			Decorative Piece & Perfect for Gifting Purpose
Decorative Piece & Perfect for Gifting Purpose"
Sukhson India Gold Plated Decorative Platter,"[""Home Decor & Festive Needs >> Table Decor & Handicrafts >> Decorative Platters >> Sukhson India Decorative Platters""]",Sukhson India,399,"Sukhson India Gold Plated Decorative Platter (Gold)
                         Price: Rs. 399
				
			This Gold Finished dry fruits box is truly a master piece in tradition , design. This dry fruit box is a great selection and a precious gift for dry fruit lovers.Specially used to keep dry fruits and sweets.
This Gold Finished dry fruits box is truly a master piece in tradition , design. This dry fruit box is a great selection and a precious gift for dry fruit lovers.Specially used to keep dry fruits and sweets."
Ethnic Regalia Wooden Rajasthani Musicians Showpiece  -  10 cm,"[""Home Decor & Festive Needs >> Table Decor & Handicrafts >> Showpieces >> Human Figurines >> Ethnic Regalia Human Figurines""]",Ethnic Regalia,450,Buy Ethnic Regalia Wooden Rajasthani Musicians Showpiece  -  10 cm for Rs.450 online. Ethnic Regalia Wooden Rajasthani Musicians Showpiece  -  10 cm at best prices with FREE shipping & cash on delivery. Only Genuine Products. 30 Day Replacement Guarantee.
Kakori Handcrafted Seated Musician having Red Color and Nickel Polish Finish Showpiece  -  17 cm,"[""Home Decor & Festive Needs >> Showpieces >> Kakori Showpieces""]",Kakori,655,Buy Kakori Handcrafted Seated Musician having Red Color and Nickel Polish Finish Showpiece  -  17 cm for Rs.655 online. Kakori Handcrafted Seated Musician having Red Color and Nickel Polish Finish Showpiece  -  17 cm at best prices with FREE shipping & cash on delivery. Only Genuine Products. 30 Day Replacement Guarantee.
Lavanaya Board Musician Dhapli Showpiece  -  20 cm,"[""Home Decor & Festive Needs >> Table Decor & Handicrafts >> Showpieces >> Human Figurines >> Lavanaya Human Figurines""]",Lavanaya,600,Buy Lavanaya Board Musician Dhapli Showpiece  -  20 cm for Rs.600 online. Lavanaya Board Musician Dhapli Showpiece  -  20 cm at best prices with FREE shipping & cash on delivery. Only Genuine Products. 30 Day Replacement Guarantee.
Udaipur Art Gallery Wooden Decorative Platter,"[""Home Decor & Festive Needs >> Table Decor & Handicrafts >> Decorative Platters >> Udaipur Art Gallery Decorative Platters""]",Udaipur Art Gallery,399,Buy Udaipur Art Gallery Wooden Decorative Platter for Rs.399 online. Udaipur Art Gallery Wooden Decorative Platter at best prices with FREE shipping & cash on delivery. Only Genuine Products. 30 Day Replacement Guarantee.
You2Deal Wood & Iron Handicraft Antique Style Home Decor Cycle Gift Item Showpiece  -  25 cm,"[""Home Decor & Festive Needs >> Showpieces >> You2Deal Showpieces""]",You2Deal,449,"You2Deal Wood & Iron Handicraft Antique Style Home Decor Cycle Gift Item Showpiece  -  25 cm (Wooden, Iron, Black)
                         Price: Rs. 449
				
			Wooden & Iron Cycle Antique Home Decor Product is a perfect home decor product.
Wooden & Iron Cycle is made from high quality wood and iron.
Can be give as gift to childrens.
Wooden & Iron Cycle Antique Home Decor Product is a perfect home decor product.
Wooden & Iron Cycle is made from high quality wood and iron.
Can be give as gift to childrens."
Marwar Handmade Iron Bicycle Toy Showpiece  -  20 cm,"[""Home Decor & Festive Needs >> Showpieces >> Marwar Showpieces""]",Marwar,899,Buy Marwar Handmade Iron Bicycle Toy Showpiece  -  20 cm for Rs.899 online. Marwar Handmade Iron Bicycle Toy Showpiece  -  20 cm at best prices with FREE shipping & cash on delivery. Only Genuine Products. 30 Day Replacement Guarantee.
Marwar Bicycle Toy Showpiece  -  20 cm,"[""Home Decor & Festive Needs >> Showpieces >> Marwar Showpieces""]",Marwar,799,Buy Marwar Bicycle Toy Showpiece  -  20 cm for Rs.799 online. Marwar Bicycle Toy Showpiece  -  20 cm at best prices with FREE shipping & cash on delivery. Only Genuine Products. 30 Day Replacement Guarantee.
Vogue Tree Women Casual Blue Canvas Sling Bag,"[""Bags, Wallets & Belts >> Bags >> Sling Bags >> Vogue Tree Sling Bags""]",,433,Flipkart.com: Buy Vogue Tree Women Casual Blue Canvas Sling Bag for Rs. 433 from Flipkart.com. Only Genuine Products. 30 Day Replacement Guarantee. Free Shipping. Cash On Delivery!
Regent Analog 28 cm Dia Wall Clock,"[""Home Decor & Festive Needs >> Wall Decor & Clocks >> Clocks >> Wall Clocks >> Regent Wall Clocks""]",,799,Buy Regent Analog 28 cm Dia Wall Clock for Rs.799 online. Regent Analog 28 cm Dia Wall Clock at best prices with FREE shipping & cash on delivery. Only Genuine Products. 30 Day Replacement Guarantee.
Regent Analog 28 cm Dia Wall Clock,"[""Home Decor & Festive Needs >> Wall Decor & Clocks >> Clocks >> Wall Clocks >> Regent Wall Clocks""]",,749,Buy Regent Analog 28 cm Dia Wall Clock for Rs.749 online. Regent Analog 28 cm Dia Wall Clock at best prices with FREE shipping & cash on delivery. Only Genuine Products. 30 Day Replacement Guarantee.
eCraftIndia Analog 2.5 cm Dia Wall Clock,"[""Home Decor & Festive Needs >> Wall Decor & Clocks >> Clocks >> Wall Clocks >> eCraftIndia Wall Clocks""]",,1153,Buy eCraftIndia Analog 2.5 cm Dia Wall Clock for Rs.1153 online. eCraftIndia Analog 2.5 cm Dia Wall Clock at best prices with FREE shipping & cash on delivery. Only Genuine Products. 30 Day Replacement Guarantee.
Regent Analog 31 cm Dia Wall Clock,"[""Home Decor & Festive Needs >> Wall Decor & Clocks >> Clocks >> Wall Clocks >> Regent Wall Clocks""]",,749,Buy Regent Analog 31 cm Dia Wall Clock for Rs.749 online. Regent Analog 31 cm Dia Wall Clock at best prices with FREE shipping & cash on delivery. Only Genuine Products. 30 Day Replacement Guarantee.
Regent Analog 28 cm Dia Wall Clock,"[""Home Decor & Festive Needs >> Wall Decor & Clocks >> Clocks >> Wall Clocks >> Regent Wall Clocks""]",,749,Buy Regent Analog 28 cm Dia Wall Clock for Rs.749 online. Regent Analog 28 cm Dia Wall Clock at best prices with FREE shipping & cash on delivery. Only Genuine Products. 30 Day Replacement Guarantee.
Regent Analog 28 cm Dia Wall Clock,"[""Home Decor & Festive Needs >> Wall Decor & Clocks >> Clocks >> Wall Clocks >> Regent Wall Clocks""]",,749,Buy Regent Analog 28 cm Dia Wall Clock for Rs.749 online. Regent Analog 28 cm Dia Wall Clock at best prices with FREE shipping & cash on delivery. Only Genuine Products. 30 Day Replacement Guarantee.
Regent Analog 28 cm Dia Wall Clock,"[""Home Decor & Festive Needs >> Wall Decor & Clocks >> Clocks >> Wall Clocks >> Regent Wall Clocks""]",,749,Buy Regent Analog 28 cm Dia Wall Clock for Rs.749 online. Regent Analog 28 cm Dia Wall Clock at best prices with FREE shipping & cash on delivery. Only Genuine Products. 30 Day Replacement Guarantee.
Regent Analog 28 cm Dia Wall Clock,"[""Home Decor & Festive Needs >> Wall Decor & Clocks >> Clocks >> Wall Clocks >> Regent Wall Clocks""]",,749,Buy Regent Analog 28 cm Dia Wall Clock for Rs.749 online. Regent Analog 28 cm Dia Wall Clock at best prices with FREE shipping & cash on delivery. Only Genuine Products. 30 Day Replacement Guarantee.
Regent Analog 28 cm Dia Wall Clock,"[""Home Decor & Festive Needs >> Wall Decor & Clocks >> Clocks >> Wall Clocks >> Regent Wall Clocks""]",,749,"Regent Analog 28 cm Dia Wall Clock (Black, With Glass)
                         Price: Rs. 749
				
			High Quality ABS with Glass Pane and Quartz Machine.
High Quality ABS with Glass Pane and Quartz Machine."
Regent Analog 28 cm Dia Wall Clock,"[""Home Decor & Festive Needs >> Wall Decor & Clocks >> Clocks >> Wall Clocks >> Regent Wall Clocks""]",,749,Buy Regent Analog 28 cm Dia Wall Clock for Rs.749 online. Regent Analog 28 cm Dia Wall Clock at best prices with FREE shipping & cash on delivery. Only Genuine Products. 30 Day Replacement Guarantee.
Regent Analog 28 cm Dia Wall Clock,"[""Home Decor & Festive Needs >> Wall Decor & Clocks >> Clocks >> Wall Clocks >> Regent Wall Clocks""]",,799,Buy Regent Analog 28 cm Dia Wall Clock for Rs.799 online. Regent Analog 28 cm Dia Wall Clock at best prices with FREE shipping & cash on delivery. Only Genuine Products. 30 Day Replacement Guarantee.
Regent Analog 31 cm Dia Wall Clock,"[""Home Decor & Festive Needs >> Wall Decor & Clocks >> Clocks >> Wall Clocks >> Regent Wall Clocks""]",,749,Buy Regent Analog 31 cm Dia Wall Clock for Rs.749 online. Regent Analog 31 cm Dia Wall Clock at best prices with FREE shipping & cash on delivery. Only Genuine Products. 30 Day Replacement Guarantee.
Regent Analog 31 cm Dia Wall Clock,"[""Home Decor & Festive Needs >> Wall Decor & Clocks >> Clocks >> Wall Clocks >> Regent Wall Clocks""]",,699,Buy Regent Analog 31 cm Dia Wall Clock for Rs.699 online. Regent Analog 31 cm Dia Wall Clock at best prices with FREE shipping & cash on delivery. Only Genuine Products. 30 Day Replacement Guarantee.
Regent Analog 28 cm Dia Wall Clock,"[""Home Decor & Festive Needs >> Wall Decor & Clocks >> Clocks >> Wall Clocks >> Regent Wall Clocks""]",,749,Buy Regent Analog 28 cm Dia Wall Clock for Rs.749 online. Regent Analog 28 cm Dia Wall Clock at best prices with FREE shipping & cash on delivery. Only Genuine Products. 30 Day Replacement Guarantee.
Regent Analog 31 cm Dia Wall Clock,"[""Home Decor & Festive Needs >> Wall Decor & Clocks >> Clocks >> Wall Clocks >> Regent Wall Clocks""]",,749,"Regent Analog 31 cm Dia Wall Clock (Black, With Glass)
                         Price: Rs. 749
				
			High Quality ABS with Glass Pane and Quartz Machine.
High Quality ABS with Glass Pane and Quartz Machine."
Regent Analog 31 cm Dia Wall Clock,"[""Home Decor & Festive Needs >> Wall Decor & Clocks >> Clocks >> Wall Clocks >> Regent Wall Clocks""]",,749,"Regent Analog 31 cm Dia Wall Clock (Black, With Glass)
                         Price: Rs. 749
				
			High Quality ABS with Glass Pane and Quartz Machine.
High Quality ABS with Glass Pane and Quartz Machine."
Regent Analog 31 cm Dia Wall Clock,"[""Home Decor & Festive Needs >> Wall Decor & Clocks >> Clocks >> Wall Clocks >> Regent Wall Clocks""]",,749,Buy Regent Analog 31 cm Dia Wall Clock for Rs.749 online. Regent Analog 31 cm Dia Wall Clock at best prices with FREE shipping & cash on delivery. Only Genuine Products. 30 Day Replacement Guarantee.
Regent Analog 31 cm Dia Wall Clock,"[""Home Decor & Festive Needs >> Wall Decor & Clocks >> Clocks >> Wall Clocks >> Regent Wall Clocks""]",,749,Buy Regent Analog 31 cm Dia Wall Clock for Rs.749 online. Regent Analog 31 cm Dia Wall Clock at best prices with FREE shipping & cash on delivery. Only Genuine Products. 30 Day Replacement Guarantee.
Regent Analog 31 cm Dia Wall Clock,"[""Home Decor & Festive Needs >> Wall Decor & Clocks >> Clocks >> Wall Clocks >> Regent Wall Clocks""]",,749,Buy Regent Analog 31 cm Dia Wall Clock for Rs.749 online. Regent Analog 31 cm Dia Wall Clock at best prices with FREE shipping & cash on delivery. Only Genuine Products. 30 Day Replacement Guarantee.
Regent Analog 28 cm Dia Wall Clock,"[""Home Decor & Festive Needs >> Wall Decor & Clocks >> Clocks >> Wall Clocks >> Regent Wall Clocks""]",,749,Buy Regent Analog 28 cm Dia Wall Clock for Rs.749 online. Regent Analog 28 cm Dia Wall Clock at best prices with FREE shipping & cash on delivery. Only Genuine Products. 30 Day Replacement Guarantee.
Regent Analog 31 cm Dia Wall Clock,"[""Home Decor & Festive Needs >> Wall Decor & Clocks >> Clocks >> Wall Clocks >> Regent Wall Clocks""]",,749,"Regent Analog 31 cm Dia Wall Clock (Black, With Glass)
                         Price: Rs. 749
				
			High Quality ABS with Glass Pane and Quartz Machine.
High Quality ABS with Glass Pane and Quartz Machine."
Regent Analog 31 cm Dia Wall Clock,"[""Home Decor & Festive Needs >> Wall Decor & Clocks >> Clocks >> Wall Clocks >> Regent Wall Clocks""]",,749,Buy Regent Analog 31 cm Dia Wall Clock for Rs.749 online. Regent Analog 31 cm Dia Wall Clock at best prices with FREE shipping & cash on delivery. Only Genuine Products. 30 Day Replacement Guarantee.
Regent Analog 28 cm Dia Wall Clock,"[""Home Decor & Festive Needs >> Wall Decor & Clocks >> Clocks >> Wall Clocks >> Regent Wall Clocks""]",,849,Buy Regent Analog 28 cm Dia Wall Clock for Rs.849 online. Regent Analog 28 cm Dia Wall Clock at best prices with FREE shipping & cash on delivery. Only Genuine Products. 30 Day Replacement Guarantee.
Regent Analog 28 cm Dia Wall Clock,"[""Home Decor & Festive Needs >> Wall Decor & Clocks >> Clocks >> Wall Clocks >> Regent Wall Clocks""]",,749,Buy Regent Analog 28 cm Dia Wall Clock for Rs.749 online. Regent Analog 28 cm Dia Wall Clock at best prices with FREE shipping & cash on delivery. Only Genuine Products. 30 Day Replacement Guarantee.
Regent Analog 28 cm Dia Wall Clock,"[""Home Decor & Festive Needs >> Wall Decor & Clocks >> Clocks >> Wall Clocks >> Regent Wall Clocks""]",,749,Buy Regent Analog 28 cm Dia Wall Clock for Rs.749 online. Regent Analog 28 cm Dia Wall Clock at best prices with FREE shipping & cash on delivery. Only Genuine Products. 30 Day Replacement Guarantee.
Regent Analog 28 cm Dia Wall Clock,"[""Home Decor & Festive Needs >> Wall Decor & Clocks >> Clocks >> Wall Clocks >> Regent Wall Clocks""]",,749,Buy Regent Analog 28 cm Dia Wall Clock for Rs.749 online. Regent Analog 28 cm Dia Wall Clock at best prices with FREE shipping & cash on delivery. Only Genuine Products. 30 Day Replacement Guarantee.
Regent Analog 31 cm Dia Wall Clock,"[""Home Decor & Festive Needs >> Wall Decor & Clocks >> Clocks >> Wall Clocks >> Regent Wall Clocks""]",,749,Buy Regent Analog 31 cm Dia Wall Clock for Rs.749 online. Regent Analog 31 cm Dia Wall Clock at best prices with FREE shipping & cash on delivery. Only Genuine Products. 30 Day Replacement Guarantee.
Regent Analog 28 cm Dia Wall Clock,"[""Home Decor & Festive Needs >> Wall Decor & Clocks >> Clocks >> Wall Clocks >> Regent Wall Clocks""]",,849,Buy Regent Analog 28 cm Dia Wall Clock for Rs.849 online. Regent Analog 28 cm Dia Wall Clock at best prices with FREE shipping & cash on delivery. Only Genuine Products. 30 Day Replacement Guarantee.
Regent Analog 28 cm Dia Wall Clock,"[""Home Decor & Festive Needs >> Wall Decor & Clocks >> Clocks >> Wall Clocks >> Regent Wall Clocks""]",,749,Buy Regent Analog 28 cm Dia Wall Clock for Rs.749 online. Regent Analog 28 cm Dia Wall Clock at best prices with FREE shipping & cash on delivery. Only Genuine Products. 30 Day Replacement Guarantee.
Regent Analog 28 cm Dia Wall Clock,"[""Home Decor & Festive Needs >> Wall Decor & Clocks >> Clocks >> Wall Clocks >> Regent Wall Clocks""]",,749,Buy Regent Analog 28 cm Dia Wall Clock for Rs.749 online. Regent Analog 28 cm Dia Wall Clock at best prices with FREE shipping & cash on delivery. Only Genuine Products. 30 Day Replacement Guarantee.
Regent Analog 28 cm Dia Wall Clock,"[""Home Decor & Festive Needs >> Wall Decor & Clocks >> Clocks >> Wall Clocks >> Regent Wall Clocks""]",,749,Buy Regent Analog 28 cm Dia Wall Clock for Rs.749 online. Regent Analog 28 cm Dia Wall Clock at best prices with FREE shipping & cash on delivery. Only Genuine Products. 30 Day Replacement Guarantee.
Regent Analog 28 cm Dia Wall Clock,"[""Home Decor & Festive Needs >> Wall Decor & Clocks >> Clocks >> Wall Clocks >> Regent Wall Clocks""]",,749,Buy Regent Analog 28 cm Dia Wall Clock for Rs.749 online. Regent Analog 28 cm Dia Wall Clock at best prices with FREE shipping & cash on delivery. Only Genuine Products. 30 Day Replacement Guarantee.
Regent Analog 31 cm Dia Wall Clock,"[""Home Decor & Festive Needs >> Wall Decor & Clocks >> Clocks >> Wall Clocks >> Regent Wall Clocks""]",,749,Buy Regent Analog 31 cm Dia Wall Clock for Rs.749 online. Regent Analog 31 cm Dia Wall Clock at best prices with FREE shipping & cash on delivery. Only Genuine Products. 30 Day Replacement Guarantee.
Regent Analog 31 cm Dia Wall Clock,"[""Home Decor & Festive Needs >> Wall Decor & Clocks >> Clocks >> Wall Clocks >> Regent Wall Clocks""]",,749,Buy Regent Analog 31 cm Dia Wall Clock for Rs.749 online. Regent Analog 31 cm Dia Wall Clock at best prices with FREE shipping & cash on delivery. Only Genuine Products. 30 Day Replacement Guarantee.
Regent Analog 28 cm Dia Wall Clock,"[""Home Decor & Festive Needs >> Wall Decor & Clocks >> Clocks >> Wall Clocks >> Regent Wall Clocks""]",,749,"Regent Analog 28 cm Dia Wall Clock (Black, With Glass)
                         Price: Rs. 749
				
			High Quality ABS with Glass Pane and Quartz Machine.
High Quality ABS with Glass Pane and Quartz Machine."
Regent Analog 31 cm Dia Wall Clock,"[""Home Decor & Festive Needs >> Wall Decor & Clocks >> Clocks >> Wall Clocks >> Regent Wall Clocks""]",,749,Buy Regent Analog 31 cm Dia Wall Clock for Rs.749 online. Regent Analog 31 cm Dia Wall Clock at best prices with FREE shipping & cash on delivery. Only Genuine Products. 30 Day Replacement Guarantee.
Regent Analog 31 cm Dia Wall Clock,"[""Home Decor & Festive Needs >> Wall Decor & Clocks >> Clocks >> Wall Clocks >> Regent Wall Clocks""]",,749,Buy Regent Analog 31 cm Dia Wall Clock for Rs.749 online. Regent Analog 31 cm Dia Wall Clock at best prices with FREE shipping & cash on delivery. Only Genuine Products. 30 Day Replacement Guarantee.
Regent Analog 31 cm Dia Wall Clock,"[""Home Decor & Festive Needs >> Wall Decor & Clocks >> Clocks >> Wall Clocks >> Regent Wall Clocks""]",,749,Buy Regent Analog 31 cm Dia Wall Clock for Rs.749 online. Regent Analog 31 cm Dia Wall Clock at best prices with FREE shipping & cash on delivery. Only Genuine Products. 30 Day Replacement Guarantee.
Regent Analog 31 cm Dia Wall Clock,"[""Home Decor & Festive Needs >> Wall Decor & Clocks >> Clocks >> Wall Clocks >> Regent Wall Clocks""]",,749,Buy Regent Analog 31 cm Dia Wall Clock for Rs.749 online. Regent Analog 31 cm Dia Wall Clock at best prices with FREE shipping & cash on delivery. Only Genuine Products. 30 Day Replacement Guarantee.
Regent Analog 28 cm Dia Wall Clock,"[""Home Decor & Festive Needs >> Wall Decor & Clocks >> Clocks >> Wall Clocks >> Regent Wall Clocks""]",,749,Buy Regent Analog 28 cm Dia Wall Clock for Rs.749 online. Regent Analog 28 cm Dia Wall Clock at best prices with FREE shipping & cash on delivery. Only Genuine Products. 30 Day Replacement Guarantee.
Regent Analog 31 cm Dia Wall Clock,"[""Home Decor & Festive Needs >> Wall Decor & Clocks >> Clocks >> Wall Clocks >> Regent Wall Clocks""]",,749,Buy Regent Analog 31 cm Dia Wall Clock for Rs.749 online. Regent Analog 31 cm Dia Wall Clock at best prices with FREE shipping & cash on delivery. Only Genuine Products. 30 Day Replacement Guarantee.
Bharatcraft Wall Hanging Of Lord Ganesha On A Creative Leaf Showpiece  -  34.29 cm,"[""Home Decor & Festive Needs >> Showpiece >> Bharatcraft Showpiece >> Bharatcraft Wall Hanging Of Lord Ganesha On A Cr...""]",Bharatcraft,1124,"Key Features of Bharatcraft Wall Hanging Of Lord Ganesha On A Creative Leaf Showpiece  -  34.29 cm Brass Height - 34.29 cm Width - 22.86 cm,Bharatcraft Wall Hanging Of Lord Ganesha On A Creative Leaf Showpiece  -  34.29 cm (Brass, Copper) Price: Rs. 1,499 Enlighten Your Home With This Auspicious Wall Hanging Of Lord Ganesha Made From Brass Which Reflects The Artistic Brilliance And Adds Elegance To Your Decor. Style Your Home And Office With This Brass Statue; Sure To Be Admired By Your Guests. It Serves As A Great Gift, Especially Around Religious Celebrations And Festivities. This Brass Handicraft Has Been Made By Skilled Artisans From The House Of Jaipurcrafts Using Various Traditional Techniques.,Specifications of Bharatcraft Wall Hanging Of Lord Ganesha On A Creative Leaf Showpiece  -  34.29 cm (Brass, Copper) General Brand Bharatcraft Model Number H10089 Type Religious Idols Material Brass Model Name Wall Hanging Of Lord Ganesha On A Creative Leaf Color Copper Dimensions Height 34.29 cm Width 22.86 cm Depth 1.27 cm In the Box Sales Package 1 Showpiece Figurine Pack of 1"
iwill Home Liquid Air Freshener,"[""Home Decor & Festive Needs >> Candles & Fragrances >> Home Fragrances >> Aroma Oils >> iwill Aroma Oils >> iwill Home Liquid Air Freshener (40 ml)""]",iwill,339,"Specifications of iwill Home Liquid Air Freshener (40 ml) General Brand iwill Quantity 40 ml Fragrance Mines Flirt, Happi Hour, Mild Sense, Jasmine Crush Model ID 42x17x9x16x11 Color Multi Dimensions Diameter 15 cm Weight 250 g Height 5 cm Width 10 cm Depth 10 cm In the Box Number of Contents in Sales Package Pack of 4 Sales Package 4 Fragrance Oil"
DeStudio Large WALL STICKER Sticker,"[""Home Decor & Festive Needs >> Wall Decor & Clocks >> Wall Decals & Stickers >> DeStudio Wall Decals & Stickers""]",DeStudio,699,Buy DeStudio Large WALL STICKER Sticker for Rs.699 online. DeStudio Large WALL STICKER Sticker at best prices with FREE shipping & cash on delivery. Only Genuine Products. 30 Day Replacement Guarantee.
DeStudio Tiny Wall Sticker,"[""Home Decor & Festive Needs >> Wall Decor & Clocks >> Wall Decals & Stickers >> DeStudio Wall Decals & Stickers""]",DeStudio,399,"DeStudio Tiny Wall Sticker
                         Price: Rs. 399
				
			Size TINY 45cms X 60cms

Bespoke & Customized : 
Wall Stickers by DeStudio are good to add decor to your regular walls. These are very easily removable Wall Sticker and comes in great options e.g Color, Size and Directions. Customization and Flip options are also available on request. For more details please contact our DeStudio support.

Application Surfaces : 
Our Wall Stickers can be applied to almost any smooth surface, Including smooth wallpaper, paint, glass, windows, metal, plastic, wood, tiles, mirrors, drywall, plaster, laptops, cars, boats, vans and all other vehicles.

Durability : 
We are using a Premium Quality PVC vinyl Films in Wall Sticker and they will last up to 10 years indoors.

Removing Wall Stickers : 
Our Matt finish Wall Sticker can be removed from any surface at anytime leaving no marks, glue or residue behind. Once it's removed, can't be reused.

Sizes Available for Wall Stickers are Following : 

TINY = 45cms X 60cms, SMALL = 60cms X 60cms, MEDIUM = 75cms X 60cms, LARGE = 90cms X 60cms, SUPER = 105cms X 60cms, JUMBO = 120cms X 60cms, GIANT = 135cms X 60cms, MEGA = 150cms X 60cms.

Wall Stickers by DeStudio are good to add decor to your regular walls. These are very easily removable Wall Stickers & Wall Decals, which comes in great options e.g Color, Size and Directions. CUSTOMIZATION AND FLIP OPTION ARE ALSO AVAILABLE ON REQUEST. For More Info Please Contact to DeStudio.

Disclaimer : 
All Images are digitally enlarged to provide better view of product, hence images stand no reference for product size comparison. Refer description section of size and quantity details. You will receive exact size products. Background and other props are only for depiction, they will not be included.
Size TINY 45cms X 60cms

Bespoke & Customized : 
Wall Stickers by DeStudio are good to add decor to your regular walls. These are very easily removable Wall Sticker and comes in great options e.g Color, Size and Directions. Customization and Flip options are also available on request. For more details please contact our DeStudio support.

Application Surfaces : 
Our Wall Stickers can be applied to almost any smooth surface, Including smooth wallpaper, paint, glass, windows, metal, plastic, wood, tiles, mirrors, drywall, plaster, laptops, cars, boats, vans and all other vehicles.

Durability : 
We are using a Premium Quality PVC vinyl Films in Wall Sticker and they will last up to 10 years indoors.

Removing Wall Stickers : 
Our Matt finish Wall Sticker can be removed from any surface at anytime leaving no marks, glue or residue behind. Once it's removed, can't be reused.

Sizes Available for Wall Stickers are Following : 

TINY = 45cms X 60cms, SMALL = 60cms X 60cms, MEDIUM = 75cms X 60cms, LARGE = 90cms X 60cms, SUPER = 105cms X 60cms, JUMBO = 120cms X 60cms, GIANT = 135cms X 60cms, MEGA = 150cms X 60cms.

Wall Stickers by DeStudio are good to add decor to your regular walls. These are very easily removable Wall Stickers & Wall Decals, which comes in great options e.g Color, Size and Directions. CUSTOMIZATION AND FLIP OPTION ARE ALSO AVAILABLE ON REQUEST. For More Info Please Contact to DeStudio.

Disclaimer : 
All Images are digitally enlarged to provide better view of product, hence images stand no reference for product size comparison. Refer description section of size and quantity details. You will receive exact size products. Background and other props are only for depiction, they will not be included."
DeStudio Extra Large WALL STICKER Sticker,"[""Home Decor & Festive Needs >> Wall Decor & Clocks >> Wall Decals & Stickers >> DeStudio Wall Decals & Stickers""]",DeStudio,799,Buy DeStudio Extra Large WALL STICKER Sticker for Rs.799 online. DeStudio Extra Large WALL STICKER Sticker at best prices with FREE shipping & cash on delivery. Only Genuine Products. 30 Day Replacement Guarantee.
DeStudio Extra Large Wall Sticker,"[""Home Decor & Festive Needs >> Wall Decor & Clocks >> Wall Decals & Stickers >> DeStudio Wall Decals & Stickers""]",DeStudio,1099,Buy DeStudio Extra Large Wall Sticker for Rs.1099 online. DeStudio Extra Large Wall Sticker at best prices with FREE shipping & cash on delivery. Only Genuine Products. 30 Day Replacement Guarantee.
DeStudio Large WALL STICKER Sticker,"[""Home Decor & Festive Needs >> Wall Decor & Clocks >> Wall Decals & Stickers >> DeStudio Wall Decals & Stickers""]",DeStudio,699,Buy DeStudio Large WALL STICKER Sticker for Rs.699 online. DeStudio Large WALL STICKER Sticker at best prices with FREE shipping & cash on delivery. Only Genuine Products. 30 Day Replacement Guarantee.
DeStudio Tiny Wall Sticker,"[""Home Decor & Festive Needs >> Wall Decor & Clocks >> Wall Decals & Stickers >> DeStudio Wall Decals & Stickers""]",DeStudio,399,Buy DeStudio Tiny Wall Sticker for Rs.399 online. DeStudio Tiny Wall Sticker at best prices with FREE shipping & cash on delivery. Only Genuine Products. 30 Day Replacement Guarantee.
DeStudio Extra Large WALL STICKER Sticker,"[""Home Decor & Festive Needs >> Wall Decor & Clocks >> Wall Decals & Stickers >> DeStudio Wall Decals & Stickers""]",DeStudio,999,Buy DeStudio Extra Large WALL STICKER Sticker for Rs.999 online. DeStudio Extra Large WALL STICKER Sticker at best prices with FREE shipping & cash on delivery. Only Genuine Products. 30 Day Replacement Guarantee.
DeStudio Small WALL STICKER Sticker,"[""Home Decor & Festive Needs >> Wall Decor & Clocks >> Wall Decals & Stickers >> DeStudio Wall Decals & Stickers""]",DeStudio,499,"DeStudio Small WALL STICKER Sticker
                         Price: Rs. 499
				
			Size SMALL 60cms X 60cms

Bespoke & Customized : 
Wall Stickers by DeStudio are good to add decor to your regular walls. These are very easily removable Wall Sticker and comes in great options e.g Color, Size and Directions. Customization and Flip options are also available on request. For more details please contact our DeStudio support.

Application Surfaces : 
Our Wall Stickers can be applied to almost any smooth surface, Including smooth wallpaper, paint, glass, windows, metal, plastic, wood, tiles, mirrors, drywall, plaster, laptops, cars, boats, vans and all other vehicles.

Durability : 
We are using a Premium Quality PVC vinyl Films in Wall Sticker and they will last up to 10 years indoors.

Removing Wall Stickers : 
Our Matt finish Wall Sticker can be removed from any surface at anytime leaving no marks, glue or residue behind. Once it's removed, can't be reused.

Sizes Available for Wall Stickers are Following : 

TINY = 45cms X 60cms, SMALL = 60cms X 60cms, MEDIUM = 75cms X 60cms, LARGE = 90cms X 60cms, SUPER = 105cms X 60cms, JUMBO = 120cms X 60cms, GIANT = 135cms X 60cms, MEGA = 150cms X 60cms.

Wall Stickers by DeStudio are good to add decor to your regular walls. These are very easily removable Wall Stickers & Wall Decals, which comes in great options e.g Color, Size and Directions. CUSTOMIZATION AND FLIP OPTION ARE ALSO AVAILABLE ON REQUEST. For More Info Please Contact to DeStudio.

Disclaimer : 
All Images are digitally enlarged to provide better view of product, hence images stand no reference for product size comparison. Refer description section of size and quantity details. You will receive exact size products. Background and other props are only for depiction, they will not be included.
Size SMALL 60cms X 60cms

Bespoke & Customized : 
Wall Stickers by DeStudio are good to add decor to your regular walls. These are very easily removable Wall Sticker and comes in great options e.g Color, Size and Directions. Customization and Flip options are also available on request. For more details please contact our DeStudio support.

Application Surfaces : 
Our Wall Stickers can be applied to almost any smooth surface, Including smooth wallpaper, paint, glass, windows, metal, plastic, wood, tiles, mirrors, drywall, plaster, laptops, cars, boats, vans and all other vehicles.

Durability : 
We are using a Premium Quality PVC vinyl Films in Wall Sticker and they will last up to 10 years indoors.

Removing Wall Stickers : 
Our Matt finish Wall Sticker can be removed from any surface at anytime leaving no marks, glue or residue behind. Once it's removed, can't be reused.

Sizes Available for Wall Stickers are Following : 

TINY = 45cms X 60cms, SMALL = 60cms X 60cms, MEDIUM = 75cms X 60cms, LARGE = 90cms X 60cms, SUPER = 105cms X 60cms, JUMBO = 120cms X 60cms, GIANT = 135cms X 60cms, MEGA = 150cms X 60cms.

Wall Stickers by DeStudio are good to add decor to your regular walls. These are very easily removable Wall Stickers & Wall Decals, which comes in great options e.g Color, Size and Directions. CUSTOMIZATION AND FLIP OPTION ARE ALSO AVAILABLE ON REQUEST. For More Info Please Contact to DeStudio.

Disclaimer : 
All Images are digitally enlarged to provide better view of product, hence images stand no reference for product size comparison. Refer description section of size and quantity details. You will receive exact size products. Background and other props are only for depiction, they will not be included."
DeStudio Extra Large Wall Sticker,"[""Home Decor & Festive Needs >> Wall Decor & Clocks >> Wall Decals & Stickers >> DeStudio Wall Decals & Stickers""]",DeStudio,1099,Buy DeStudio Extra Large Wall Sticker for Rs.1099 online. DeStudio Extra Large Wall Sticker at best prices with FREE shipping & cash on delivery. Only Genuine Products. 30 Day Replacement Guarantee.
DeStudio Extra Large WALL STICKER Sticker,"[""Home Decor & Festive Needs >> Wall Decor & Clocks >> Wall Decals & Stickers >> DeStudio Wall Decals & Stickers""]",DeStudio,1099,Buy DeStudio Extra Large WALL STICKER Sticker for Rs.1099 online. DeStudio Extra Large WALL STICKER Sticker at best prices with FREE shipping & cash on delivery. Only Genuine Products. 30 Day Replacement Guarantee.
DeStudio Extra Large WALL STICKER Sticker,"[""Home Decor & Festive Needs >> Wall Decor & Clocks >> Wall Decals & Stickers >> DeStudio Wall Decals & Stickers""]",DeStudio,799,Buy DeStudio Extra Large WALL STICKER Sticker for Rs.799 online. DeStudio Extra Large WALL STICKER Sticker at best prices with FREE shipping & cash on delivery. Only Genuine Products. 30 Day Replacement Guarantee.
DeStudio Tiny Wall Sticker,"[""Home Decor & Festive Needs >> Wall Decor & Clocks >> Wall Decals & Stickers >> DeStudio Wall Decals & Stickers""]",DeStudio,399,Buy DeStudio Tiny Wall Sticker for Rs.399 online. DeStudio Tiny Wall Sticker at best prices with FREE shipping & cash on delivery. Only Genuine Products. 30 Day Replacement Guarantee.
DeStudio Extra Large WALL STICKER Sticker,"[""Home Decor & Festive Needs >> Wall Decor & Clocks >> Wall Decals & Stickers >> DeStudio Wall Decals & Stickers""]",DeStudio,1099,Buy DeStudio Extra Large WALL STICKER Sticker for Rs.1099 online. DeStudio Extra Large WALL STICKER Sticker at best prices with FREE shipping & cash on delivery. Only Genuine Products. 30 Day Replacement Guarantee.
DeStudio Extra Large WALL STICKER Sticker,"[""Home Decor & Festive Needs >> Wall Decor & Clocks >> Wall Decals & Stickers >> DeStudio Wall Decals & Stickers""]",DeStudio,999,"DeStudio Extra Large WALL STICKER Sticker
                         Price: Rs. 999
				
			Size GIANT 135cms X 60cms

Bespoke & Customized : 
Wall Stickers by DeStudio are good to add decor to your regular walls. These are very easily removable Wall Sticker and comes in great options e.g Color, Size and Directions. Customization and Flip options are also available on request. For more details please contact our DeStudio support.

Application Surfaces : 
Our Wall Stickers can be applied to almost any smooth surface, Including smooth wallpaper, paint, glass, windows, metal, plastic, wood, tiles, mirrors, drywall, plaster, laptops, cars, boats, vans and all other vehicles.

Durability : 
We are using a Premium Quality PVC vinyl Films in Wall Sticker and they will last up to 10 years indoors.

Removing Wall Stickers : 
Our Matt finish Wall Sticker can be removed from any surface at anytime leaving no marks, glue or residue behind. Once it's removed, can't be reused.

Sizes Available for Wall Stickers are Following : 

TINY = 45cms X 60cms, SMALL = 60cms X 60cms, MEDIUM = 75cms X 60cms, LARGE = 90cms X 60cms, SUPER = 105cms X 60cms, JUMBO = 120cms X 60cms, GIANT = 135cms X 60cms, MEGA = 150cms X 60cms.

Wall Stickers by DeStudio are good to add decor to your regular walls. These are very easily removable Wall Stickers & Wall Decals, which comes in great options e.g Color, Size and Directions. CUSTOMIZATION AND FLIP OPTION ARE ALSO AVAILABLE ON REQUEST. For More Info Please Contact to DeStudio.

Disclaimer : 
All Images are digitally enlarged to provide better view of product, hence images stand no reference for product size comparison. Refer description section of size and quantity details. You will receive exact size products. Background and other props are only for depiction, they will not be included.
Size GIANT 135cms X 60cms

Bespoke & Customized : 
Wall Stickers by DeStudio are good to add decor to your regular walls. These are very easily removable Wall Sticker and comes in great options e.g Color, Size and Directions. Customization and Flip options are also available on request. For more details please contact our DeStudio support.

Application Surfaces : 
Our Wall Stickers can be applied to almost any smooth surface, Including smooth wallpaper, paint, glass, windows, metal, plastic, wood, tiles, mirrors, drywall, plaster, laptops, cars, boats, vans and all other vehicles.

Durability : 
We are using a Premium Quality PVC vinyl Films in Wall Sticker and they will last up to 10 years indoors.

Removing Wall Stickers : 
Our Matt finish Wall Sticker can be removed from any surface at anytime leaving no marks, glue or residue behind. Once it's removed, can't be reused.

Sizes Available for Wall Stickers are Following : 

TINY = 45cms X 60cms, SMALL = 60cms X 60cms, MEDIUM = 75cms X 60cms, LARGE = 90cms X 60cms, SUPER = 105cms X 60cms, JUMBO = 120cms X 60cms, GIANT = 135cms X 60cms, MEGA = 150cms X 60cms.

Wall Stickers by DeStudio are good to add decor to your regular walls. These are very easily removable Wall Stickers & Wall Decals, which comes in great options e.g Color, Size and Directions. CUSTOMIZATION AND FLIP OPTION ARE ALSO AVAILABLE ON REQUEST. For More Info Please Contact to DeStudio.

Disclaimer : 
All Images are digitally enlarged to provide better view of product, hence images stand no reference for product size comparison. Refer description section of size and quantity details. You will receive exact size products. Background and other props are only for depiction, they will not be included."
DeStudio Extra Large WALL STICKER Sticker,"[""Home Decor & Festive Needs >> Wall Decor & Clocks >> Wall Decals & Stickers >> DeStudio Wall Decals & Stickers""]",DeStudio,799,Buy DeStudio Extra Large WALL STICKER Sticker for Rs.799 online. DeStudio Extra Large WALL STICKER Sticker at best prices with FREE shipping & cash on delivery. Only Genuine Products. 30 Day Replacement Guarantee.
DeStudio Small WALL STICKER Sticker,"[""Home Decor & Festive Needs >> Wall Decor & Clocks >> Wall Decals & Stickers >> DeStudio Wall Decals & Stickers""]",DeStudio,499,Buy DeStudio Small WALL STICKER Sticker for Rs.499 online. DeStudio Small WALL STICKER Sticker at best prices with FREE shipping & cash on delivery. Only Genuine Products. 30 Day Replacement Guarantee.
DeStudio Extra Large Wall Sticker,"[""Home Decor & Festive Needs >> Wall Decor & Clocks >> Wall Decals & Stickers >> DeStudio Wall Decals & Stickers""]",DeStudio,1099,Buy DeStudio Extra Large Wall Sticker for Rs.1099 online. DeStudio Extra Large Wall Sticker at best prices with FREE shipping & cash on delivery. Only Genuine Products. 30 Day Replacement Guarantee.
DeStudio Extra Large WALL STICKER Sticker,"[""Home Decor & Festive Needs >> Wall Decor & Clocks >> Wall Decals & Stickers >> DeStudio Wall Decals & Stickers""]",DeStudio,799,Buy DeStudio Extra Large WALL STICKER Sticker for Rs.799 online. DeStudio Extra Large WALL STICKER Sticker at best prices with FREE shipping & cash on delivery. Only Genuine Products. 30 Day Replacement Guarantee.
DeStudio Large WALL STICKER Sticker,"[""Home Decor & Festive Needs >> Wall Decor & Clocks >> Wall Decals & Stickers >> DeStudio Wall Decals & Stickers""]",DeStudio,699,Buy DeStudio Large WALL STICKER Sticker for Rs.699 online. DeStudio Large WALL STICKER Sticker at best prices with FREE shipping & cash on delivery. Only Genuine Products. 30 Day Replacement Guarantee.
DeStudio Small WALL STICKER Sticker,"[""Home Decor & Festive Needs >> Wall Decor & Clocks >> Wall Decals & Stickers >> DeStudio Wall Decals & Stickers""]",DeStudio,499,Buy DeStudio Small WALL STICKER Sticker for Rs.499 online. DeStudio Small WALL STICKER Sticker at best prices with FREE shipping & cash on delivery. Only Genuine Products. 30 Day Replacement Guarantee.
DeStudio Tiny Wall Sticker,"[""Home Decor & Festive Needs >> Wall Decor & Clocks >> Wall Decals & Stickers >> DeStudio Wall Decals & Stickers""]",DeStudio,399,Buy DeStudio Tiny Wall Sticker for Rs.399 online. DeStudio Tiny Wall Sticker at best prices with FREE shipping & cash on delivery. Only Genuine Products. 30 Day Replacement Guarantee.
DeStudio Extra Large WALL STICKER Sticker,"[""Home Decor & Festive Needs >> Wall Decor & Clocks >> Wall Decals & Stickers >> DeStudio Wall Decals & Stickers""]",DeStudio,899,Buy DeStudio Extra Large WALL STICKER Sticker for Rs.899 online. DeStudio Extra Large WALL STICKER Sticker at best prices with FREE shipping & cash on delivery. Only Genuine Products. 30 Day Replacement Guarantee.
DeStudio Extra Large WALL STICKER Sticker,"[""Home Decor & Festive Needs >> Wall Decor & Clocks >> Wall Decals & Stickers >> DeStudio Wall Decals & Stickers""]",DeStudio,999,Buy DeStudio Extra Large WALL STICKER Sticker for Rs.999 online. DeStudio Extra Large WALL STICKER Sticker at best prices with FREE shipping & cash on delivery. Only Genuine Products. 30 Day Replacement Guarantee.
DeStudio Medium Wall Sticker,"[""Home Decor & Festive Needs >> Wall Decor & Clocks >> Wall Decals & Stickers >> DeStudio Wall Decals & Stickers""]",DeStudio,599,Buy DeStudio Medium Wall Sticker for Rs.599 online. DeStudio Medium Wall Sticker at best prices with FREE shipping & cash on delivery. Only Genuine Products. 30 Day Replacement Guarantee.
DeStudio Tiny Wall Sticker,"[""Home Decor & Festive Needs >> Wall Decor & Clocks >> Wall Decals & Stickers >> DeStudio Wall Decals & Stickers""]",DeStudio,399,Buy DeStudio Tiny Wall Sticker for Rs.399 online. DeStudio Tiny Wall Sticker at best prices with FREE shipping & cash on delivery. Only Genuine Products. 30 Day Replacement Guarantee.
DeStudio Tiny Wall Sticker,"[""Home Decor & Festive Needs >> Wall Decor & Clocks >> Wall Decals & Stickers >> DeStudio Wall Decals & Stickers""]",DeStudio,399,Buy DeStudio Tiny Wall Sticker for Rs.399 online. DeStudio Tiny Wall Sticker at best prices with FREE shipping & cash on delivery. Only Genuine Products. 30 Day Replacement Guarantee.
DeStudio Extra Large WALL STICKER Sticker,"[""Home Decor & Festive Needs >> Wall Decor & Clocks >> Wall Decals & Stickers >> DeStudio Wall Decals & Stickers""]",DeStudio,1099,Buy DeStudio Extra Large WALL STICKER Sticker for Rs.1099 online. DeStudio Extra Large WALL STICKER Sticker at best prices with FREE shipping & cash on delivery. Only Genuine Products. 30 Day Replacement Guarantee.
DeStudio Extra Large WALL STICKER Sticker,"[""Home Decor & Festive Needs >> Wall Decor & Clocks >> Wall Decals & Stickers >> DeStudio Wall Decals & Stickers""]",DeStudio,799,Buy DeStudio Extra Large WALL STICKER Sticker for Rs.799 online. DeStudio Extra Large WALL STICKER Sticker at best prices with FREE shipping & cash on delivery. Only Genuine Products. 30 Day Replacement Guarantee.
Wall1ders Small PVC Vinyl Sticker,"[""Home Decor & Festive Needs >> Wall Decor & Clocks >> Wall Decals & Stickers >> Wall1ders Wall Decals & Stickers""]",Wall1ders,239,"Wall1ders Small PVC Vinyl Sticker (Pack of 1)
                         Price: Rs. 239
				
			Wall Decal is a vinyl sticker that is affixed to a wall or other smooth surface for decoration and informational purposes, as a quick and easy way to personalise and transform your home. This is recently been added to interior decorators portfolios for ""Do-It-Yourself"" home decorating option.

Decals can be used on windows, walls or tiles as branding, advertising, or decoration. They may also serve as a tool to inform people that there is a glass door or window.

Wall1ders use only the highest quality premium self-adhesive vinyl for our products and well detailed shape cut to ensure you receive the quality product as good as you expect. 

Sizes are rounded to the nearest inch and are based on proportional higher side dimensions. Colors may vary by monitor type and setting.
Wall Decal is a vinyl sticker that is affixed to a wall or other smooth surface for decoration and informational purposes, as a quick and easy way to personalise and transform your home. This is recently been added to interior decorators portfolios for ""Do-It-Yourself"" home decorating option.

Decals can be used on windows, walls or tiles as branding, advertising, or decoration. They may also serve as a tool to inform people that there is a glass door or window.

Wall1ders use only the highest quality premium self-adhesive vinyl for our products and well detailed shape cut to ensure you receive the quality product as good as you expect. 

Sizes are rounded to the nearest inch and are based on proportional higher side dimensions. Colors may vary by monitor type and setting."
Wall1ders Small PVC Vinyl Sticker,"[""Home Decor & Festive Needs >> Wall Decor & Clocks >> Wall Decals & Stickers >> Wall1ders Wall Decals & Stickers""]",Wall1ders,239,Buy Wall1ders Small PVC Vinyl Sticker for Rs.239 online. Wall1ders Small PVC Vinyl Sticker at best prices with FREE shipping & cash on delivery. Only Genuine Products. 30 Day Replacement Guarantee.
Wall1ders Small PVC Vinyl Sticker,"[""Home Decor & Festive Needs >> Wall Decor & Clocks >> Wall Decals & Stickers >> Wall1ders Wall Decals & Stickers""]",Wall1ders,239,Buy Wall1ders Small PVC Vinyl Sticker for Rs.239 online. Wall1ders Small PVC Vinyl Sticker at best prices with FREE shipping & cash on delivery. Only Genuine Products. 30 Day Replacement Guarantee.
Hoopoe Decor Large Wall Sticker,"[""Home Decor & Festive Needs >> Wall Decor & Clocks >> Wall Decals & Stickers >> Hoopoe Decor Wall Decals & Stickers""]",Hoopoe Decor,6799,Buy Hoopoe Decor Large Wall Sticker for Rs.6799 online. Hoopoe Decor Large Wall Sticker at best prices with FREE shipping & cash on delivery. Only Genuine Products. 30 Day Replacement Guarantee.
Hoopoe Decor Large Wall Sticker,"[""Home Decor & Festive Needs >> Wall Decor & Clocks >> Wall Decals & Stickers >> Hoopoe Decor Wall Decals & Stickers""]",Hoopoe Decor,5499,Buy Hoopoe Decor Large Wall Sticker for Rs.5499 online. Hoopoe Decor Large Wall Sticker at best prices with FREE shipping & cash on delivery. Only Genuine Products. 30 Day Replacement Guarantee.
Hoopoe Decor Large Wall Sticker,"[""Home Decor & Festive Needs >> Wall Decor & Clocks >> Wall Decals & Stickers >> Hoopoe Decor Wall Decals & Stickers""]",Hoopoe Decor,8499,Buy Hoopoe Decor Large Wall Sticker for Rs.8499 online. Hoopoe Decor Large Wall Sticker at best prices with FREE shipping & cash on delivery. Only Genuine Products. 30 Day Replacement Guarantee.
Hoopoe Decor Large Wall Sticker,"[""Home Decor & Festive Needs >> Wall Decor & Clocks >> Wall Decals & Stickers >> Hoopoe Decor Wall Decals & Stickers""]",Hoopoe Decor,6499,Buy Hoopoe Decor Large Wall Sticker for Rs.6499 online. Hoopoe Decor Large Wall Sticker at best prices with FREE shipping & cash on delivery. Only Genuine Products. 30 Day Replacement Guarantee.
WallDesign PVC Sticker,"[""Home Decor & Festive Needs >> Wall Decor & Clocks >> Wall Decals & Stickers >> WallDesign Wall Decals & Stickers""]",WallDesign,5279,Buy WallDesign PVC Sticker for Rs.5279 online. WallDesign PVC Sticker at best prices with FREE shipping & cash on delivery. Only Genuine Products. 30 Day Replacement Guarantee.
Hoopoe Decor Large Wall Sticker,"[""Home Decor & Festive Needs >> Wall Decor & Clocks >> Wall Decals & Stickers >> Hoopoe Decor Wall Decals & Stickers""]",Hoopoe Decor,5499,Buy Hoopoe Decor Large Wall Sticker for Rs.5499 online. Hoopoe Decor Large Wall Sticker at best prices with FREE shipping & cash on delivery. Only Genuine Products. 30 Day Replacement Guarantee.
Hoopoe Decor Large Wall Sticker,"[""Home Decor & Festive Needs >> Wall Decor & Clocks >> Wall Decals & Stickers >> Hoopoe Decor Wall Decals & Stickers""]",Hoopoe Decor,12299,Buy Hoopoe Decor Large Wall Sticker for Rs.12299 online. Hoopoe Decor Large Wall Sticker at best prices with FREE shipping & cash on delivery. Only Genuine Products. 30 Day Replacement Guarantee.
Hoopoe Decor Large Wall Sticker,"[""Home Decor & Festive Needs >> Wall Decor & Clocks >> Wall Decals & Stickers >> Hoopoe Decor Wall Decals & Stickers""]",Hoopoe Decor,5499,Buy Hoopoe Decor Large Wall Sticker for Rs.5499 online. Hoopoe Decor Large Wall Sticker at best prices with FREE shipping & cash on delivery. Only Genuine Products. 30 Day Replacement Guarantee.
Wallmantra Extra Large Vinyl Sticker,"[""Home Decor & Festive Needs >> Wall Decor & Clocks >> Wall Decals & Stickers >> Wallmantra Wall Decals & Stickers""]",Wallmantra,4789,Buy Wallmantra Extra Large Vinyl Sticker for Rs.4789 online. Wallmantra Extra Large Vinyl Sticker at best prices with FREE shipping & cash on delivery. Only Genuine Products. 30 Day Replacement Guarantee.
Hoopoe Decor Large Wall Sticker,"[""Home Decor & Festive Needs >> Wall Decor & Clocks >> Wall Decals & Stickers >> Hoopoe Decor Wall Decals & Stickers""]",Hoopoe Decor,6499,"Hoopoe Decor Large Wall Sticker (Pack of 1)
                         Price: Rs. 6,499
				
			The Wall Stickers By Hoopoe Decor Are Carefully Created To Add Value To Your Home D��Cor Which Suites With Any Theme. These Wall Stickers Can Be Installed Quickly And Easily And Comes With Great Options In Color, Size And Design. It Can Be Used For Decoration Of Home, Offices, Shops, Retail Outlets, Corporate Houses, Lift Or Reception Area, Restaurants And Many More Places. Customization For Various Other Purpose And Options Are Also Available On Request. For Anything Else Please Get In Touch With Hoopoe D��Cor.
The Wall Stickers By Hoopoe Decor Are Carefully Created To Add Value To Your Home D��Cor Which Suites With Any Theme. These Wall Stickers Can Be Installed Quickly And Easily And Comes With Great Options In Color, Size And Design. It Can Be Used For Decoration Of Home, Offices, Shops, Retail Outlets, Corporate Houses, Lift Or Reception Area, Restaurants And Many More Places. Customization For Various Other Purpose And Options Are Also Available On Request. For Anything Else Please Get In Touch With Hoopoe D��Cor."
Hoopoe Decor Small Wall Sticker,"[""Home Decor & Festive Needs >> Wall Decor & Clocks >> Wall Decals & Stickers >> Hoopoe Decor Wall Decals & Stickers""]",Hoopoe Decor,8099,Buy Hoopoe Decor Small Wall Sticker for Rs.8099 online. Hoopoe Decor Small Wall Sticker at best prices with FREE shipping & cash on delivery. Only Genuine Products. 30 Day Replacement Guarantee.
Creative Width Decor Medium Vinyl Sticker Sticker,"[""Home Decor & Festive Needs >> Wall Decor & Clocks >> Wall Decals & Stickers >> Creative Width Decor Wall Decals & Stickers""]",Creative Width Decor,1549,Buy Creative Width Decor Medium Vinyl Sticker Sticker for Rs.1549 online. Creative Width Decor Medium Vinyl Sticker Sticker at best prices with FREE shipping & cash on delivery. Only Genuine Products. 30 Day Replacement Guarantee.
Home Decor Line Medium Wall Sticker,"[""Home Decor & Festive Needs >> Wall Decor & Clocks >> Wall Decals & Stickers >> Home Decor Line Wall Decals & Stickers""]",Home Decor Line,149,Buy Home Decor Line Medium Wall Sticker for Rs.149 online. Home Decor Line Medium Wall Sticker at best prices with FREE shipping & cash on delivery. Only Genuine Products. 30 Day Replacement Guarantee.
SViRU Generic Photo Frame,"[""Home Decor & Festive Needs >> Table Decor & Handicrafts >> Photo Frames >> SViRU Photo Frames >> SViRU Generic Photo Frame (Photo Size - 13 X 18 ...""]",SViRU,649,"Key Features of SViRU Generic Photo Frame Modern Style,SViRU Generic Photo Frame (Photo Size - 13 X 18 cm, 2 Photos) Price: Rs. 649 Hanging Photo Frame with 2 Clips,Specifications of SViRU Generic Photo Frame (Photo Size - 13 X 18 cm, 2 Photos) Body Material Frame Material Generic Backing MDF Other Body Features Shrinkwrapped In The Box Number of Contents in Sales Package Pack of 1 Sales Package Clip Type Photo Frame General Shape Square color Brown Number of Photos 2 Mounted Wall mounted Mounted Ideal For Women, Boys, Girls Warranty Limited Warranty on parts & labour & against manufacturing defects Dimensions Weight 250 g Suitable Photo Size 13 X 18 cm Height 26 cm Width 26 cm Depth 4 cm Additional Features Care and Cleaning Wipe and clean with dry cloth Other Features Accepts any photo format, Modern style, High quality construction"
SViRU Generic Photo Frame,"[""Home Decor & Festive Needs >> Table Decor & Handicrafts >> Photo Frames >> SViRU Photo Frames >> SViRU Generic Photo Frame (Photo Size - 13 X 18 ...""]",SViRU,549,"Key Features of SViRU Generic Photo Frame Modern Style,SViRU Generic Photo Frame (Photo Size - 13 X 18 cm, 1 Photos) Price: Rs. 549 Hanging Photo Frame with 1 Clip,Specifications of SViRU Generic Photo Frame (Photo Size - 13 X 18 cm, 1 Photos) Body Material Frame Material Generic Backing MDF Other Body Features Shrinkwrapped In The Box Number of Contents in Sales Package Pack of 1 Sales Package Clip Type Photo Frame General Shape Rectangle color Black Number of Photos 1 Mounted Wall mounted Mounted Ideal For Women, Boys, Girls Warranty Limited Warranty on parts & labour & against manufacturing defects Dimensions Weight 220 g Suitable Photo Size 13 X 18 cm Height 26 cm Width 22 cm Depth 4 cm Additional Features Care and Cleaning Wipe and clean with dry cloth Other Features Accepts any photo format, Modern style, High quality construction"
Intex Star Rings Inflatable Water Games,"[""Baby Care >> Furniture & Furnishings >> Inflatable Products >> Intex Inflatable Products""]",Intex,183,Buy Intex Star Rings Inflatable Water Games for Rs.183 online. Intex Star Rings Inflatable Water Games at best prices with FREE shipping & cash on delivery. Only Genuine Products. 30 Day Replacement Guarantee.
Sifty Collection Acrylic Painting,"[""Home Decor & Festive Needs >> Wall Decor & Clocks >> Paintings >> Sifty Collection Paintings >> Sifty Collection Acrylic Painting (14 inch x 20 ...""]",Sifty Collection,799,"Key Features of Sifty Collection Acrylic Painting Theme: Modern Art Frame Included,Specifications of Sifty Collection Acrylic Painting (14 inch x 20 inch) General Brand Sifty Collection Model Number s398 Frame Included Yes Painting Type Acrylic Wall Mount Yes Painting Theme Modern Art Frame Color Black Dimensions Weight 0.3 kg Height 14 inch Width 20 inch In the Box Pack of 1"
PrimeLine Oil Painting,"[""Home Decor & Festive Needs >> Wall Decor & Clocks >> Paintings >> PrimeLine Paintings >> PrimeLine Oil Painting (10 inch x 8 inch)""]",PrimeLine,350,"Key Features of PrimeLine Oil Painting Excellent Ancient Art On Real Peepal Leaf Nice Authentic Look Product Dimensions(width x height): 8 x 10 (Inches) Great For Walls And Tables Mounted On Hard Photo Card Sheet With Gold Colour Border Lines Can Be Used With Or Without A Frame Amazing Gift Item,PrimeLine Oil Painting (10 inch x 8 inch) Price: Rs. 350 The handmade peepal leaf paintings were carefully crafted by extraordinary talented artists. Painting on peepal leaf is a delicate work of art originated in ancient India. The artists use dry peepal leaves for this work. This is one of the oldest forms of art, which demonstrates not only the impressive and innovative creativity of the artists but also their excellent patience and professionalism. You can just use a photo frame of your liking to frame this nice piece of art, and decorate your wall or table with this masterpiece. This can be used without a frame also, as it comes in a transparent polythene cover. This is an excellent gift item too. Hurry up!!,Specifications of PrimeLine Oil Painting (10 inch x 8 inch) General Brand PrimeLine Model Number ES_PLP01 Frame Included No Painting Type Oil Painting Theme Hand Painting Dimensions Weight .03 kg Height 10 inch Width 8 inch In the Box Sales Package One Peepal Leaf Painting In A Transparent Polythene Cover Pack of 1"
Bharatcraft Showpiece  -  5 cm,"[""Home Decor & Festive Needs >> Showpiece >> Contemporary >> Bharatcraft Contemporary >> Bharatcraft Showpiece  -  5 cm (Polyresin, Brown)""]",Bharatcraft,499,"Key Features of Bharatcraft Showpiece  -  5 cm Polyresin Height - 5 cm Width - 10 cm,Bharatcraft Showpiece  -  5 cm (Polyresin, Brown) Price: Rs. 499 This is an Imperial Golden King Money Frog that is large and heavy. Made of high quality earth material, it suits perfectly the use in Period 8 because earth energy rules the period. This product will be an envy for your peers. The Money Frog is depicted sitting on a bed full of wealth, treasures and ingots. It has a crown on its head to represent its throne and right behind the throne is a bagua.,Specifications of Bharatcraft Showpiece  -  5 cm (Polyresin, Brown) General Brand Bharatcraft Model Number HD10012 Type Fengshui Material Polyresin Color Brown Dimensions Height 5 cm Width 10 cm Depth 7 cm In the Box Sales Package 1 Showpiece Figurine Pack of 1"
Bharatcraft Showpiece  -  35 cm,"[""Home Decor & Festive Needs >> Showpiece >> Contemporary >> Bharatcraft Contemporary >> Bharatcraft Showpiece  -  35 cm (Silver Finish, ...""]",Bharatcraft,1199,"Key Features of Bharatcraft Showpiece  -  35 cm Silver Finish Height - 35 cm Width - 6 cm,Bharatcraft Showpiece  -  35 cm (Silver Finish, Silver) Price: Rs. 1,199 Beautiful 15 inch tall pair of swan. Best suited for home, office decor or for gifting purpose.,Specifications of Bharatcraft Showpiece  -  35 cm (Silver Finish, Silver) General Brand Bharatcraft Model Number HD10020 Type Animal Figurines Material Silver Finish Color Silver Dimensions Height 35 cm Width 6 cm Depth 5 cm In the Box Sales Package 1 Pair of Swan Pack of 1"
@home Enchanted Cushion Ceramic Vase,"[""Home Decor & Festive Needs >> Flowers, Plants & Vases >> Flower Vase >> @home Flower Vase >> @home Enchanted Cushion Ceramic Vase (8.646 inch...""]",@home,1170,"Key Features of @home Enchanted Cushion Ceramic Vase Material : CERAMIC Color :  GOLD has to be kept on Table decorative purpose,@home Enchanted Cushion Ceramic Vase (8.646 inch, Gold) Price: Rs. 1,170 VASE ENCH FRST CUSHION GLD 23X22CM,Specifications of @home Enchanted Cushion Ceramic Vase (8.646 inch, Gold) General Brand @home Suitable For Table Model Number HGFVSIMSTGLD00134 Type Vases Material Ceramic Model Name Enchanted Cushion Color Gold Dimensions Other Dimensions 23.5X12.5X22 (LXBXH) in cms Height 8.646 inch Width 9.2355 inch Depth 4.9125000000000005 inch Body & Design Features Shape Tumblers In the Box Sales Package 1 Vase Pack of 1"
@home Earthy Wine Net Ceramic Vase,"[""Home Decor & Festive Needs >> Flowers, Plants & Vases >> Flower Vase >> @home Flower Vase >> @home Earthy Wine Net Ceramic Vase (9.8250000000...""]",@home,1350,"Key Features of @home Earthy Wine Net Ceramic Vase Material : CERAMIC Color : MAROON has to be kept on Table decorative purpose,@home Earthy Wine Net Ceramic Vase (9.825000000000001 inch, Pink) Price: Rs. 1,350 VASE EARTHY WINE NET MRN H 25CM,Specifications of @home Earthy Wine Net Ceramic Vase (9.825000000000001 inch, Pink) General Brand @home Suitable For Table Model Number HGFVSIMSTMRN00158 Type Vases Material Ceramic Model Name Earthy Wine Net Color Pink Dimensions Other Dimensions 18X18X25 (LXBXH) in cms Height 9.825000000000001 inch Width 7.074 inch Depth 7.074 inch Body & Design Features Shape Tumblers In the Box Sales Package 1 Vase Pack of 1"
BRANDWAGON DIGIPRINT Digital Reprint Painting,"[""Home Decor & Festive Needs >> Wall Decor & Clocks >> Paintings >> BRANDWAGON Paintings >> BRANDWAGON DIGIPRINT Digital Reprint Painting (1...""]",BRANDWAGON,180,"Key Features of BRANDWAGON DIGIPRINT Digital Reprint Painting 1 HD paintings,BRANDWAGON DIGIPRINT Digital Reprint Painting (18 inch x 12 inch) Price: Rs. 180 Home is the first thing that comes to mind when you think of comfort and a perfect ambience is what sets it right. So let your creativity for home decor fly free with Flipkart?s collection of home furnishing items that can transform your house into the home you have always dreamt of.,Specifications of BRANDWAGON DIGIPRINT Digital Reprint Painting (18 inch x 12 inch) General Brand BRANDWAGON Shape Rectangular Frame Material no framing Model Number POS0081 Frame Included No Painting Type Digital Reprint Model Name DIGIPRINT Painting Theme Modern Art Wall Mount Yes Frame Color no framing Artist Name avasthi Dimensions Weight 0.04 kg Height 18 inch Other Dimensions Dummy, Dummy Width 12 inch Warranty Covered in Warranty Warranty of the product is limited to manufacturing defects only. Warranty Summary 1 Year Dummy Company Domestic Warranty Warranty Service Type customer can exchange if any damage before delivery Not Covered in Warranty Warranty does not cover any external accessories (such as battery, cable, carrying bag), damage caused to the product due to improper installation by customer, normal wear and tear to magnetic heads, audio, video, laser pick-ups and TV picture tubes, pane In the Box Sales Package 1 Wall Painting Pack of 1 Additional Features Other Features Dummy, Dummy Water Resistant Yes"
Cristiano Ronaldo - Great Soccer player of Real madrid Team Poster Paper Print,"[""Home Decor & Festive Needs >> Wall Decor & Clocks >> Posters >> MNTC Posters >> Cristiano Ronaldo - Great Soccer player of Real ...""]",MNTC,245,"Key Features of Cristiano Ronaldo - Great Soccer player of Real madrid Team Poster Paper Print Great Soccer Players,Cristiano Ronaldo - Great Soccer player of Real madrid Team Poster Paper Print (12 inch X 18 inch, Rolled) Price: Rs. 245 Matte Finish Printing . Texture Sheet Finishing Brings Paper Strong And Wrinkle Free. Product is Packed in Solid Paper Tube Which Protects From Any Damage.,Specifications of Cristiano Ronaldo - Great Soccer player of Real madrid Team Poster Paper Print (12 inch X 18 inch, Rolled) Dimensions Paper Depth 220 gsm Height 12 inch Width 18 inch Poster Details Shape Rectangle Category Sports Black & White Poster No Orientation Landscape Paper Type Paper Print Paper Finish Matte Sub-Category Football Color Poster Yes Frame Details Framed No In the Box Number of Contents in Sales Package 1 Sales Package 1 Poster"
Kal Se Daru Band Paper Print,"[""Home Decor & Festive Needs >> Wall Decor & Clocks >> Posters >> Imagination And Beyond Posters >> Kal Se Daru Band Paper Print (18 inch X 12 inch,...""]",Imagination And Beyond,249,"Key Features of Kal Se Daru Band Paper Print Humor, Quotes & Motivation, Religious Small 18 inch Rectangle,Kal Se Daru Band Paper Print (18 inch X 12 inch, Rolled) Price: Rs. 249 Make your wall colorful and come alive as we are looking at providing the best quality posters printed on a high quality thick paper with real to life and humorous messages. Treat yourself or your loved ones. We together can make something more than what we can actually imagine.,Specifications of Kal Se Daru Band Paper Print (18 inch X 12 inch, Rolled) Dimensions Paper Depth 280 gsm Weight 20 g Height 18 inch Width 12 inch Poster Details Shape Rectangle Black & White Poster No Category Humor, Quotes & Motivation, Religious Orientation Portrait Paper Finish Gloss Paper Type Paper Print Sub-Category Quotes Color Poster Yes Frame Details Frame Material NA Framed No In the Box Number of Contents in Sales Package 1 Sales Package 1 Poster"
Super Hornet Fighter Aircraft Poster Paper Print,"[""Home Decor & Festive Needs >> Wall Decor & Clocks >> Posters >> MNTC Posters >> Super Hornet Fighter Aircraft Poster Paper Print...""]",MNTC,245,"Key Features of Super Hornet Fighter Aircraft Poster Paper Print Aircraft poster for wall décor,Super Hornet Fighter Aircraft Poster Paper Print (12 inch X 18 inch, Rolled) Price: Rs. 245 Matte Finish Printing . Texture Sheet Finishing Brings Paper Strong And Wrinkle Free. Product is Packed in Solid Paper Tube Which Protects From Any Damage.,Specifications of Super Hornet Fighter Aircraft Poster Paper Print (12 inch X 18 inch, Rolled) Dimensions Paper Depth 220 gsm Height 12 inch Width 18 inch Poster Details Shape Rectangle Category Vehicles Black & White Poster No Orientation Landscape Paper Type Paper Print Paper Finish Matte Sub-Category Action Color Poster Yes Frame Details Framed No In the Box Number of Contents in Sales Package 1 Sales Package 1 Poster"
scarlet tanager bird normal POSTER Paper Print,"[""Home Decor & Festive Needs >> Wall Decor & Clocks >> Posters >> STYLE CLUES FASHION Posters >> scarlet tanager bird normal POSTER Paper Print (...""]",STYLE CLUES FASHION,529,"Key Features of scarlet tanager bird normal POSTER Paper Print Animals Large 18 inch,Specifications of scarlet tanager bird normal POSTER Paper Print (18 inch X 12 inch, ROLLED) Dimensions Paper Depth 300 gsm Height 18 inch Width 12 inch Poster Details Category Animals Black & White Poster No Paper Type Paper Print Color Poster Yes In the Box Number of Contents in Sales Package 1 Sales Package 1 POSTER"
good-night-angel-sleep-well-pics Paper Print,"[""Home Decor & Festive Needs >> Wall Decor & Clocks >> Posters >> Mega product Posters >> good-night-angel-sleep-well-pics Paper Print (18...""]",Mega product,189,"Key Features of good-night-angel-sleep-well-pics Paper Print Good printing Laminated Water proof Good Paper Quality Long Lasting,good-night-angel-sleep-well-pics Paper Print (18 inch X 12 inch, Framed) Price: Rs. 189 Mega product poster made in high quality hp paper and hd printed, so well art ….,Specifications of good-night-angel-sleep-well-pics Paper Print (18 inch X 12 inch, Framed) Dimensions Paper Depth 300 gsm Weight 100 g Height 18 inch Width 12 inch Poster Details Shape Rectangle Category Humor Black & White Poster No Paper Type Paper Print Paper Finish Matte Lamination Yes Artist Name Mega product Color Poster Yes Frame Details Framed No In the Box Number of Contents in Sales Package 1 Sales Package 1 poster"
painting_art_couple_love__Dance Paper Print,"[""Home Decor & Festive Needs >> Wall Decor & Clocks >> Posters >> Shoperite Posters >> painting_art_couple_love__Dance Paper Print (12 ...""]",Shoperite,199,"Key Features of painting_art_couple_love__Dance Paper Print Good lamination High quality paper lovelly Printing,painting_art_couple_love__Dance Paper Print (12 inch X 18 inch, Framed) Price: Rs. 199 Shoperite poster is made in high quality paper and lamination,lovelly HD printing,so get good look your wall,300 GSM Paper depth…,Specifications of painting_art_couple_love__Dance Paper Print (12 inch X 18 inch, Framed) Dimensions Paper Depth 300 gsm Weight 100 g Height 12 inch Width 18 inch Poster Details Shape Rectangle Black & White Poster No Category Quotes & Motivation Orientation Landscape Paper Finish Matte Paper Type Paper Print Lamination Yes Artist Name Shoperite Color Poster Yes Frame Details Framed No In the Box Number of Contents in Sales Package 1 Sales Package 1 Poster"
gym-weights- poster Paper Print,"[""Home Decor & Festive Needs >> Wall Decor & Clocks >> Posters >> Shoperite Posters >> gym-weights- poster Paper Print (12 inch X 18 in...""]",Shoperite,249,"Key Features of gym-weights- poster Paper Print water proof laminated poster Dizital printing nice looking shoperite poster,gym-weights- poster Paper Print (12 inch X 18 inch, Framed) Price: Rs. 249 Shoperite poster is made in high quality paper and lamination,lovelly HD printing,so get good look your wall,300 GSM Paper depth…,Specifications of gym-weights- poster Paper Print (12 inch X 18 inch, Framed) Dimensions Paper Depth 300 gsm Weight 150 g Height 12 inch Width 18 inch Poster Details Shape Rectangle Black & White Poster No Category Abstract Orientation Landscape Paper Finish Matte Paper Type Paper Print Lamination Yes Color Poster Yes Frame Details Framed No In the Box Number of Contents in Sales Package 1 Sales Package 1 Poster"
Bourne Supermacy Canvas Art,"[""Home Decor & Festive Needs >> Wall Decor & Clocks >> Posters >> Urban Monk Posters >> Bourne Supermacy Canvas Art (18 inch X 12 inch, ...""]",Urban Monk,999,"Key Features of Bourne Supermacy Canvas Art Unique and Uber design High Grade 300 GSM Canvas Poster Bright Detailed Printing Standard 12"" x 18"" size Comes in rolled form in a Poster Tube,Bourne Supermacy Canvas Art (18 inch X 12 inch, Rolled) Price: Rs. 999 Bourne Supermacy Canvas poster from Urban Monk accomplishes its task of reflecting your passion about the thing and solely provides an elegant touch to your home or your work place. Understanding and providing the urban folks with the designs ranging from music ,movies, tv, shows, cricket, football, NBA, NFL, minimal, funny. abstract art etc posters is our sole purpose.Bourne Supermacy 12x18 inches poster is made of high grade 300gsm Canvas paper ,then printed using ultra violet discharge printing for the richness of colours and details. We have made sure that this canvas art provides you a sense of satisfaction. It comes in a rigid poster tube to prevent carriage damage. Margins are left on the sides for framing.,Specifications of Bourne Supermacy Canvas Art (18 inch X 12 inch, Rolled) Warranty Warrenty is limited to manufacturing defects only. Dimensions Paper Depth 285 gsm Weight 100 g Height 18 inch Width 12 inch Poster Details Shape Rectangle Category Nature, Educational, Sports Paper Finish Matte Paper Type Canvas Art Sub-Category Thrillers, Bollywood, Music & Musical Instruments Color Poster Yes In the Box Number of Contents in Sales Package 1 Sales Package 1 Rolled Poster"
Mother Mary & Baby Jesus Paper Print,"[""Home Decor & Festive Needs >> Wall Decor & Clocks >> Posters >> Imagination And Beyond Posters >> Mother Mary & Baby Jesus Paper Print (18 inch X ...""]",Imagination And Beyond,249,"Key Features of Mother Mary & Baby Jesus Paper Print Humor, Quotes & Motivation, Religious Small 18 inch Rectangle,Mother Mary & Baby Jesus Paper Print (18 inch X 12 inch, Rolled) Price: Rs. 249 Make your wall colorful and come alive as we are looking at providing the best quality posters printed on a high quality thick paper with real to life and humorous messages. Treat yourself or your loved ones. We together can make something more than what we can actually imagine.,Specifications of Mother Mary & Baby Jesus Paper Print (18 inch X 12 inch, Rolled) Dimensions Paper Depth 280 gsm Weight 20 g Height 18 inch Width 12 inch Poster Details Shape Rectangle Black & White Poster No Category Humor, Quotes & Motivation, Religious Orientation Portrait Paper Finish Gloss Paper Type Paper Print Sub-Category Quotes Color Poster Yes Frame Details Frame Material NA Framed No In the Box Number of Contents in Sales Package 1 Sales Package 1 Poster"
LittleThings Coconut Fridge Magnet,"[""Home Decor & Festive Needs >> Wall Decor & Clocks >> Fridge Magnets >> LittleThings Fridge Magnets >> LittleThings Coconut Fridge Magnet (Pack of 1, G...""]",LittleThings,300,"Key Features of LittleThings Coconut Fridge Magnet Material: Polyresin Finish: matt Height: 5 cm Color: Green,LittleThings Coconut Fridge Magnet (Pack of 1, Green) Price: Rs. 300 ""Go nuts over coconuts. The not-so-tender coconut that is good for health. Yes, especially if you don’t eat or drink it then it’s even better for your health. Product specification: * Green coconut with a straw * Measures around 2 inch in height and 1 inch width and weighs less than 20gm. * Priced at Rs. 300/-.,Specifications of LittleThings Coconut Fridge Magnet (Pack of 1, Green) General Brand LittleThings Brand Color green Model Number 00117 Type Fridge Magnet Material Polyresin Model Name Coconut Finish matt Stain Resistant Yes Color Green Dimensions Weight 25 g Height 5 cm Width 5 cm In the Box Pack of 1 Additional Features Handmade Yes"
wallskart Floral & Botanical Wallpaper,"[""Home Decor & Festive Needs >> Wall Decor & Clocks >> Wallpapers >> wallskart Wallpapers >> wallskart Floral & Botanical Wallpaper (35.56 cm...""]",wallskart,299,"Key Features of wallskart Floral & Botanical Wallpaper Suitable For: Living Room, Bed Room, Kitchen, Office Color: Black Material: Vinyl Paper Type: Vinyl,wallskart Floral & Botanical Wallpaper (35.56 cm X 53.34 cm) Price: Rs. 299 Welcome to the foremost place on the web to find artistic designs of wall decals and wall stickers.Wall decals and wall stickers are self-adhesive vinyl stickers made for applying to a surface.They are a great alternative to wallpaper, paint or stencils and they give you choice. Choose your space, plan the design you`d like to make, and then apply. They are extremely durable and are available in various designs. Its extremely easy to apply them on your walls or any flat,smooth surface,Specifications of wallskart Floral & Botanical Wallpaper (35.56 cm X 53.34 cm) General Brand wallskart Scratch Resistant Yes Shade Black Material Vinyl Color Black Design Wallskart Tinker Bell And Flowers Small Black Wall sticker Suitable For Living Room, Bed Room, Kitchen, Office Theme Floral & Botanical Model Number WKHS0164S Length 35.56 cm Waterproof Yes Width 53.34 cm Paper Type Vinyl Size Small Warranty Covered in Warranty Should Not Be Applied on Freshly Painted Walls. At Least 15 Days after Painting. Should Not Applied On Humid / Wet Surfaces. Not To Be Applied On Textured Surfaces. Not to Be Applied With Paint /Dust Coming Off Surfaces Warranty Summary Wallskart Products come with warranty of 15 Days from the date of purchase and is not transferable. Wallskart warranty covers following: a) any damage to product in transit. b) Any manufacturing defect in product. During the warranty period, Wallskart shall exchange the product free of cost. Wallsk...View More Wallskart Products come with warranty of 15 Days from the date of purchase and is not transferable. Wallskart warranty covers following: a) any damage to product in transit. b) Any manufacturing defect in product. During the warranty period, Wallskart shall exchange the product free of cost. Wallskart Warranty is not valid in the event of following instances: a) Any damage to product due to extreme heat or moisture. b) Mishandling during installation. c) Any damage due to human interference, exposure to fire or accident. Customer agrees that Wallskart reserves the right to correct any issues that were a reason for the return, before any possible refund is issued. Dimensions Weight 250 g Additional Features Other Features Scratch Resistant, Wet Removable Washable Yes In the Box Sales Package 1 wall sticker Pack of 1"
Smart Wall Guru Decorative Wallpaper,"[""Home Decor & Festive Needs >> Wall Decor & Clocks >> Wallpapers >> Smart Wall Guru Wallpapers >> Smart Wall Guru Decorative Wallpaper (58 cm X 70...""]",Smart Wall Guru,430,"Key Features of Smart Wall Guru Decorative Wallpaper We Showcase A Variety Of Wall Decal Categories Study room Looking Awesome Living room Bath room Attractive Guest room Kitchen Easy to Install Easy to Remove Easy To Clean All Wall Decal are front Matte Finish, water resistant & packaged between two layers.,Smart Wall Guru Decorative Wallpaper (58 cm X 70 cm) Price: Rs. 430 'Smart Wall Guru'' gives u a pure beautiful house with our decoration wall stickers,wall decals & all kind of designs for your home decoration.These stickers are made of self adhesive PVC vinyl and very easy to apply on plane surface. These are the great suppliment of wallpaper,wall color and another decoration method. Thnkss…,Specifications of Smart Wall Guru Decorative Wallpaper (58 cm X 70 cm) General Brand Smart Wall Guru Suitable For Home, Child Bedroom, Bedroom, Ktchen, Bathroom Theme Decorative Model Number WG194BL L Scratch Resistant Yes Shade Brown Length 58 cm Material Vinyl Width 70 cm Size Large Design Decoration Sticker Color Brown In the Box Pack of 1"
wallskart Animation & Cartoons Wallpaper,"[""Home Decor & Festive Needs >> Wall Decor & Clocks >> Wallpapers >> wallskart Wallpapers >> wallskart Animation & Cartoons Wallpaper (83.820...""]",wallskart,299,"Key Features of wallskart Animation & Cartoons Wallpaper Suitable For: Living Room, Bed Room, Kitchen, Office Color: Black Material: Vinyl Paper Type: Vinyl,wallskart Animation & Cartoons Wallpaper (83.82000000000001 cm X 22.86 cm) Price: Rs. 299 Welcome to the foremost place on the web to find artistic designs of wall decals and wall stickers.Wall decals and wall stickers are self-adhesive vinyl stickers made for applying to a surface.They are a great alternative to wallpaper, paint or stencils and they give you choice. Choose your space, plan the design you`d like to make, and then apply. They are extremely durable and are available in various designs. Its extremely easy to apply them on your walls or any flat,smooth surface,Specifications of wallskart Animation & Cartoons Wallpaper (83.82000000000001 cm X 22.86 cm) General Brand wallskart Scratch Resistant Yes Shade Black Material Vinyl Color Black Design Wallskart Bunnies Head seamless Pattern Small Black Wall sticker Suitable For Living Room, Bed Room, Kitchen, Office Theme Animation & Cartoons Model Number WKHS0190S Length 83.82000000000001 cm Waterproof Yes Width 22.86 cm Paper Type Vinyl Size Small Warranty Covered in Warranty Should Not Be Applied on Freshly Painted Walls. At Least 15 Days after Painting. Should Not Applied On Humid / Wet Surfaces. Not To Be Applied On Textured Surfaces. Not to Be Applied With Paint /Dust Coming Off Surfaces Warranty Summary Wallskart Products come with warranty of 15 Days from the date of purchase and is not transferable. Wallskart warranty covers following: a) any damage to product in transit. b) Any manufacturing defect in product. During the warranty period, Wallskart shall exchange the product free of cost. Wallsk...View More Wallskart Products come with warranty of 15 Days from the date of purchase and is not transferable. Wallskart warranty covers following: a) any damage to product in transit. b) Any manufacturing defect in product. During the warranty period, Wallskart shall exchange the product free of cost. Wallskart Warranty is not valid in the event of following instances: a) Any damage to product due to extreme heat or moisture. b) Mishandling during installation. c) Any damage due to human interference, exposure to fire or accident. Customer agrees that Wallskart reserves the right to correct any issues that were a reason for the return, before any possible refund is issued. Dimensions Weight 250 g Additional Features Other Features Scratch Resistant, Wet Removable Washable Yes In the Box Sales Package 1 wall sticker Pack of 1"
Gharonda Showpiece  -  15 cm,"[""Home Decor & Festive Needs >> Table Decor & Handicrafts >> Showpieces >> Religious Idols >> Gharonda Religious Idols""]",Gharonda,2500,"Gharonda Showpiece  -  15 cm (Wooden, Steel, Multicolor)
                         Price: Rs. 2,500
				
			The perfect piece of home decor a great choice for many to place him in their homes, businesses, and other places.Powered By 10nqu.com
The perfect piece of home decor a great choice for many to place him in their homes, businesses, and other places.Powered By 10nqu.com"
Laviva Elegant Looking Floral Design Beads Rakhi Design Designer Rakhi,"[""Home Decor & Festive Needs >> Festive Decor >> Rakhi >> Laviva Rakhi >> Laviva Elegant Looking Floral Design Beads Rakhi...""]",Laviva,354,"Laviva Elegant Looking Floral Design Beads Rakhi Design Designer Rakhi (Red, Yellow, 1 Rakhi With Free Roli Tilak) Price: Rs. 354 Make your Rakhi celebrations grander with this Elegant Looking Floral Design Beads Rakhi with free Roli Tilak that instantly rejuvenates everyone's mood.,Specifications of Laviva Elegant Looking Floral Design Beads Rakhi Design Designer Rakhi (Red, Yellow, 1 Rakhi With Free Roli Tilak) General Brand Laviva Model Number ROB12640 Type Designer Rakhi Ideal For Men, Women Color Red, Yellow Rakhi Features Thread Material Satin Dial Design Elegant Looking Floral Design Beads Rakhi In the Box Number of Contents in Sales Package Pack of 2"
Laviva Most Contemporary Design AD & Fancy Rakhi Set of Four with Thali Design Designer Rakhi,"[""Home Decor & Festive Needs >> Festive Decor >> Rakhi >> Laviva Rakhi >> Laviva Most Contemporary Design AD & Fancy Rakhi...""]",Laviva,531,"Laviva Most Contemporary Design AD & Fancy Rakhi Set of Four with Thali Design Designer Rakhi (Red, Yellow, 4 pcs Rakhi and Thali with Free Roli Tilak) Price: Rs. 531 Rejoice the joyous occasion of Rakhi by sending this special Raksha Bandhan gifts or Rakhi gifts to your loving brothers. It comes with Thali and free Roli Tilak.,Specifications of Laviva Most Contemporary Design AD & Fancy Rakhi Set of Four with Thali Design Designer Rakhi (Red, Yellow, 4 pcs Rakhi and Thali with Free Roli Tilak) General Brand Laviva Model Number ROB12517 Type Designer Rakhi Ideal For Men, Women Color Red, Yellow Rakhi Features Thread Material Satin Dial Design Most Contemporary Design AD & Fancy Rakhi Set of Four with Thali In the Box Number of Contents in Sales Package Pack of 5"
Laviva Sober & Simple Design Rakhi Set of Four with Thali Design Designer Rakhi,"[""Home Decor & Festive Needs >> Festive Decor >> Rakhi >> Laviva Rakhi >> Laviva Sober & Simple Design Rakhi Set of Four w...""]",Laviva,524,"Laviva Sober & Simple Design Rakhi Set of Four with Thali Design Designer Rakhi (Red, Yellow, 4 pcs Rakhi and Thali with Free Roli Tilak) Price: Rs. 524 Dazzle your Bhaiya by tying this Rakhi knots on that very day of Rakhi. It comes with Thali and free Roli Tilak.,Specifications of Laviva Sober & Simple Design Rakhi Set of Four with Thali Design Designer Rakhi (Red, Yellow, 4 pcs Rakhi and Thali with Free Roli Tilak) General Brand Laviva Model Number ROB12476 Type Designer Rakhi Ideal For Men, Women Color Red, Yellow Rakhi Features Thread Material Satin Dial Design Sober & Simple Design Rakhi Set of Four with Thali In the Box Number of Contents in Sales Package Pack of 5"
Laviva Amazing Set of 4 Beads & Stone Rakhis with Thali Design Designer Rakhi,"[""Home Decor & Festive Needs >> Festive Decor >> Rakhi >> Laviva Rakhi >> Laviva Amazing Set of 4 Beads & Stone Rakhis wit...""]",Laviva,537,"Laviva Amazing Set of 4 Beads & Stone Rakhis with Thali Design Designer Rakhi (Red, Yellow, 4 pcs Rakhi and Thali with Free Roli Tilak) Price: Rs. 537 A fabulous gift for Rakhi occassions, this Amazing Set of 4 Beads & Stone Rakhis spreads love and happiness with its beauty and style. It is a presentation of 4pcs Beads & Stone Fancy Rakhis with Thali and Free Roli Tilak.,Specifications of Laviva Amazing Set of 4 Beads & Stone Rakhis with Thali Design Designer Rakhi (Red, Yellow, 4 pcs Rakhi and Thali with Free Roli Tilak) General Brand Laviva Model Number ROB12530 Type Designer Rakhi Ideal For Men, Women Color Red, Yellow Rakhi Features Thread Material Satin Dial Design Amazing Set of 4 Beads & Stone Rakhis with Thali In the Box Number of Contents in Sales Package Pack of 5"
Laviva Amazing Beads & AD Stone Rakhi Set of 4 with Thali Design Designer Rakhi,"[""Home Decor & Festive Needs >> Festive Decor >> Rakhi >> Laviva Rakhi >> Laviva Amazing Beads & AD Stone Rakhi Set of 4 w...""]",Laviva,527,"Laviva Amazing Beads & AD Stone Rakhi Set of 4 with Thali Design Designer Rakhi (Red, Yellow, 4 pcs Rakhi and Thali with Free Roli Tilak) Price: Rs. 527 Rakhi honors the bond among siblings and express your deep love for your sweet brother. So send this Amazing Beads and AD Rakhi Set of 4 with Thali and free Roli Tilak to your brother.,Specifications of Laviva Amazing Beads & AD Stone Rakhi Set of 4 with Thali Design Designer Rakhi (Red, Yellow, 4 pcs Rakhi and Thali with Free Roli Tilak) General Brand Laviva Model Number ROB12482 Type Designer Rakhi Ideal For Men, Women Color Red, Yellow Rakhi Features Thread Material Satin Dial Design Amazing Beads & AD Stone Rakhi Set of 4 with Thali In the Box Number of Contents in Sales Package Pack of 5"
Megaway 196.85 inch White Rice Lights,"[""Home Decor & Festive Needs >> Decorative Lighting & Lamps >> Series Lights >> Megaway Series Lights""]",Megaway,4050,"Megaway 196.85 inch White Rice Lights (Pack of 5)
                         Price: Rs. 4,050
				
			Warning: Don't Direct Plug into AC Power Supply, Use 12V LED Adaptor provided along with the Strip Light. Warranty for Adaptor is for 6 months only.
Warning: Don't Direct Plug into AC Power Supply, Use 12V LED Adaptor provided along with the Strip Light. Warranty for Adaptor is for 6 months only."
"Digilight 590 inch Yellow, Red, Green Rice Lights","[""Home Decor & Festive Needs >> Decorative Lighting & Lamps >> Series Lights >> Digilight Series Lights""]",Digilight,539,"Digilight 590 inch Yellow, Red, Green Rice Lights (Pack of 3)
                         Price: Rs. 539
				
			This Diwali, adorn your home like never before with these gorgeous lighting solutions from the house of Digilight. Available in a varied array of colours and types to suit your taste, these are made from durable PVC material and beautify your abode. Order these online today and get ready for the compliments to flow in.
This Diwali, adorn your home like never before with these gorgeous lighting solutions from the house of Digilight. Available in a varied array of colours and types to suit your taste, these are made from durable PVC material and beautify your abode. Order these online today and get ready for the compliments to flow in."
Anjalika Brass Laddu Gopal Showpiece  -  6 cm,"[""Home Decor & Festive Needs >> Table Decor & Handicrafts >> Showpieces >> Religious Idols >> Anjalika Religious Idols""]",Anjalika,900,Buy Anjalika Brass Laddu Gopal Showpiece  -  6 cm for Rs.900 online. Anjalika Brass Laddu Gopal Showpiece  -  6 cm at best prices with FREE shipping & cash on delivery. Only Genuine Products. 30 Day Replacement Guarantee.
"Digilight 590 inch Yellow, Blue, White Rice Lights","[""Home Decor & Festive Needs >> Decorative Lighting & Lamps >> Series Lights >> Digilight Series Lights""]",Digilight,539,"Digilight 590 inch Yellow, Blue, White Rice Lights (Pack of 3)
                         Price: Rs. 539
				
			This Diwali, adorn your home like never before with these gorgeous lighting solutions from the house of Digilight. Available in a varied array of colours and types to suit your taste, these are made from durable PVC material and beautify your abode. Order these online today and get ready for the compliments to flow in.
This Diwali, adorn your home like never before with these gorgeous lighting solutions from the house of Digilight. Available in a varied array of colours and types to suit your taste, these are made from durable PVC material and beautify your abode. Order these online today and get ready for the compliments to flow in."
"Digilight 200 inch Blue, Yellow, White Rice Lights","[""Home Decor & Festive Needs >> Decorative Lighting & Lamps >> Series Lights >> Digilight Series Lights""]",Digilight,159,"Digilight 200 inch Blue, Yellow, White Rice Lights (Pack of 3)
                         Price: Rs. 159
				
			This Diwali, adorn your home like never before with these gorgeous lighting solutions from the house of Digilight. Available in a varied array of colours and types to suit your taste, these are made from durable PVC material and beautify your abode. Order these online today and get ready for the compliments to flow in.
This Diwali, adorn your home like never before with these gorgeous lighting solutions from the house of Digilight. Available in a varied array of colours and types to suit your taste, these are made from durable PVC material and beautify your abode. Order these online today and get ready for the compliments to flow in."
"Digilight 400 inch White, Blue Rice Lights","[""Home Decor & Festive Needs >> Decorative Lighting & Lamps >> Series Lights >> Digilight Series Lights""]",Digilight,189,"Buy Digilight 400 inch White, Blue Rice Lights for Rs.189 online. Digilight 400 inch White, Blue Rice Lights at best prices with FREE shipping & cash on delivery. Only Genuine Products. 30 Day Replacement Guarantee."
Agrasen International Radha Krishna Statue Showpiece  -  20 cm,"[""Home Decor & Festive Needs >> Table Decor & Handicrafts >> Showpieces >> Religious Idols >> Agrasen International Religious Idols""]",Agrasen International,599,Buy Agrasen International Radha Krishna Statue Showpiece  -  20 cm for Rs.599 online. Agrasen International Radha Krishna Statue Showpiece  -  20 cm at best prices with FREE shipping & cash on delivery. Only Genuine Products. 30 Day Replacement Guarantee.
Digilight 200 inch Pink Rice Lights,"[""Home Decor & Festive Needs >> Decorative Lighting & Lamps >> Series Lights >> Digilight Series Lights""]",Digilight,79,Buy Digilight 200 inch Pink Rice Lights for Rs.79 online. Digilight 200 inch Pink Rice Lights at best prices with FREE shipping & cash on delivery. Only Genuine Products. 30 Day Replacement Guarantee.
Sophies Shisha Assorted Hookah Flavor,"[""Home Decor & Festive Needs >> Table Decor & Handicrafts >> Table Decor >> Hookah & Hookah Flavours >> Hookah Flavors >> Sophies Hookah Flavors""]",Sophies,700,Buy Sophies Shisha Assorted Hookah Flavor for Rs.700 online. Sophies Shisha Assorted Hookah Flavor at best prices with FREE shipping & cash on delivery. Only Genuine Products. 30 Day Replacement Guarantee.
"Pinc Ginger 90.6 inch Black, White Rice Lights","[""Home Decor & Festive Needs >> Decorative Lighting & Lamps >> Series Lights >> Pinc Ginger Series Lights""]",Pinc Ginger,3000,"Buy Pinc Ginger 90.6 inch Black, White Rice Lights for Rs.3000 online. Pinc Ginger 90.6 inch Black, White Rice Lights at best prices with FREE shipping & cash on delivery. Only Genuine Products. 30 Day Replacement Guarantee."
Craftartz Elephant Head Ganesha Brass Door Knocker Showpiece  -  15 cm,"[""Home Decor & Festive Needs >> Table Decor & Handicrafts >> Showpieces >> Religious Idols >> Craftartz Religious Idols""]",Craftartz,999,"Craftartz Elephant Head Ganesha Brass Door Knocker Showpiece  -  15 cm (Brass, Gold)
                         Price: Rs. 999
				
			The Ganesha head Brass door knocker is a very positive object to have on your door. As per Hindu mythology, Lord Ganesha brings peace and prosperity to your family. It can not only be used to enhance décor but is an excellent gift for friends and relatives.
The Ganesha head Brass door knocker is a very positive object to have on your door. As per Hindu mythology, Lord Ganesha brings peace and prosperity to your family. It can not only be used to enhance décor but is an excellent gift for friends and relatives."
"Digilight 400 inch Red, Green, Blue Rice Lights","[""Home Decor & Festive Needs >> Decorative Lighting & Lamps >> Series Lights >> Digilight Series Lights""]",Digilight,269,"Digilight 400 inch Red, Green, Blue Rice Lights (Pack of 3)
                         Price: Rs. 269
				
			This Diwali, adorn your home like never before with these gorgeous lighting solutions from the house of Digilight. Available in a varied array of colours and types to suit your taste, these are made from durable PVC material and beautify your abode. Order these online today and get ready for the compliments to flow in.
This Diwali, adorn your home like never before with these gorgeous lighting solutions from the house of Digilight. Available in a varied array of colours and types to suit your taste, these are made from durable PVC material and beautify your abode. Order these online today and get ready for the compliments to flow in."
"Digilight 590 inch Green, Blue, Yellow Rice Lights","[""Home Decor & Festive Needs >> Decorative Lighting & Lamps >> Series Lights >> Digilight Series Lights""]",Digilight,539,"Digilight 590 inch Green, Blue, Yellow Rice Lights (Pack of 3)
                         Price: Rs. 539
				
			This Diwali, adorn your home like never before with these gorgeous lighting solutions from the house of Digilight. Available in a varied array of colours and types to suit your taste, these are made from durable PVC material and beautify your abode. Order these online today and get ready for the compliments to flow in.
This Diwali, adorn your home like never before with these gorgeous lighting solutions from the house of Digilight. Available in a varied array of colours and types to suit your taste, these are made from durable PVC material and beautify your abode. Order these online today and get ready for the compliments to flow in."
Anamis Antique Look Ganesh Patta Showpiece  -  12 cm,"[""Home Decor & Festive Needs >> Table Decor & Handicrafts >> Showpieces >> Anamis Showpieces""]",Anamis,594,"Anamis Antique Look Ganesh Patta Showpiece  -  12 cm (Aluminium, Grey)
                         Price: Rs. 594
				
			This auspicious showpiece is made of metal to give you a royal antique look. This is an idol gift for your friend as well as relatives. Ever beautiful lord Ganesha sitting on a leaf with a diya. This will add a speacial feel to your decoration or even puja.
This auspicious showpiece is made of metal to give you a royal antique look. This is an idol gift for your friend as well as relatives. Ever beautiful lord Ganesha sitting on a leaf with a diya. This will add a speacial feel to your decoration or even puja."
Toygully Super Box of Orange Hookah Flavor,"[""Home Decor & Festive Needs >> Table Decor & Handicrafts >> Table Decor >> Hookah & Hookah Flavours >> Hookah Flavors >> Toygully Hookah Flavors""]",Toygully,250,"Toygully Super Box of Orange Hookah Flavor (50 g)
                         Price: Rs. 250
				
			Orange is the flavour of choice for traditional hookah smokers and is one of the most popular shisha flavor.

This flavour is 100 % tobacco free.
Orange is the flavour of choice for traditional hookah smokers and is one of the most popular shisha flavor.

This flavour is 100 % tobacco free."
Home Delight 130 inch Pink Rice Lights,"[""Home Decor & Festive Needs >> Decorative Lighting & Lamps >> Series Lights >> Home Delight Series Lights""]",Home Delight,199,"Home Delight 130 inch Pink Rice Lights (Pack of 5)
                         Price: Rs. 199
				
			These are Pink Rice light. Colourful PVC copper wire Warmer, with traditional glow. Flame-tip shape Cuts electricity costs up to 80% than ordinary bulbs. Bulbs which are also virtually unbreakable and very durable. These light series can be hanged indoors or outdoor. IP44 High energy saving and safety Superior material with competitive price Promotion for festivals.
These are Pink Rice light. Colourful PVC copper wire Warmer, with traditional glow. Flame-tip shape Cuts electricity costs up to 80% than ordinary bulbs. Bulbs which are also virtually unbreakable and very durable. These light series can be hanged indoors or outdoor. IP44 High energy saving and safety Superior material with competitive price Promotion for festivals."
My Party Suppliers 240 inch Multicolor Rice Lights,"[""Home Decor & Festive Needs >> Decorative Lighting & Lamps >> Series Lights >> My Party Suppliers Series Lights""]",My Party Suppliers,415,"My Party Suppliers 240 inch Multicolor Rice Lights (Pack of 1)
                         Price: Rs. 415
				
			Diwali Lights
Diwali Lights"
"Digilight 400 inch Yellow, Blue, Pink Rice Lights","[""Home Decor & Festive Needs >> Decorative Lighting & Lamps >> Series Lights >> Digilight Series Lights""]",Digilight,269,"Digilight 400 inch Yellow, Blue, Pink Rice Lights (Pack of 3)
                         Price: Rs. 269
				
			This Diwali, adorn your home like never before with these gorgeous lighting solutions from the house of Digilight. Available in a varied array of colours and types to suit your taste, these are made from durable PVC material and beautify your abode. Order these online today and get ready for the compliments to flow in.
This Diwali, adorn your home like never before with these gorgeous lighting solutions from the house of Digilight. Available in a varied array of colours and types to suit your taste, these are made from durable PVC material and beautify your abode. Order these online today and get ready for the compliments to flow in."
Home India Radha Krishna Showpiece  -  13.97 cm,"[""Home Decor & Festive Needs >> Showpieces >> Home India Showpieces""]",Home India,599,Buy Home India Radha Krishna Showpiece  -  13.97 cm for Rs.599 online. Home India Radha Krishna Showpiece  -  13.97 cm at best prices with FREE shipping & cash on delivery. Only Genuine Products. 30 Day Replacement Guarantee.
Toygully Mint Assorted Hookah Flavor,"[""Home Decor & Festive Needs >> Table Decor & Handicrafts >> Table Decor >> Hookah & Hookah Flavours >> Hookah Flavors >> Toygully Hookah Flavors""]",Toygully,250,"Toygully Mint Assorted Hookah Flavor (50 g)
                         Price: Rs. 250
				
			Mint is the flavour of choice for traditional hookah smokers and is one of the most popular shisha flavour.

This is 100% Tobacco free.
Mint is the flavour of choice for traditional hookah smokers and is one of the most popular shisha flavour.

This is 100% Tobacco free."
"Digilight 200 inch Green, Red, White Rice Lights","[""Home Decor & Festive Needs >> Decorative Lighting & Lamps >> Series Lights >> Digilight Series Lights""]",Digilight,159,"Digilight 200 inch Green, Red, White Rice Lights (Pack of 3)
                         Price: Rs. 159
				
			This Diwali, adorn your home like never before with these gorgeous lighting solutions from the house of Digilight. Available in a varied array of colours and types to suit your taste, these are made from durable PVC material and beautify your abode. Order these online today and get ready for the compliments to flow in.
This Diwali, adorn your home like never before with these gorgeous lighting solutions from the house of Digilight. Available in a varied array of colours and types to suit your taste, these are made from durable PVC material and beautify your abode. Order these online today and get ready for the compliments to flow in."
"Digilight 400 inch Yellow, White, Purple Rice Lights","[""Home Decor & Festive Needs >> Decorative Lighting & Lamps >> Series Lights >> Digilight Series Lights""]",Digilight,269,"Buy Digilight 400 inch Yellow, White, Purple Rice Lights for Rs.269 online. Digilight 400 inch Yellow, White, Purple Rice Lights at best prices with FREE shipping & cash on delivery. Only Genuine Products. 30 Day Replacement Guarantee."
ARK Creation Hindu Goddess Durga Sitting On Lion Showpiece  -  9 cm,"[""Home Decor & Festive Needs >> Table Decor & Handicrafts >> Showpieces >> Religious Idols >> ARK Creation Religious Idols""]",ARK Creation,1000,Buy ARK Creation Hindu Goddess Durga Sitting On Lion Showpiece  -  9 cm for Rs.1000 online. ARK Creation Hindu Goddess Durga Sitting On Lion Showpiece  -  9 cm at best prices with FREE shipping & cash on delivery. Only Genuine Products. 30 Day Replacement Guarantee.
Adaa Sitting Nandi with Round Base Showpiece  -  4 cm,"[""Home Decor & Festive Needs >> Showpieces >> Adaa Showpieces""]",Adaa,590,Buy Adaa Sitting Nandi with Round Base Showpiece  -  4 cm for Rs.590 online. Adaa Sitting Nandi with Round Base Showpiece  -  4 cm at best prices with FREE shipping & cash on delivery. Only Genuine Products. 30 Day Replacement Guarantee.
Metro 787.4 inch Multicolor Rice Lights,"[""Home Decor & Festive Needs >> Decorative Lighting & Lamps >> Series Lights >> Metro Series Lights""]",Metro,540,Buy Metro 787.4 inch Multicolor Rice Lights for Rs.540 online. Metro 787.4 inch Multicolor Rice Lights at best prices with FREE shipping & cash on delivery. Only Genuine Products. 30 Day Replacement Guarantee.
Itiha 3 inch White Rice Lights,"[""Home Decor & Festive Needs >> Decorative Lighting & Lamps >> Series Lights >> Itiha Series Lights""]",Itiha,179,"Itiha 3 inch White Rice Lights (Pack of 1)
                         Price: Rs. 179
				
			Beautifully Handcrafted LED Multicoloured dancing lights White Flower Diya (12 cms * 6 cms)
Beautifully Handcrafted LED Multicoloured dancing lights White Flower Diya (12 cms * 6 cms)"
Utsav Handicraft UHD004 Showpiece  -  8 cm,"[""Home Decor & Festive Needs >> Table Decor & Handicrafts >> Showpieces >> Religious Idols >> Utsav Handicraft Religious Idols""]",Utsav Handicraft,899,"Utsav Handicraft UHD004 Showpiece  -  8 cm (Silver Finish, Silver)
                         Price: Rs. 899
				
			Utsav Handicraft Musical Ganesha
Utsav Handicraft Musical Ganesha"
"Digilight 400 inch Green, Pink, Red Rice Lights","[""Home Decor & Festive Needs >> Decorative Lighting & Lamps >> Series Lights >> Digilight Series Lights""]",Digilight,269,"Digilight 400 inch Green, Pink, Red Rice Lights (Pack of 3)
                         Price: Rs. 269
				
			This Diwali, adorn your home like never before with these gorgeous lighting solutions from the house of Digilight. Available in a varied array of colours and types to suit your taste, these are made from durable PVC material and beautify your abode. Order these online today and get ready for the compliments to flow in.
This Diwali, adorn your home like never before with these gorgeous lighting solutions from the house of Digilight. Available in a varied array of colours and types to suit your taste, these are made from durable PVC material and beautify your abode. Order these online today and get ready for the compliments to flow in."
Megaway 196.85 inch White Rice Lights,"[""Home Decor & Festive Needs >> Decorative Lighting & Lamps >> Series Lights >> Megaway Series Lights""]",Megaway,2200,Buy Megaway 196.85 inch White Rice Lights for Rs.2200 online. Megaway 196.85 inch White Rice Lights at best prices with FREE shipping & cash on delivery. Only Genuine Products. 30 Day Replacement Guarantee.
Gift Studios Buddha Stone Showpiece  -  17.6 cm,"[""Home Decor & Festive Needs >> Table Decor & Handicrafts >> Showpieces >> Religious Idols >> Gift Studios Religious Idols""]",Gift Studios,699,Buy Gift Studios Buddha Stone Showpiece  -  17.6 cm for Rs.699 online. Gift Studios Buddha Stone Showpiece  -  17.6 cm at best prices with FREE shipping & cash on delivery. Only Genuine Products. 30 Day Replacement Guarantee.
Craft Store India Buddha head Showpiece  -  20 cm,"[""Home Decor & Festive Needs >> Showpieces >> Craft Store India Showpieces""]",Craft Store India,699,Buy Craft Store India Buddha head Showpiece  -  20 cm for Rs.699 online. Craft Store India Buddha head Showpiece  -  20 cm at best prices with FREE shipping & cash on delivery. Only Genuine Products. 30 Day Replacement Guarantee.
Kiya Trends 6 inch Pink Rice Lights,"[""Home Decor & Festive Needs >> Decorative Lighting & Lamps >> Series Lights >> Kiya Trends Series Lights""]",Kiya Trends,682,"Kiya Trends 6 inch Pink Rice Lights (Pack of 1)
                         Price: Rs. 682
				
			Suave and sophistication is all this outdoor floor lamp would come up with. Kiya Trends pinkcolor LED AC Outdoor Lamp offers appealing floor lamp for every beautiful homes. Ideal for gifting purpose too.
Suave and sophistication is all this outdoor floor lamp would come up with. Kiya Trends pinkcolor LED AC Outdoor Lamp offers appealing floor lamp for every beautiful homes. Ideal for gifting purpose too."
Digilight 400 inch Green Rice Lights,"[""Home Decor & Festive Needs >> Decorative Lighting & Lamps >> Series Lights >> Digilight Series Lights""]",Digilight,189,Buy Digilight 400 inch Green Rice Lights for Rs.189 online. Digilight 400 inch Green Rice Lights at best prices with FREE shipping & cash on delivery. Only Genuine Products. 30 Day Replacement Guarantee.
"Digilight 200 inch White, Green, Blue Rice Lights","[""Home Decor & Festive Needs >> Decorative Lighting & Lamps >> Series Lights >> Digilight Series Lights""]",Digilight,159,"Digilight 200 inch White, Green, Blue Rice Lights (Pack of 3)
                         Price: Rs. 159
				
			This Diwali, adorn your home like never before with these gorgeous lighting solutions from the house of Digilight. Available in a varied array of colours and types to suit your taste, these are made from durable PVC material and beautify your abode. Order these online today and get ready for the compliments to flow in.
This Diwali, adorn your home like never before with these gorgeous lighting solutions from the house of Digilight. Available in a varied array of colours and types to suit your taste, these are made from durable PVC material and beautify your abode. Order these online today and get ready for the compliments to flow in."
Indcrown 816 inch Multicolor Rice Lights,"[""Home Decor & Festive Needs >> Decorative Lighting & Lamps >> Series Lights >> Indcrown Series Lights""]",Indcrown,319,Buy Indcrown 816 inch Multicolor Rice Lights for Rs.319 online. Indcrown 816 inch Multicolor Rice Lights at best prices with FREE shipping & cash on delivery. Only Genuine Products. 30 Day Replacement Guarantee.
"Digilight 200 inch Pink, Green, Yellow Rice Lights","[""Home Decor & Festive Needs >> Decorative Lighting & Lamps >> Series Lights >> Digilight Series Lights""]",Digilight,159,"Digilight 200 inch Pink, Green, Yellow Rice Lights (Pack of 3)
                         Price: Rs. 159
				
			This Diwali, adorn your home like never before with these gorgeous lighting solutions from the house of Digilight. Available in a varied array of colours and types to suit your taste, these are made from durable PVC material and beautify your abode. Order these online today and get ready for the compliments to flow in.
This Diwali, adorn your home like never before with these gorgeous lighting solutions from the house of Digilight. Available in a varied array of colours and types to suit your taste, these are made from durable PVC material and beautify your abode. Order these online today and get ready for the compliments to flow in."
My Party Suppliers 720 inch Multicolor Rice Lights,"[""Home Decor & Festive Needs >> Decorative Lighting & Lamps >> Series Lights >> My Party Suppliers Series Lights""]",My Party Suppliers,850,Buy My Party Suppliers 720 inch Multicolor Rice Lights for Rs.850 online. My Party Suppliers 720 inch Multicolor Rice Lights at best prices with FREE shipping & cash on delivery. Only Genuine Products. 30 Day Replacement Guarantee.
GrandShop 444 inch Multicolor Rice Lights,"[""Home Decor & Festive Needs >> Decorative Lighting & Lamps >> Series Lights >> GrandShop Series Lights""]",GrandShop,300,"GrandShop 444 inch Multicolor Rice Lights (Pack of 1)
                         Price: Rs. 300
				
			The GrandShop Rice Strip Lights are made with a fine bendable copper wire in silver that can conform to any shape to add a beautiful decorative accent. Flexible yet durable, the string lights are perfect for positioning lights to any decorative like Diwali, Christmas Tree Decoration, walls during wedding or any anniversary, Decorate home on occasions like Diwali, New Year etc. The 37 Ft long wire hosts 55 very small and intensely bright Multicolor LED Bulbs with Light Changing mode illuminate in every direction & give beautiful Color.
The GrandShop Rice Strip Lights are made with a fine bendable copper wire in silver that can conform to any shape to add a beautiful decorative accent. Flexible yet durable, the string lights are perfect for positioning lights to any decorative like Diwali, Christmas Tree Decoration, walls during wedding or any anniversary, Decorate home on occasions like Diwali, New Year etc. The 37 Ft long wire hosts 55 very small and intensely bright Multicolor LED Bulbs with Light Changing mode illuminate in every direction & give beautiful Color."
eCraftIndia Lord Ganesha on Elephant Showpiece  -  13.97 cm,"[""Home Decor & Festive Needs >> Showpieces >> eCraftIndia Showpieces""]",eCraftIndia,699,Buy eCraftIndia Lord Ganesha on Elephant Showpiece  -  13.97 cm for Rs.699 online. eCraftIndia Lord Ganesha on Elephant Showpiece  -  13.97 cm at best prices with FREE shipping & cash on delivery. Only Genuine Products. 30 Day Replacement Guarantee.
MDI 394 inch Multicolor Rice Lights,"[""Home Decor & Festive Needs >> Decorative Lighting & Lamps >> Series Lights >> MDI Series Lights""]",MDI,499,"MDI 394 inch Multicolor Rice Lights (Pack of 1)
                         Price: Rs. 499
				
			Fausted Multi color 10 mtr with 75 bulb use in Diwali and all festival like Christmas Durga puja home occasion birth day party good for looking and no water go inside long life with multi-functions
Fausted Multi color 10 mtr with 75 bulb use in Diwali and all festival like Christmas Durga puja home occasion birth day party good for looking and no water go inside long life with multi-functions"
"Digilight 590 inch Yellow, Green, Pink Rice Lights","[""Home Decor & Festive Needs >> Decorative Lighting & Lamps >> Series Lights >> Digilight Series Lights""]",Digilight,539,"Digilight 590 inch Yellow, Green, Pink Rice Lights (Pack of 3)
                         Price: Rs. 539
				
			This Diwali, adorn your home like never before with these gorgeous lighting solutions from the house of Digilight. Available in a varied array of colours and types to suit your taste, these are made from durable PVC material and beautify your abode. Order these online today and get ready for the compliments to flow in.
This Diwali, adorn your home like never before with these gorgeous lighting solutions from the house of Digilight. Available in a varied array of colours and types to suit your taste, these are made from durable PVC material and beautify your abode. Order these online today and get ready for the compliments to flow in."
Gift Studios Laxmi Ganesh Ji Stone Showpiece  -  17.6 cm,"[""Home Decor & Festive Needs >> Table Decor & Handicrafts >> Showpieces >> Religious Idols >> Gift Studios Religious Idols""]",Gift Studios,699,Buy Gift Studios Laxmi Ganesh Ji Stone Showpiece  -  17.6 cm for Rs.699 online. Gift Studios Laxmi Ganesh Ji Stone Showpiece  -  17.6 cm at best prices with FREE shipping & cash on delivery. Only Genuine Products. 30 Day Replacement Guarantee.
Digilight 200 inch Blue Rice Lights,"[""Home Decor & Festive Needs >> Decorative Lighting & Lamps >> Series Lights >> Digilight Series Lights""]",Digilight,129,"Digilight 200 inch Blue Rice Lights (Pack of 2)
                         Price: Rs. 129
				
			This Diwali, adorn your home like never before with these gorgeous lighting solutions from the house of Digilight. Available in a varied array of colours and types to suit your taste, these are made from durable PVC material and beautify your abode. Order these online today and get ready for the compliments to flow in.
This Diwali, adorn your home like never before with these gorgeous lighting solutions from the house of Digilight. Available in a varied array of colours and types to suit your taste, these are made from durable PVC material and beautify your abode. Order these online today and get ready for the compliments to flow in."
Sophies Shisha Assorted Hookah Flavor,"[""Home Decor & Festive Needs >> Table Decor & Handicrafts >> Table Decor >> Hookah & Hookah Flavours >> Hookah Flavors >> Sophies Hookah Flavors""]",Sophies,1400,Buy Sophies Shisha Assorted Hookah Flavor for Rs.1400 online. Sophies Shisha Assorted Hookah Flavor at best prices with FREE shipping & cash on delivery. Only Genuine Products. 30 Day Replacement Guarantee.
VRCT 196 inch Green Rice Lights,"[""Home Decor & Festive Needs >> Decorative Lighting & Lamps >> Series Lights >> VRCT Series Lights""]",VRCT,349,Buy VRCT 196 inch Green Rice Lights for Rs.349 online. VRCT 196 inch Green Rice Lights at best prices with FREE shipping & cash on delivery. Only Genuine Products. 30 Day Replacement Guarantee.
My Party Suppliers 108 inch Multicolor Rice Lights,"[""Home Decor & Festive Needs >> Decorative Lighting & Lamps >> Series Lights >> My Party Suppliers Series Lights""]",My Party Suppliers,1250,Buy My Party Suppliers 108 inch Multicolor Rice Lights for Rs.1250 online. My Party Suppliers 108 inch Multicolor Rice Lights at best prices with FREE shipping & cash on delivery. Only Genuine Products. 30 Day Replacement Guarantee.
Digilight 400 inch Green Rice Lights,"[""Home Decor & Festive Needs >> Decorative Lighting & Lamps >> Series Lights >> Digilight Series Lights""]",Digilight,129,"Digilight 400 inch Green Rice Lights (Pack of 1)
                         Price: Rs. 129
				
			This Diwali, adorn your home like never before with these gorgeous lighting solutions from the house of Digilight. Available in a varied array of colours and types to suit your taste, these are made from durable PVC material and beautify your abode. Order these online today and get ready for the compliments to flow in.
This Diwali, adorn your home like never before with these gorgeous lighting solutions from the house of Digilight. Available in a varied array of colours and types to suit your taste, these are made from durable PVC material and beautify your abode. Order these online today and get ready for the compliments to flow in."
Metro 300 inch White Rice Lights,"[""Home Decor & Festive Needs >> Decorative Lighting & Lamps >> Series Lights >> Metro Series Lights""]",Metro,350,Buy Metro 300 inch White Rice Lights for Rs.350 online. Metro 300 inch White Rice Lights at best prices with FREE shipping & cash on delivery. Only Genuine Products. 30 Day Replacement Guarantee.
"Digilight 200 inch Blue, White, Yellow Rice Lights","[""Home Decor & Festive Needs >> Decorative Lighting & Lamps >> Series Lights >> Digilight Series Lights""]",Digilight,159,"Digilight 200 inch Blue, White, Yellow Rice Lights (Pack of 3)
                         Price: Rs. 159
				
			This Diwali, adorn your home like never before with these gorgeous lighting solutions from the house of Digilight. Available in a varied array of colours and types to suit your taste, these are made from durable PVC material and beautify your abode. Order these online today and get ready for the compliments to flow in.
This Diwali, adorn your home like never before with these gorgeous lighting solutions from the house of Digilight. Available in a varied array of colours and types to suit your taste, these are made from durable PVC material and beautify your abode. Order these online today and get ready for the compliments to flow in."
"Home Delight 10 inch Red, Green, Blue, Multicolor Rice Lights","[""Home Decor & Festive Needs >> Decorative Lighting & Lamps >> Series Lights >> Home Delight Series Lights""]",Home Delight,325,"Buy Home Delight 10 inch Red, Green, Blue, Multicolor Rice Lights for Rs.325 online. Home Delight 10 inch Red, Green, Blue, Multicolor Rice Lights at best prices with FREE shipping & cash on delivery. Only Genuine Products. 30 Day Replacement Guarantee."
Adaa Buddha In Aashirwad Mudra Showpiece  -  9 cm,"[""Home Decor & Festive Needs >> Table Decor & Handicrafts >> Showpieces >> Religious Idols >> Adaa Religious Idols""]",Adaa,740,"Adaa Buddha In Aashirwad Mudra Showpiece  -  9 cm (Polyresin, Multicolor)
                         Price: Rs. 740
				
			Decorate your home, office desk, children’s desk and computer table and make them look adorable with Buddha Showpiece. Crafted from polyresin, it is embellished with beautiful paint. Each piece reflects the artistic qualities and time one has taken to shape this utility item. Intricate artistry and superlative craftsmanship are the highlights of these products. Each piece is unique in its own way and therefore there can be a mild variation in color and design
Decorate your home, office desk, children’s desk and computer table and make them look adorable with Buddha Showpiece. Crafted from polyresin, it is embellished with beautiful paint. Each piece reflects the artistic qualities and time one has taken to shape this utility item. Intricate artistry and superlative craftsmanship are the highlights of these products. Each piece is unique in its own way and therefore there can be a mild variation in color and design"
"Digilight 200 inch Green, White, Red Rice Lights","[""Home Decor & Festive Needs >> Decorative Lighting & Lamps >> Series Lights >> Digilight Series Lights""]",Digilight,159,"Digilight 200 inch Green, White, Red Rice Lights (Pack of 3)
                         Price: Rs. 159
				
			This Diwali, adorn your home like never before with these gorgeous lighting solutions from the house of Digilight. Available in a varied array of colours and types to suit your taste, these are made from durable PVC material and beautify your abode. Order these online today and get ready for the compliments to flow in.
This Diwali, adorn your home like never before with these gorgeous lighting solutions from the house of Digilight. Available in a varied array of colours and types to suit your taste, these are made from durable PVC material and beautify your abode. Order these online today and get ready for the compliments to flow in."
"Digilight 200 inch White, Blue, Yellow Rice Lights","[""Home Decor & Festive Needs >> Decorative Lighting & Lamps >> Series Lights >> Digilight Series Lights""]",Digilight,159,"Digilight 200 inch White, Blue, Yellow Rice Lights (Pack of 3)
                         Price: Rs. 159
				
			This Diwali, adorn your home like never before with these gorgeous lighting solutions from the house of Digilight. Available in a varied array of colours and types to suit your taste, these are made from durable PVC material and beautify your abode. Order these online today and get ready for the compliments to flow in.
This Diwali, adorn your home like never before with these gorgeous lighting solutions from the house of Digilight. Available in a varied array of colours and types to suit your taste, these are made from durable PVC material and beautify your abode. Order these online today and get ready for the compliments to flow in."
Amazing India God Goddess Radha Krishna Statue Idol Showpiece  -  20.3 cm,"[""Home Decor & Festive Needs >> Table Decor & Handicrafts >> Showpieces >> Religious Idols >> Amazing India Religious Idols""]",Amazing India,999,"Amazing India God Goddess Radha Krishna Statue Idol Showpiece  -  20.3 cm (Polyresin, Multicolor)
                         Price: Rs. 999
				
			Indian Hand Carved Krishna Radha Resin Idol Sculpture Statue Size 8 inches x 5 inches. Sri Sri Radha and Krishna gracefully stand. Sri Krishna is the reservoir of pleasure and Srimati Radharani is the supreme pleasure potency.Their love is eternal, ecstatic and divine.
Indian Hand Carved Krishna Radha Resin Idol Sculpture Statue Size 8 inches x 5 inches. Sri Sri Radha and Krishna gracefully stand. Sri Krishna is the reservoir of pleasure and Srimati Radharani is the supreme pleasure potency.Their love is eternal, ecstatic and divine."
"Al Fakher Pegs'N'Pipes Mint, Double Apple Hookah Flavor","[""Home Decor & Festive Needs >> Table Decor & Handicrafts >> Table Decor >> Hookah & Hookah Flavours >> Hookah Flavors >> Al Fakher Hookah Flavors""]",Al Fakher,297,"Buy Al Fakher Pegs'N'Pipes Mint, Double Apple Hookah Flavor for Rs.297 online. Al Fakher Pegs'N'Pipes Mint, Double Apple Hookah Flavor at best prices with FREE shipping & cash on delivery. Only Genuine Products. 30 Day Replacement Guarantee."
Weldecor 1800 inch Red Rice Lights,"[""Home Decor & Festive Needs >> Decorative Lighting & Lamps >> Series Lights >> Weldecor Series Lights""]",Weldecor,5999,Buy Weldecor 1800 inch Red Rice Lights for Rs.5999 online. Weldecor 1800 inch Red Rice Lights at best prices with FREE shipping & cash on delivery. Only Genuine Products. 30 Day Replacement Guarantee.
Golmaalshop Ganesh & Laxmi Showpiece  -  14.7 cm,"[""Home Decor & Festive Needs >> Showpieces >> Golmaalshop Showpieces""]",Golmaalshop,549,Buy Golmaalshop Ganesh & Laxmi Showpiece  -  14.7 cm for Rs.549 online. Golmaalshop Ganesh & Laxmi Showpiece  -  14.7 cm at best prices with FREE shipping & cash on delivery. Only Genuine Products. 30 Day Replacement Guarantee.
"Digilight 590 inch Pink, Blue, Green Rice Lights","[""Home Decor & Festive Needs >> Decorative Lighting & Lamps >> Series Lights >> Digilight Series Lights""]",Digilight,539,"Buy Digilight 590 inch Pink, Blue, Green Rice Lights for Rs.539 online. Digilight 590 inch Pink, Blue, Green Rice Lights at best prices with FREE shipping & cash on delivery. Only Genuine Products. 30 Day Replacement Guarantee."
"Digilight 200 inch Red, Blue, Green Rice Lights","[""Home Decor & Festive Needs >> Decorative Lighting & Lamps >> Series Lights >> Digilight Series Lights""]",Digilight,159,"Digilight 200 inch Red, Blue, Green Rice Lights (Pack of 3)
                         Price: Rs. 159
				
			This Diwali, adorn your home like never before with these gorgeous lighting solutions from the house of Digilight. Available in a varied array of colours and types to suit your taste, these are made from durable PVC material and beautify your abode. Order these online today and get ready for the compliments to flow in.
This Diwali, adorn your home like never before with these gorgeous lighting solutions from the house of Digilight. Available in a varied array of colours and types to suit your taste, these are made from durable PVC material and beautify your abode. Order these online today and get ready for the compliments to flow in."
"Indcrown 672 inch Red, Green, Yellow, Blue Rice Lights","[""Home Decor & Festive Needs >> Decorative Lighting & Lamps >> Series Lights >> Indcrown Series Lights""]",Indcrown,249,"Indcrown 672 inch Red, Green, Yellow, Blue Rice Lights (Pack of 1)
                         Price: Rs. 249
				
			These are Multi color Rice light. Colourful with traditional glow. Flame-tip shape Cuts electricity costs up to 80% than ordinary bulbs. Bulbs which are also virtually unbreakable and very durable. These light series can be hanged indoors or outdoor. IP44 High energy saving and safety Superior material with competitive price Promotion for festivals.
These are Multi color Rice light. Colourful with traditional glow. Flame-tip shape Cuts electricity costs up to 80% than ordinary bulbs. Bulbs which are also virtually unbreakable and very durable. These light series can be hanged indoors or outdoor. IP44 High energy saving and safety Superior material with competitive price Promotion for festivals."
"Digilight 400 inch Red, Blue, Green Rice Lights","[""Home Decor & Festive Needs >> Decorative Lighting & Lamps >> Series Lights >> Digilight Series Lights""]",Digilight,269,"Digilight 400 inch Red, Blue, Green Rice Lights (Pack of 3)
                         Price: Rs. 269
				
			This Diwali, adorn your home like never before with these gorgeous lighting solutions from the house of Digilight. Available in a varied array of colours and types to suit your taste, these are made from durable PVC material and beautify your abode. Order these online today and get ready for the compliments to flow in.
This Diwali, adorn your home like never before with these gorgeous lighting solutions from the house of Digilight. Available in a varied array of colours and types to suit your taste, these are made from durable PVC material and beautify your abode. Order these online today and get ready for the compliments to flow in."
Eshoppee Shiv face antique color brass idol Showpiece  -  8 cm,"[""Home Decor & Festive Needs >> Table Decor & Handicrafts >> Showpieces >> Religious Idols >> Eshoppee Religious Idols""]",Eshoppee,999,Buy Eshoppee Shiv face antique color brass idol Showpiece  -  8 cm for Rs.999 online. Eshoppee Shiv face antique color brass idol Showpiece  -  8 cm at best prices with FREE shipping & cash on delivery. Only Genuine Products. 30 Day Replacement Guarantee.
Toygully 589 inch Multicolor Rice Lights,"[""Home Decor & Festive Needs >> Decorative Lighting & Lamps >> Series Lights >> Toygully Series Lights""]",Toygully,860,Buy Toygully 589 inch Multicolor Rice Lights for Rs.860 online. Toygully 589 inch Multicolor Rice Lights at best prices with FREE shipping & cash on delivery. Only Genuine Products. 30 Day Replacement Guarantee.
"Digilight 200 inch Yellow, Pink, Purple Rice Lights","[""Home Decor & Festive Needs >> Decorative Lighting & Lamps >> Series Lights >> Digilight Series Lights""]",Digilight,159,"Digilight 200 inch Yellow, Pink, Purple Rice Lights (Pack of 3)
                         Price: Rs. 159
				
			This Diwali, adorn your home like never before with these gorgeous lighting solutions from the house of Digilight. Available in a varied array of colours and types to suit your taste, these are made from durable PVC material and beautify your abode. Order these online today and get ready for the compliments to flow in.
This Diwali, adorn your home like never before with these gorgeous lighting solutions from the house of Digilight. Available in a varied array of colours and types to suit your taste, these are made from durable PVC material and beautify your abode. Order these online today and get ready for the compliments to flow in."
Art Antiqua AA-1203091-Reading Ganesha Showpiece  -  9 cm,"[""Home Decor & Festive Needs >> Table Decor & Handicrafts >> Showpieces >> Religious Idols >> Art Antiqua Religious Idols""]",Art Antiqua,899,Buy Art Antiqua AA-1203091-Reading Ganesha Showpiece  -  9 cm for Rs.899 online. Art Antiqua AA-1203091-Reading Ganesha Showpiece  -  9 cm at best prices with FREE shipping & cash on delivery. Only Genuine Products. 30 Day Replacement Guarantee.
"iplay 196 inch Red, Green, Blue, White, Gold, Yellow Rice Lights","[""Home Decor & Festive Needs >> Decorative Lighting & Lamps >> Series Lights >> iplay Series Lights""]",iplay,779,"Buy iplay 196 inch Red, Green, Blue, White, Gold, Yellow Rice Lights for Rs.779 online. iplay 196 inch Red, Green, Blue, White, Gold, Yellow Rice Lights at best prices with FREE shipping & cash on delivery. Only Genuine Products. 30 Day Replacement Guarantee."
"iplay 196 inch Red, Green, Blue, White, Gold, Yellow Rice Lights","[""Home Decor & Festive Needs >> Decorative Lighting & Lamps >> Series Lights >> iplay Series Lights""]",iplay,799,"Buy iplay 196 inch Red, Green, Blue, White, Gold, Yellow Rice Lights for Rs.799 online. iplay 196 inch Red, Green, Blue, White, Gold, Yellow Rice Lights at best prices with FREE shipping & cash on delivery. Only Genuine Products. 30 Day Replacement Guarantee."
A To Z Traders 200 inch Yellow Rice Lights,"[""Home Decor & Festive Needs >> Decorative Lighting & Lamps >> Series Lights >> A To Z Traders Series Lights""]",A To Z Traders,999,Buy A To Z Traders 200 inch Yellow Rice Lights for Rs.999 online. A To Z Traders 200 inch Yellow Rice Lights at best prices with FREE shipping & cash on delivery. Only Genuine Products. 30 Day Replacement Guarantee.
Arabian Nights Soex Cranberry Assorted Hookah Flavor,"[""Home Decor & Festive Needs >> Table Decor & Handicrafts >> Table Decor >> Hookah & Hookah Flavours >> Hookah Flavors >> Arabian Nights Hookah Flavors""]",Arabian Nights,800,"Arabian Nights Soex Cranberry Assorted Hookah Flavor (500 g)
                         Price: Rs. 800
				
			An excellent cranberry taste that overwhelms sweetness everytime you have it.
An excellent cranberry taste that overwhelms sweetness everytime you have it."
Metro 300 inch Multicolor Rice Lights,"[""Home Decor & Festive Needs >> Decorative Lighting & Lamps >> Series Lights >> Metro Series Lights""]",Metro,350,Buy Metro 300 inch Multicolor Rice Lights for Rs.350 online. Metro 300 inch Multicolor Rice Lights at best prices with FREE shipping & cash on delivery. Only Genuine Products. 30 Day Replacement Guarantee.
Browse House Folded Hands Bank Monk Showpiece  -  11.4 cm,"[""Home Decor & Festive Needs >> Table Decor & Handicrafts >> Showpieces >> Religious Idols >> Browse House Religious Idols""]",Browse House,945,"Browse House Folded Hands Bank Monk Showpiece  -  11.4 cm (Polyresin, Maroon, Gold)
                         Price: Rs. 945
				
			Finely carved baby monk statue with a delicately desingned cloth dress will be a perfect addition to your home decor. Believed to bring good luck, good health, wealth, happiness and prosperity. This Baby Monk will make you smile everytime you see him, Priceless!
Finely carved baby monk statue with a delicately desingned cloth dress will be a perfect addition to your home decor. Believed to bring good luck, good health, wealth, happiness and prosperity. This Baby Monk will make you smile everytime you see him, Priceless!"
"Digilight 200 inch Blue, White Rice Lights","[""Home Decor & Festive Needs >> Decorative Lighting & Lamps >> Series Lights >> Digilight Series Lights""]",Digilight,159,"Digilight 200 inch Blue, White Rice Lights (Pack of 2)
                         Price: Rs. 159
				
			This Diwali, adorn your home like never before with these gorgeous lighting solutions from the house of Digilight. Available in a varied array of colours and types to suit your taste, these are made from durable PVC material and beautify your abode. Order these online today and get ready for the compliments to flow in.
This Diwali, adorn your home like never before with these gorgeous lighting solutions from the house of Digilight. Available in a varied array of colours and types to suit your taste, these are made from durable PVC material and beautify your abode. Order these online today and get ready for the compliments to flow in."
Indcrown 15 inch Multicolor Rice Lights,"[""Home Decor & Festive Needs >> Decorative Lighting & Lamps >> Series Lights >> Indcrown Series Lights""]",Indcrown,229,Buy Indcrown 15 inch Multicolor Rice Lights for Rs.229 online. Indcrown 15 inch Multicolor Rice Lights at best prices with FREE shipping & cash on delivery. Only Genuine Products. 30 Day Replacement Guarantee.
The Art Treasure Decorative Shankh,"[""Home Decor & Festive Needs >> Religion & Devotion >> Shankh >> The Art Treasure Shankh""]",The Art Treasure,2900,Buy The Art Treasure Decorative Shankh for Rs.2900 online. The Art Treasure Decorative Shankh at best prices with FREE shipping & cash on delivery. Only Genuine Products. 30 Day Replacement Guarantee.
Adaa Ganesha Wall Hanging (3 Piece-Round) - Green Showpiece  -  25.5 cm,"[""Home Decor & Festive Needs >> Showpieces >> Adaa Showpieces""]",Adaa,560,Buy Adaa Ganesha Wall Hanging (3 Piece-Round) - Green Showpiece  -  25.5 cm for Rs.560 online. Adaa Ganesha Wall Hanging (3 Piece-Round) - Green Showpiece  -  25.5 cm at best prices with FREE shipping & cash on delivery. Only Genuine Products. 30 Day Replacement Guarantee.
"Digilight 590 inch White, Yellow, Red Rice Lights","[""Home Decor & Festive Needs >> Decorative Lighting & Lamps >> Series Lights >> Digilight Series Lights""]",Digilight,539,"Digilight 590 inch White, Yellow, Red Rice Lights (Pack of 3)
                         Price: Rs. 539
				
			This Diwali, adorn your home like never before with these gorgeous lighting solutions from the house of Digilight. Available in a varied array of colours and types to suit your taste, these are made from durable PVC material and beautify your abode. Order these online today and get ready for the compliments to flow in.
This Diwali, adorn your home like never before with these gorgeous lighting solutions from the house of Digilight. Available in a varied array of colours and types to suit your taste, these are made from durable PVC material and beautify your abode. Order these online today and get ready for the compliments to flow in."
MDI 787 inch Multicolor Rice Lights,"[""Home Decor & Festive Needs >> Decorative Lighting & Lamps >> Series Lights >> MDI Series Lights""]",MDI,699,"MDI 787 inch Multicolor Rice Lights (Pack of 2)
                         Price: Rs. 699
				
			Fausted Multi color 20 mtr each with 120 bulb use in Diwali and all festival like Christmas Durga puja home occasion birth day party good for looking and no water go inside long life with multi-functions
Fausted Multi color 20 mtr each with 120 bulb use in Diwali and all festival like Christmas Durga puja home occasion birth day party good for looking and no water go inside long life with multi-functions"
Advitiya Black Metal Gurunanak Ji Showpiece  -  28 cm,"[""Home Decor & Festive Needs >> Table Decor & Handicrafts >> Showpieces >> Religious Idols >> Advitiya Religious Idols""]",Advitiya,599,"Advitiya Black Metal Gurunanak Ji Showpiece  -  28 cm (Brass, Copper)
                         Price: Rs. 599
				
			Advitiya of Bringing prosperity and happiness to your living spaces.Add an element of spirituality to your home decor Showpiece Figurine. It could be a great gifting option for religious celebrations or festivals.MaterialCrafted from aluminium, this showpiece reflects the artistic brilliance and adds elegance to your home decor For an Attractive Look,this showpiece can be wall mounted. So to create an elegant and attractive look you can hang it in your living room or bedroom. It can also be an ideal addition to your pooja room.
		
    
        
            Was this product information helpful?
            
                
                Yes
            
            
                
                No
            
            Thanks for your vote!
        
        
            
                
                Please write your feedback before submitting.
                
                    
                    Skip
                
            
        
    


        
            
            
        

        



















        
            
        
        




	
		
			
                    Specifications of Advitiya Black Metal Gurunanak Ji Showpiece  -  28 cm (Brass, Copper)
            
						
							
								General
							
								
										Brand
									
                                                Advitiya
									
								
								
										Model Number
									
                                                AYHD_32
									
								
								
										Type
									
                                                Religious Idols
									
								
								
										Material
									
                                                Brass
									
								
								
										Model Name
									
                                                Black Metal Gurunanak Ji
									
								
								
										Color
									
                                                Copper
									
								
						
						
							
								Dimensions
							
								
										Weight
									
                                                150 g
									
								
								
										Height
									
                                                28 cm
									
								
								
										Width
									
                                                15 cm
									
								
								
										Depth
									
                                                0.5 cm
									
								
						
						
							
								Additional Features
							
								
										Water Resistant
									
                                                No
									
								
								
										Wall Mount
									
                                                Yes
									
								
						
						
							
								In the Box
							
								
										Sales Package
									
                                                1 Showpiece Figurine
									
								
								
										Pack of
									
                                                1
									
								
						
		
    
        
            Was the product specification helpful?
            
                
                Yes
            
            
                
                No
            
            Thanks for your vote!
        
        
            
                
                Please write your feedback before submitting.
                
                    
                    Skip
                
            
        
    

        Please Note: All products sold on Flipkart are brand new and 100% genuine
Advitiya of Bringing prosperity and happiness to your living spaces.Add an element of spirituality to your home decor Showpiece Figurine. It could be a great gifting option for religious celebrations or festivals.MaterialCrafted from aluminium, this showpiece reflects the artistic brilliance and adds elegance to your home decor For an Attractive Look,this showpiece can be wall mounted. So to create an elegant and attractive look you can hang it in your living room or bedroom. It can also be an ideal addition to your pooja room."
Abee 36 inch Multicolor Rice Lights,"[""Home Decor & Festive Needs >> Decorative Lighting & Lamps >> Series Lights >> Abee Series Lights""]",Abee,149,Buy Abee 36 inch Multicolor Rice Lights for Rs.149 online. Abee 36 inch Multicolor Rice Lights at best prices with FREE shipping & cash on delivery. Only Genuine Products. 30 Day Replacement Guarantee.
Apkamart Radha Krishna Wall Hanging 15 Inch Showpiece  -  37 cm,"[""Home Decor & Festive Needs >> Table Decor & Handicrafts >> Showpieces >> Religious Idols >> Apkamart Religious Idols""]",Apkamart,849,Buy Apkamart Radha Krishna Wall Hanging 15 Inch Showpiece  -  37 cm for Rs.849 online. Apkamart Radha Krishna Wall Hanging 15 Inch Showpiece  -  37 cm at best prices with FREE shipping & cash on delivery. Only Genuine Products. 30 Day Replacement Guarantee.
Gathbandhan Decorative Shankh,"[""Home Decor & Festive Needs >> Religion & Devotion >> Shankh >> Gathbandhan Shankh""]",Gathbandhan,1100,Buy Gathbandhan Decorative Shankh for Rs.1100 online. Gathbandhan Decorative Shankh at best prices with FREE shipping & cash on delivery. Only Genuine Products. 30 Day Replacement Guarantee.
"Digilight 400 inch Red, Yellow Rice Lights","[""Home Decor & Festive Needs >> Decorative Lighting & Lamps >> Series Lights >> Digilight Series Lights""]",Digilight,189,"Buy Digilight 400 inch Red, Yellow Rice Lights for Rs.189 online. Digilight 400 inch Red, Yellow Rice Lights at best prices with FREE shipping & cash on delivery. Only Genuine Products. 30 Day Replacement Guarantee."
Veensh HARB Grinder Diameter 2.25 inch Plastic Hookah,"[""Home Decor & Festive Needs >> Garden & Leisure >> Hookah & Hookah Flavors >> Hookahs >> Veensh Hookahs >> Veensh HARB Grinder Diameter 2.25 inch Plastic H...""]",Veensh,299,"Key Features of Veensh HARB Grinder Diameter 2.25 inch Plastic Hookah Number of Pipe Openings: 1 Color: Orange Base Material: Glass,Veensh HARB Grinder Diameter 2.25 inch Plastic Hookah (Orange) Price: Rs. 299 Veensh is an Indian based brand sold its product looking forward to serve This product is Plastic Grinder can be used as home decorative. Mainly used for crushing the stuff. This product makes it easy to crush your stuff. Latest and extremely beautiful design, durable (handle with care) and comes in high range of Designs and colors.it more impressive and easy to use,Specifications of Veensh HARB Grinder Diameter 2.25 inch Plastic Hookah (Orange) Tray Features Number of Tray Levels 4 General Number of Pipe Openings 1 Brand Veensh Model Name HARB Grinder Diameter Material Plastic Pack of 1 Color Orange Dimensions Height 2.25 inch Base Features Base Material Glass Base Grommets Provided Yes Base Diameter 2.25 inch Additional Features Portable Yes In the Box Sales Package 1 Grinder set 4 in one Pack of 1"
Veensh Red HARB Grinder Diameter 2.25 inch Plastic Hookah,"[""Home Decor & Festive Needs >> Garden & Leisure >> Hookah & Hookah Flavors >> Hookahs >> Veensh Hookahs >> Veensh Red HARB Grinder Diameter 2.25 inch Plast...""]",Veensh,299,"Key Features of Veensh Red HARB Grinder Diameter 2.25 inch Plastic Hookah Number of Pipe Openings: 1 Color: Red Base Material: Glass,Veensh Red HARB Grinder Diameter 2.25 inch Plastic Hookah (Red) Price: Rs. 299 Veensh is an Indian based brand sold its product looking forward to serve This product is Plastic Grinder can be used as home decorative. Mainly used for crushing the stuff. This product makes it easy to crush your stuff. Latest and extremely beautiful design, durable (handle with care) and comes in high range of Designs and colors.it more impressive and easy to use,Specifications of Veensh Red HARB Grinder Diameter 2.25 inch Plastic Hookah (Red) General Number of Pipe Openings 1 Brand Veensh Model Name Red HARB Grinder Diameter Material Plastic Pack of 1 Color Red Dimensions Height 2.25 inch Base Features Base Material Glass In the Box Sales Package 1 Grinder set 4 in one Pack of 1"
Sugandh Vatika Oudh Incense Sticks,"[""Home Decor & Festive Needs >> Candles & Fragrances >> Home Fragrances >> Incense Sticks & Holders >> Sugandh Vatika Incense Sticks & Holders >> Sugandh Vatika Oudh Incense Sticks (180 Sticks p...""]",Sugandh Vatika,825,"Key Features of Sugandh Vatika Oudh Incense Sticks Set of: 1 Burning Time: 65 Is Fragile: Yes,Sugandh Vatika Oudh Incense Sticks (180 Sticks per Box) Price: Rs. 825 We are proud to present before our customers qualitative range of Oudh Amber Incense Sticks made up of pure natural essential oil procured from the oodh wood. People recognise these Oudh Amber Incense Sticks due to their vast usage in rituals and other holistic purposes.They spread the ambience of these aroma in the air and spread the fragrance giving peace and relaxation to the body and mind.,Specifications of Sugandh Vatika Oudh Incense Sticks (180 Sticks per Box) General Brand Sugandh Vatika Model Number Oudh Amber Natural Incense Sticks Fragrance Oudh Number of Sticks per Box 180 Burning Time 65 min Dimensions Weight 275 g Length 9 g In the Box Sales Package 150 Incense sticks + 15 Incense stick extra Set of 1"
Frames MDF Photo Frame,"[""Home Decor & Festive Needs >> Wall Decor & Clocks >> Wall Photo Frames >> Frames Wall Photo Frames >> Frames MDF Photo Frame (Photo Size - 15.24X20.32...""]",Frames,539,"Key Features of Frames MDF Photo Frame Wall And Table Decor Photo Frame,Frames MDF Photo Frame (Photo Size - 15.24X20.32 cm, 1 Photos) Price: Rs. 539 Create A Wall And Table Photo Frame With Your Favorite Photo Or Design Printed On The Frame. Can Be Use to create beautiful Wall And Table Décor Frame.Can be use as vertical,horizontal and table photo frame. Acrylic Glass Is Protected With Brown Paper.,Specifications of Frames MDF Photo Frame (Photo Size - 15.24X20.32 cm, 1 Photos) Body Material Frame Material MDF Backing Wood Material Acrylic Other Body Features Acrylic Is Covered With Brown Paper Sticker. In The Box Number of Contents in Sales Package Pack of 1 Sales Package 1 Mount Photo Frame General Shape Rectangle color Brown Number of Photos 1 Mounted Wall mounted, Table mounted Mounted Ideal For Men, Women, Boys, Girls Dimensions Weight 200 g Suitable Photo Size 15.24X20.32 cm Height 8 inch Other Dimensions Suitable Photo Size-6X8 Width 6 inch Additional Features Care and Cleaning Wipe With a Wet Cotton Cloth Other Features Wall And Table Décor Photo Frame"
Smart Wall Guru Small Adhesive Sticker Sticker,"[""Home Decor & Festive Needs >> Wall Decor & Clocks >> Wall Decals & Stickers >> Smart Wall Guru Wall Decals & Stickers >> Smart Wall Guru Small Adhesive Sticker Sticker (...""]",Smart Wall Guru,149,"Key Features of Smart Wall Guru Small Adhesive Sticker Sticker Make For Smart Bedroom Study room Looking Awesome Living room Bath room Attractive Guest room Kitchen Easy to Install Easy to Remove Easy To Clean All Wall Decal are front Matte Finish, water resistant & packaged between two layers.,Smart Wall Guru Small Adhesive Sticker Sticker (Pack of 1) Price: Rs. 149 'Smart Wall Guru'' gives u a pure beautiful house with our decoration wall stickers,wall decals & all kind of designs for your home decoration.These stickers are made of self adhesive PVC vinyl and very easy to apply on plane surface. These are the great suppliment of wallpaper,wall color and another decoration method. Thnkss…,Specifications of Smart Wall Guru Small Adhesive Sticker Sticker (Pack of 1) In The Box Number of Contents in Sales Package Pack of 1 Sales Package 1 Sticker General Ideal Use Home, Child Bedroom, Bedroom Scratch-resistant Yes Brand Smart Wall Guru Laminated Yes Type Adhesive Sticker Size in Number 41.31 cm Number of Stickers 1 Material Self Adhesive PVC Vinyl Size Small Dimensions Height 41 cm Width 31 cm"
Smart Wall Guru Small Adhesive Sticker Sticker,"[""Home Decor & Festive Needs >> Wall Decor & Clocks >> Wall Decals & Stickers >> Smart Wall Guru Wall Decals & Stickers >> Smart Wall Guru Small Adhesive Sticker Sticker (...""]",Smart Wall Guru,169,"Key Features of Smart Wall Guru Small Adhesive Sticker Sticker Make For Smart Bedroom Study room Looking Awesome Living room Bath room Attractive Guest room Kitchen Easy to Install Easy to Remove Easy To Clean All Wall Decal are front Matte Finish, water resistant & packaged between two layers.,Smart Wall Guru Small Adhesive Sticker Sticker (Pack of 1) Price: Rs. 169 'Smart Wall Guru'' gives u a pure beautiful house with our decoration wall stickers,wall decals & all kind of designs for your home decoration.These stickers are made of self adhesive PVC vinyl and very easy to apply on plane surface. These are the great suppliment of wallpaper,wall color and another decoration method. Thnkss…,Specifications of Smart Wall Guru Small Adhesive Sticker Sticker (Pack of 1) In The Box Number of Contents in Sales Package Pack of 1 Sales Package 1 Sticker General Ideal Use Home, Child Bedroom, Bedroom Scratch-resistant Yes Brand Smart Wall Guru Laminated Yes Type Adhesive Sticker Size in Number 38.31 cm Number of Stickers 1 Material Self Adhesive PVC Vinyl Size Small Dimensions Height 38 cm Width 31 cm"
Nutcase Multicolor Column Floor Lamp,"[""Home Decor & Festive Needs >> Decorative Lighting & Lamps >> Floor Lamp >> Nutcase Floor Lamp >> Nutcase Multicolor Column Floor Lamp (31 cm)""]",Nutcase,1299,"Key Features of Nutcase Multicolor Column Floor Lamp Designer Lamp Bulb Included Cool & Quirky Design Sturdy Structure,Nutcase Multicolor Column Floor Lamp (31 cm) Price: Rs. 1,299 Nutcase brings you for the first time in India - Designer Floor Lamps . Light up your home or office with this colorful lamp . Comes in over 100+ designs."
GAGA Canvas Painting,"[""Home Decor & Festive Needs >> Wall Decor & Clocks >> Paintings >> GAGA Paintings >> GAGA Canvas Painting (12 inch x 15 inch)""]",GAGA,8720,"Key Features of GAGA Canvas Painting Theme: Hand Painting Frame Included,Specifications of GAGA Canvas Painting (12 inch x 15 inch) General Brand GAGA Model Number AM543397 Frame Included Yes Painting Type Canvas Painting Theme Hand Painting Dimensions Weight 1.5 kg Height 12 inch Width 15 inch In the Box Pack of 1"
GAGA Canvas Painting,"[""Home Decor & Festive Needs >> Wall Decor & Clocks >> Paintings >> GAGA Paintings >> GAGA Canvas Painting (14 inch x 18 inch)""]",GAGA,19380,"Key Features of GAGA Canvas Painting Theme: Hand Painting Frame Included,Specifications of GAGA Canvas Painting (14 inch x 18 inch) General Brand GAGA Model Number AM543499 Frame Included Yes Painting Type Canvas Painting Theme Hand Painting Dimensions Weight 1.75 kg Height 14 inch Width 18 inch In the Box Pack of 1"
GAGA Canvas Painting,"[""Home Decor & Festive Needs >> Wall Decor & Clocks >> Paintings >> GAGA Paintings >> GAGA Canvas Painting (18 inch x 24 inch)""]",GAGA,13800,"Key Features of GAGA Canvas Painting Theme: Hand Painting Frame Included,Specifications of GAGA Canvas Painting (18 inch x 24 inch) General Brand GAGA Model Number AM543599 Frame Included Yes Painting Type Canvas Painting Theme Hand Painting Dimensions Weight 2.5 kg Height 18 inch Width 24 inch In the Box Pack of 1"
GAGA Canvas Painting,"[""Home Decor & Festive Needs >> Wall Decor & Clocks >> Paintings >> GAGA Paintings >> GAGA Canvas Painting (16 inch x 20 inch)""]",GAGA,21780,"Key Features of GAGA Canvas Painting Theme: Hand Painting Frame Included,Specifications of GAGA Canvas Painting (16 inch x 20 inch) General Brand GAGA Model Number AM543275 Frame Included Yes Painting Type Canvas Painting Theme Hand Painting Dimensions Weight 2 kg Height 16 inch Width 20 inch In the Box Pack of 1"
GAGA Canvas Painting,"[""Home Decor & Festive Needs >> Wall Decor & Clocks >> Paintings >> GAGA Paintings >> GAGA Canvas Painting (6 inch x 8 inch)""]",GAGA,3040,"Key Features of GAGA Canvas Painting Theme: Hand Painting Frame Included,Specifications of GAGA Canvas Painting (6 inch x 8 inch) General Brand GAGA Model Number AM543216 Frame Included Yes Painting Type Canvas Painting Theme Hand Painting Dimensions Weight 0.5 kg Height 6 inch Width 8 inch In the Box Pack of 1"
GAGA Canvas Painting,"[""Home Decor & Festive Needs >> Wall Decor & Clocks >> Paintings >> GAGA Paintings >> GAGA Canvas Painting (12 inch x 15 inch)""]",GAGA,3040,"Key Features of GAGA Canvas Painting Theme: Hand Painting Frame Included,Specifications of GAGA Canvas Painting (12 inch x 15 inch) General Brand GAGA Model Number AM543438 Frame Included Yes Painting Type Canvas Painting Theme Hand Painting Dimensions Weight 1.5 kg Height 12 inch Width 15 inch In the Box Pack of 1"
GAGA Canvas Painting,"[""Home Decor & Festive Needs >> Wall Decor & Clocks >> Paintings >> GAGA Paintings >> GAGA Canvas Painting (18 inch x 24 inch)""]",GAGA,25510,"Key Features of GAGA Canvas Painting Theme: Hand Painting Frame Included,Specifications of GAGA Canvas Painting (18 inch x 24 inch) General Brand GAGA Model Number AM543453 Frame Included Yes Painting Type Canvas Painting Theme Hand Painting Dimensions Weight 2.5 kg Height 18 inch Width 24 inch In the Box Pack of 1"
GAGA Canvas Painting,"[""Home Decor & Festive Needs >> Wall Decor & Clocks >> Paintings >> GAGA Paintings >> GAGA Canvas Painting (16 inch x 20 inch)""]",GAGA,21780,"Key Features of GAGA Canvas Painting Theme: Hand Painting Frame Included,Specifications of GAGA Canvas Painting (16 inch x 20 inch) General Brand GAGA Model Number AM543530 Frame Included Yes Painting Type Canvas Painting Theme Hand Painting Dimensions Weight 2 kg Height 16 inch Width 20 inch In the Box Pack of 1"
GAGA Canvas Painting,"[""Home Decor & Festive Needs >> Wall Decor & Clocks >> Paintings >> GAGA Paintings >> GAGA Canvas Painting (12 inch x 15 inch)""]",GAGA,4220,"Key Features of GAGA Canvas Painting Theme: Hand Painting Frame Included,Specifications of GAGA Canvas Painting (12 inch x 15 inch) General Brand GAGA Model Number AM543257 Frame Included Yes Painting Type Canvas Painting Theme Hand Painting Dimensions Weight 1.5 kg Height 12 inch Width 15 inch In the Box Pack of 1"
GAGA Canvas Painting,"[""Home Decor & Festive Needs >> Wall Decor & Clocks >> Paintings >> GAGA Paintings >> GAGA Canvas Painting (12 inch x 15 inch)""]",GAGA,3040,"Key Features of GAGA Canvas Painting Theme: Hand Painting Frame Included,Specifications of GAGA Canvas Painting (12 inch x 15 inch) General Brand GAGA Model Number AM543359 Frame Included Yes Painting Type Canvas Painting Theme Hand Painting Dimensions Weight 1.5 kg Height 12 inch Width 15 inch In the Box Pack of 1"
GAGA Canvas Painting,"[""Home Decor & Festive Needs >> Wall Decor & Clocks >> Paintings >> GAGA Paintings >> GAGA Canvas Painting (16 inch x 20 inch)""]",GAGA,25510,Specifications of GAGA Canvas Painting (16 inch x 20 inch) General Brand GAGA Model Number AM543598 Frame Included Yes Painting Type Canvas Painting Theme Hand Painting Dimensions Weight 2 kg Height 16 inch Width 20 inch In the Box Pack of 1
GAGA Canvas Painting,"[""Home Decor & Festive Needs >> Wall Decor & Clocks >> Paintings >> GAGA Paintings >> GAGA Canvas Painting (6 inch x 8 inch)""]",GAGA,5780,"Key Features of GAGA Canvas Painting Theme: Hand Painting Frame Included,Specifications of GAGA Canvas Painting (6 inch x 8 inch) General Brand GAGA Model Number AM543254 Frame Included Yes Painting Type Canvas Painting Theme Hand Painting Dimensions Weight 0.5 kg Height 6 inch Width 8 inch In the Box Pack of 1"
GAGA Canvas Painting,"[""Home Decor & Festive Needs >> Wall Decor & Clocks >> Paintings >> GAGA Paintings >> GAGA Canvas Painting (24 inch x 30 inch)""]",GAGA,25510,"Key Features of GAGA Canvas Painting Theme: Hand Painting Frame Included,Specifications of GAGA Canvas Painting (24 inch x 30 inch) General Brand GAGA Model Number AM543496 Frame Included Yes Painting Type Canvas Painting Theme Hand Painting Dimensions Weight 3 kg Height 24 inch Width 30 inch In the Box Pack of 1"
GAGA Canvas Painting,"[""Home Decor & Festive Needs >> Wall Decor & Clocks >> Paintings >> GAGA Paintings >> GAGA Canvas Painting (18 inch x 24 inch)""]",GAGA,4220,"Key Features of GAGA Canvas Painting Theme: Hand Painting Frame Included,Specifications of GAGA Canvas Painting (18 inch x 24 inch) General Brand GAGA Model Number AM543621 Frame Included Yes Painting Type Canvas Painting Theme Hand Painting Dimensions Weight 2.5 kg Height 18 inch Width 24 inch In the Box Pack of 1"
GAGA Canvas Painting,"[""Home Decor & Festive Needs >> Wall Decor & Clocks >> Paintings >> GAGA Paintings >> GAGA Canvas Painting (8 inch x 10 inch)""]",GAGA,8720,"Key Features of GAGA Canvas Painting Theme: Hand Painting Frame Included,Specifications of GAGA Canvas Painting (8 inch x 10 inch) General Brand GAGA Model Number AM543608 Frame Included Yes Painting Type Canvas Painting Theme Hand Painting Dimensions Weight 0.75 kg Height 8 inch Width 10 inch In the Box Pack of 1"
GAGA Canvas Painting,"[""Home Decor & Festive Needs >> Wall Decor & Clocks >> Paintings >> GAGA Paintings >> GAGA Canvas Painting (16 inch x 20 inch)""]",GAGA,19380,"Key Features of GAGA Canvas Painting Theme: Hand Painting Frame Included,Specifications of GAGA Canvas Painting (16 inch x 20 inch) General Brand GAGA Model Number AM543515 Frame Included Yes Painting Type Canvas Painting Theme Hand Painting Dimensions Weight 2 kg Height 16 inch Width 20 inch In the Box Pack of 1"
Giftwell Buddha Showpiece  -  28 cm,"[""Home Decor & Festive Needs >> Showpiece >> Gramophones >> Giftwell Gramophones >> Giftwell Buddha Showpiece  -  28 cm (Polyresin, ...""]",Giftwell,1525,"Key Features of Giftwell Buddha Showpiece  -  28 cm Polyresin Height - 28 cm Width - 17 cm,Giftwell Buddha Showpiece  -  28 cm (Polyresin, Multicolor) Price: Rs. 1,525 This showpiece honors the time when Buddha was repeatedly tempted by the demon, Mara, but resisted and finally reached enlightenment. You can place this statue in any sector inside or outside your home that you're being tempted to reject.,Specifications of Giftwell Buddha Showpiece  -  28 cm (Polyresin, Multicolor) General Brand Giftwell Model Number 10489 Type Religious Idols Material Polyresin Model Name Buddha Color Multicolor Dimensions Height 28 cm Width 17 cm Depth 13 cm Additional Features Water Resistant Yes Wall Mount No In the Box Sales Package 1 Buddha Showpiece Pack of 1"
"AUROSHIKHA Natural Myrrh Frankincense, Gum Benzoin, Gum Copal, Gum Damar & Siam Benzoin Incense Sticks","[""Home Decor & Festive Needs >> Religion & Devotion >> Incense Sticks & Holders >> Incense Sticks >> AUROSHIKHA Incense Sticks >> AUROSHIKHA Natural Myrrh Frankincense, Gum Benzo...""]",AUROSHIKHA,452,"Key Features of AUROSHIKHA Natural Myrrh Frankincense, Gum Benzoin, Gum Copal, Gum Damar & Siam Benzoin Incense Sticks Agarbatti pack,AUROSHIKHA Natural Myrrh Frankincense, Gum Benzoin, Gum Copal, Gum Damar & Siam Benzoin Incense Sticks (60 Sticks per Box) Price: Rs. 452 These incense sticks from the house of Auroshikha comes in brown colour. These are made of natural herbs and spices to offer pleasing and relaxing fragrance. Auroshikha brings to you incense sticks made of 100% natural and highly pure ingredients. These incense sticks are made from high quality Organic tree resin ground and rolled into traditional stick form. These sticks are thicker and longer than the usual thinner varieties and emit a very light inspiring fragrance which enhances relaxation during meditation. Their pure ingredients make the environment joyous. This is useful for concentration in spiritual practice and awakening of spiritual emotion. ABOUT AUROSHIKHA Manufacturers and Exporters of quality incense since 1973, Auroshikha is a part of the Sri Aurobindo Ashram situated in Pondicherry, India. Apart from incense sticks in a wide variety of fragrances, products include incense cones, natural essential oils, perfumed oils, scented candles and potpourri. All the products are in compliance with the guidelines of IFRA (International Fragrance Association, Geneva, Switzerland) Auroshikha is recognized in India and abroad for the quality of its products and services. Sold in exclusive boutiques and stores in India, Auroshikha is exported to more than 26 countries the world over. WHY SELECT AUROSHIKHA Excellent working conditions, no child labour, social security and pension benefits for all workers, employment to women, work provided at home and above all an excellent quality which remains unchanged year after year are some of the reasons behind the success of Auroshikha. Auroshikha offers 100% of its profits to Sri Aurobindo Ashram.,Specifications of AUROSHIKHA Natural Myrrh Frankincense, Gum Benzoin, Gum Copal, Gum Damar & Siam Benzoin Incense Sticks (60 Sticks per Box) General Brand AUROSHIKHA Model Number act Fragrance Natural Myrrh Frankincense, Gum Benzoin, Gum Copal, Gum Damar & Siam Benzoin Number of Sticks per Box 60 Burning Time 30 min Dimensions Length 23 inch Other Dimensions 1.5 cm x 3 cm x 23 cm Additional Features No toxic substances , 100% Natural , Organic , Safe, No child labour , burn in well ventilated room In the Box Set of 6"
Arghyam PAGDI GANESH Showpiece  -  14 cm,"[""Home Decor & Festive Needs >> Showpiece >> Gramophones >> Arghyam Gramophones >> Arghyam PAGDI GANESH Showpiece  -  14 cm (Polyre...""]",Arghyam,839,"Key Features of Arghyam PAGDI GANESH Showpiece  -  14 cm Polyresin Height - 14 cm Width - 11 cm Weight - 420 g,Specifications of Arghyam PAGDI GANESH Showpiece  -  14 cm (Polyresin, Multicolor) General Brand Arghyam Model Number 42001201 Type Religious Idols Material Polyresin Color Multicolor Model Name PAGDI GANESH Dimensions Weight 420 g Height 14 cm Width 11 cm Depth 6 cm In the Box Sales Package 1 PAGDI GANESH Pack of 1"
ROYLE KATOCH Showpiece  -  24 cm,"[""Home Decor & Festive Needs >> Showpiece >> Gramophones >> ROYLE KATOCH Gramophones >> ROYLE KATOCH Showpiece  -  24 cm (Crystal, Woode...""]",ROYLE KATOCH,699,"Key Features of ROYLE KATOCH Showpiece  -  24 cm 2 INTEGRATED BIRD ARE SEAT AT BRANCH Made of 300 Beads At workstation, it leads to a successful professional life and Financial wealth will eventually follow. This Crystal Tree made from wood and gems. It works wonders on amnesia patients by helping them sleep peacefully and shoo away bad dreams and nightmares. It can be placed in student's room or bedside in bedroom. Product colour may slightly vary due to photographic lighting sources or your monitor settings.,ROYLE KATOCH Showpiece  -  24 cm (Crystal, Wooden, Multicolor) Price: Rs. 699 crystals are a tool and can be like a storage battery for thought energy. “Clearing” has to do with the energy of the stone or crystal. Chakra crystals can be “programmed” with our thought energy and then act on our subtle chakra energy fields. They also to help to create situations in our lives that will lead us in directions that allow positive growth and healing. The information provided is based on individual experience and should not be treated as medical advice. Inadvertent use of it will not be our responsibility.,Specifications of ROYLE KATOCH Showpiece  -  24 cm (Crystal, Wooden, Multicolor) General Brand ROYLE KATOCH Model Number NK-00-1 Type Fengshui Shade Multicolor Material Crystal, Wooden Color Multicolor Dimensions Weight 300 g Height 24 cm Width 7.5 cm Depth 7.5 cm Additional Features Wall Mount No In the Box Sales Package 1 Tree Showpiece Pack of 1"
Jaycoknit Mediterranean Sea's Lucky Wooden Handcrafted Ship Part II Showpiece  -  17 cm,"[""Home Decor & Festive Needs >> Religion & Devotion >> Jaycoknit Religion & Devotion >> Jaycoknit Mediterranean Sea's Lucky Wooden Handc...""]",Jaycoknit,399,"Key Features of Jaycoknit Mediterranean Sea's Lucky Wooden Handcrafted Ship Part II Showpiece  -  17 cm Wooden Height - 17 cm Width - 3 cm,Jaycoknit Mediterranean Sea's Lucky Wooden Handcrafted Ship Part II Showpiece  -  17 cm (Wooden, Multicolor) Price: Rs. 399 FABULOUS LUCKY SHIP FOR HOME. Fashion and vivid design. Perfect gift and souvenir. It can be placed in your hall,bedroom,study room,etc. It is purely hand made with wood by the skilled craftsmen. The model is not a kit and comes fully assembled. Specification: Material: Pine Process: Hand Category: Mediterranean Production process: Grinding Surface Technology: Painted Decoration pattern: Mediterranean Pendulum hanging in the form: decorations Applicable scene: Home Production Method: semi-manual,Specifications of Jaycoknit Mediterranean Sea's Lucky Wooden Handcrafted Ship Part II Showpiece  -  17 cm (Wooden, Multicolor) General Brand Jaycoknit Model Number GFSSP09 Type Antique Model Name Mediterranean Sea's Lucky Wooden Handcrafted Ship Part II Material Wooden Color Multicolor Dimensions Height 17 cm Width 3 cm Depth 17 cm In the Box Sales Package 1 Showpiece figurine Pack of 1"
Cratly 5I Vase Filler,"[""Home Decor & Festive Needs >> Flowers, Plants & Vases >> Vase Fillers >> Cratly Vase Fillers >> Cratly 5I Vase Filler (Flower vase)""]",Cratly,399,"Key Features of Cratly 5I Vase Filler Made of Pure glass Made by UP Agra artist Made by hand only No joints,Cratly 5I Vase Filler (Flower vase) Price: Rs. 399 Made of Pure glass:: Made by UP Agra artist :: Made by hand only :: No joints,Specifications of Cratly 5I Vase Filler (Flower vase) General Brand Cratly Quantity 1 Model Number 5I Type Flower vase Material Glass Color Multicolor Additional Features Other Features Made of Glass Other Dimensions Height : 6 Inch In the Box 1 flower vase"
Cratly 7I Vase Filler,"[""Home Decor & Festive Needs >> Flowers, Plants & Vases >> Vase Fillers >> Cratly Vase Fillers >> Cratly 7I Vase Filler (Flower vase)""]",Cratly,399,"Key Features of Cratly 7I Vase Filler Made of Pure glass Made by UP Agra artist Made by hand only No joints,Cratly 7I Vase Filler (Flower vase) Price: Rs. 399 Made of Pure glass:: Made by UP Agra artist :: Made by hand only :: No joints"
SV Creations Shoulder Bag,"[""Bags, Wallets & Belts >> Bags >> Hand Bags >> SV Creations Hand Bags >> SV Creations Shoulder Bag (Brown)""]",SV Creations,449,Specifications of SV Creations Shoulder Bag (Brown) General Closure Zip Type Shoulder Bag Material PU Style Code SVC003 Occasion Festive Ideal For Women Color Code Brown
Meow Wings Hand-held Bag,"[""Bags, Wallets & Belts >> Bags >> Hand Bags >> Meow Wings Hand Bags >> Meow Wings Hand-held Bag (Brown-01)""]",Meow Wings,999,"Specifications of Meow Wings Hand-held Bag (Brown-01) General Closure Zip Type Hand-held Bag Material PU Style Code MWSTARSMALLMAROON1 Ideal For Girls, Women Occasion Formal, Evening/Party, Casual Color Code Brown-01"
Butterflies Hand-held Bag,"[""Bags, Wallets & Belts >> Bags >> Hand Bags >> Butterflies Hand Bags >> Butterflies Hand-held Bag (Mustard)""]",Butterflies,1399,Specifications of Butterflies Hand-held Bag (Mustard) General Closure Zip Type Hand-held Bag Material PU Style Code BNS 0586 Occasion Casual Bag Size M Ideal For Women Color Code Mustard Body Features Number of Pockets 2 Number of Compartments 3 In the Box Handbag
SV Creations Shoulder Bag,"[""Bags, Wallets & Belts >> Bags >> Hand Bags >> SV Creations Hand Bags >> SV Creations Shoulder Bag (Multicolor)""]",SV Creations,1190,Specifications of SV Creations Shoulder Bag (Multicolor) General Closure Zip Type Shoulder Bag Material PU Style Code SVC005 Occasion Festive Ideal For Women Color Code Multicolor
SV Creations Shoulder Bag,"[""Bags, Wallets & Belts >> Bags >> Hand Bags >> SV Creations Hand Bags >> SV Creations Shoulder Bag (Multicolor)""]",SV Creations,1199,Specifications of SV Creations Shoulder Bag (Multicolor) General Closure Zip Type Shoulder Bag Material PU Style Code SVC007 Occasion Festive Ideal For Women Color Code Multicolor
Aamore Decor Tribal Man Showpiece  -  25 cm,"[""Home Decor & Festive Needs >> Showpieces >> Aamore Decor Showpieces""]",Aamore Decor,2999,"Aamore Decor Tribal Man Showpiece  -  25 cm (Brass, Brown)
                         Price: Rs. 2,999
				
			Add beauty to your living space with this beautifully tribal man . This beautiful piece of art has been artfully crafted from pure brass metal and has been hand painted well. This artistic man looks beautiful whether you place it in your drawing room or bedroom.
Add beauty to your living space with this beautifully tribal man . This beautiful piece of art has been artfully crafted from pure brass metal and has been hand painted well. This artistic man looks beautiful whether you place it in your drawing room or bedroom."
Aakrati Brass Sculpture Metal Handicrafts Gift Showpiece  -  17.78 cm,"[""Home Decor & Festive Needs >> Table Decor & Handicrafts >> Showpieces >> Human Figurines >> Aakrati Human Figurines""]",Aakrati,2599,Buy Aakrati Brass Sculpture Metal Handicrafts Gift Showpiece  -  17.78 cm for Rs.2599 online. Aakrati Brass Sculpture Metal Handicrafts Gift Showpiece  -  17.78 cm at best prices with FREE shipping & cash on delivery. Only Genuine Products. 30 Day Replacement Guarantee.
Agnihotra Creations Hanger Showpiece  -  37.5 cm,"[""Home Decor & Festive Needs >> Table Decor & Handicrafts >> Showpieces >> Human Figurines >> Agnihotra Creations Human Figurines""]",Agnihotra Creations,800,Buy Agnihotra Creations Hanger Showpiece  -  37.5 cm for Rs.800 online. Agnihotra Creations Hanger Showpiece  -  37.5 cm at best prices with FREE shipping & cash on delivery. Only Genuine Products. 30 Day Replacement Guarantee.
Serebroarts Iron Decorative Platter,"[""Home Decor & Festive Needs >> Table Decor & Handicrafts >> Decorative Platters >> Serebroarts Decorative Platters""]",Serebroarts,899,"Serebroarts Iron Decorative Platter (Gold, Silver, Red, Orange, Pink, Blue)
                         Price: Rs. 899
				
			Serebroarts ring ceremony , wedding and engagement
Serebroarts ring ceremony , wedding and engagement"
Art Godaam Colored figure Showpiece  -  50 cm,"[""Home Decor & Festive Needs >> Table Decor & Handicrafts >> Showpieces >> Human Figurines >> Art Godaam Human Figurines""]",Art Godaam,1790,Buy Art Godaam Colored figure Showpiece  -  50 cm for Rs.1790 online. Art Godaam Colored figure Showpiece  -  50 cm at best prices with FREE shipping & cash on delivery. Only Genuine Products. 30 Day Replacement Guarantee.
Navisha Polypropylene Decorative Platter,"[""Home Decor & Festive Needs >> Table Decor & Handicrafts >> Decorative Platters >> Navisha Decorative Platters""]",Navisha,599,Buy Navisha Polypropylene Decorative Platter for Rs.599 online. Navisha Polypropylene Decorative Platter at best prices with FREE shipping & cash on delivery. Only Genuine Products. 30 Day Replacement Guarantee.
Fourwalls Showpiece  -  34 cm,"[""Home Decor & Festive Needs >> Table Decor & Handicrafts >> Showpieces >> Human Figurines >> Fourwalls Human Figurines""]",Fourwalls,3199,Buy Fourwalls Showpiece  -  34 cm for Rs.3199 online. Fourwalls Showpiece  -  34 cm at best prices with FREE shipping & cash on delivery. Only Genuine Products. 30 Day Replacement Guarantee.
Karukraft Dokra Tribal Woman Showpiece  -  16 cm,"[""Home Decor & Festive Needs >> Table Decor & Handicrafts >> Showpieces >> Human Figurines >> Karukraft Human Figurines""]",Karukraft,450,"Karukraft Dokra Tribal Woman Showpiece  -  16 cm (Brass, Gold)
                         Price: Rs. 450
				
			Dokra is non–ferrous metal casting using the lost-wax casting technique. This sort of metal casting has been used in India for over 4,000 years and is still used. One of the earliest known lost wax artefacts is the dancing girl of Mohenjo-daro. Dokra horses, elephants, peacocks, owls, religious images, measuring bowls, and lamp caskets etc., are highly appreciated.
Dokra Damar tribes are the traditional metalsmiths of West Bengal. Their technique of lost wax casting is named after their tribe, hence Dokra metal casting. The tribe extends from Jharkhand to West Bengal and Orissa; members are distant cousins of the Chhattisgarh Dhokras. A few hundred years ago the Dhokras of Central and Eastern India traveled south as far as Kerla and north as far as Rajasthan and hence are now found all over India.
Dokra is non–ferrous metal casting using the lost-wax casting technique. This sort of metal casting has been used in India for over 4,000 years and is still used. One of the earliest known lost wax artefacts is the dancing girl of Mohenjo-daro. Dokra horses, elephants, peacocks, owls, religious images, measuring bowls, and lamp caskets etc., are highly appreciated.
Dokra Damar tribes are the traditional metalsmiths of West Bengal. Their technique of lost wax casting is named after their tribe, hence Dokra metal casting. The tribe extends from Jharkhand to West Bengal and Orissa; members are distant cousins of the Chhattisgarh Dhokras. A few hundred years ago the Dhokras of Central and Eastern India traveled south as far as Kerla and north as far as Rajasthan and hence are now found all over India."
Swayambhu Showpiece  -  30.5 cm,"[""Home Decor & Festive Needs >> Showpieces >> Swayambhu Showpieces""]",Swayambhu,3000,Buy Swayambhu Showpiece  -  30.5 cm for Rs.3000 online. Swayambhu Showpiece  -  30.5 cm at best prices with FREE shipping & cash on delivery. Only Genuine Products. 30 Day Replacement Guarantee.
Gift Island Asset Showpiece  -  30 cm,"[""Home Decor & Festive Needs >> Showpieces >> Gift Island Showpieces""]",Gift Island,3599,"Gift Island Asset Showpiece  -  30 cm (Polyresin, White)
                         Price: Rs. 3,599
				
			Are you moving into a new house? Are you confused about what to gift your friend for her wedding? Then, you're at the right place! Pick anything from this exclusive range definitely every piece is a limited addition piece and will be prasied by everybody.
Are you moving into a new house? Are you confused about what to gift your friend for her wedding? Then, you're at the right place! Pick anything from this exclusive range definitely every piece is a limited addition piece and will be prasied by everybody."
Green House Rajasthani-Female Showpiece  -  23 cm,"[""Home Decor & Festive Needs >> Religion & Devotion >> Green House Religion & Devotion""]",Green House,1130,Buy Green House Rajasthani-Female Showpiece  -  23 cm for Rs.1130 online. Green House Rajasthani-Female Showpiece  -  23 cm at best prices with FREE shipping & cash on delivery. Only Genuine Products. 30 Day Replacement Guarantee.
Furncoms Doll Showpiece  -  24 cm,"[""Home Decor & Festive Needs >> Table Decor & Handicrafts >> Showpieces >> Human Figurines >> Furncoms Human Figurines""]",Furncoms,1680,"Furncoms Doll Showpiece  -  24 cm (Ceramic, Multicolor)
                         Price: Rs. 1,680
				
			If you are looking for a way to give your home or office space a refined, tasteful look, then this modish showpiece makes for an instant pick.
If you are looking for a way to give your home or office space a refined, tasteful look, then this modish showpiece makes for an instant pick."
Vedic Deals Couple Radium Statues Showpiece  -  28 cm,"[""Home Decor & Festive Needs >> Showpieces >> Vedic Deals Showpieces""]",Vedic Deals,499,Buy Vedic Deals Couple Radium Statues Showpiece  -  28 cm for Rs.499 online. Vedic Deals Couple Radium Statues Showpiece  -  28 cm at best prices with FREE shipping & cash on delivery. Only Genuine Products. 30 Day Replacement Guarantee.
Art Godaam Mask Showpiece  -  40 cm,"[""Home Decor & Festive Needs >> Table Decor & Handicrafts >> Showpieces >> Human Figurines >> Art Godaam Human Figurines""]",Art Godaam,1050,Buy Art Godaam Mask Showpiece  -  40 cm for Rs.1050 online. Art Godaam Mask Showpiece  -  40 cm at best prices with FREE shipping & cash on delivery. Only Genuine Products. 30 Day Replacement Guarantee.
Serebroarts Iron Decorative Platter,"[""Home Decor & Festive Needs >> Table Decor & Handicrafts >> Decorative Platters >> Serebroarts Decorative Platters""]",Serebroarts,1049,"Serebroarts Iron Decorative Platter (Gold, Silver, Green, Blue)
                         Price: Rs. 1,049
				
			Serebroarts Ring Ceremony , Wedding And Engagement Decorative Platter
Serebroarts Ring Ceremony , Wedding And Engagement Decorative Platter"
Chrome Showpiece  -  20 cm,"[""Home Decor & Festive Needs >> Showpieces >> Chrome Showpieces""]",Chrome,630,Buy Chrome Showpiece  -  20 cm for Rs.630 online. Chrome Showpiece  -  20 cm at best prices with FREE shipping & cash on delivery. Only Genuine Products. 30 Day Replacement Guarantee.
Hand Art Terracotta Mask Showpiece  -  28 cm,"[""Home Decor & Festive Needs >> Table Decor & Handicrafts >> Showpieces >> Human Figurines >> Hand Art Human Figurines""]",Hand Art,649,"Hand Art Terracotta Mask Showpiece  -  28 cm (Terracotta, Multicolor)
                         Price: Rs. 649
				
			Panchmura of Bankura, West Bengal is home to 350 crafts persons who are involved in making Terracotta Masks & Horse inexorably linked to their habitant culture. Bold demonic look & pretty look is the characteristic feature of the masks. The special Terracotta clay collected from different parts of the surrounding villages of West Bengal & shape the beautiful masks with the beautiful artistic hand work of the village artisans & then burn in the furnace & then finally colour it. The product is purely handmade & no inorganic chemicals used for colouring. The products are washable with water soaking cloths.
Panchmura of Bankura, West Bengal is home to 350 crafts persons who are involved in making Terracotta Masks & Horse inexorably linked to their habitant culture. Bold demonic look & pretty look is the characteristic feature of the masks. The special Terracotta clay collected from different parts of the surrounding villages of West Bengal & shape the beautiful masks with the beautiful artistic hand work of the village artisans & then burn in the furnace & then finally colour it. The product is purely handmade & no inorganic chemicals used for colouring. The products are washable with water soaking cloths."
Kaatru Surya Bhagavan Showpiece  -  23.5 cm,"[""Home Decor & Festive Needs >> Table Decor & Handicrafts >> Showpieces >> Human Figurines >> Kaatru Human Figurines""]",Kaatru,399,Buy Kaatru Surya Bhagavan Showpiece  -  23.5 cm for Rs.399 online. Kaatru Surya Bhagavan Showpiece  -  23.5 cm at best prices with FREE shipping & cash on delivery. Only Genuine Products. 30 Day Replacement Guarantee.
Iron Crafts Creative Showpiece  -  21 cm,"[""Home Decor & Festive Needs >> Table Decor & Handicrafts >> Showpieces >> Human Figurines >> Iron Crafts Human Figurines""]",Iron Crafts,449,Buy Iron Crafts Creative Showpiece  -  21 cm for Rs.449 online. Iron Crafts Creative Showpiece  -  21 cm at best prices with FREE shipping & cash on delivery. Only Genuine Products. 30 Day Replacement Guarantee.
Sifty Collection Acrylic Painting,"[""Home Decor & Festive Needs >> Wall Decor & Clocks >> Paintings >> Sifty Collection Paintings >> Sifty Collection Acrylic Painting (14 inch x 20 ...""]",Sifty Collection,799,"Key Features of Sifty Collection Acrylic Painting Theme: Landscape Frame Included,Specifications of Sifty Collection Acrylic Painting (14 inch x 20 inch) General Brand Sifty Collection Model Number s155 Frame Included Yes Painting Type Acrylic Wall Mount Yes Painting Theme Landscape Frame Color Black Dimensions Weight 0.3 kg Height 14 inch Width 20 inch In the Box Pack of 1"
Trends On Wall Panihari Acrylic Painting,"[""Home Decor & Festive Needs >> Wall Decor & Clocks >> Paintings >> Trends On Wall Paintings >> Trends On Wall Panihari Acrylic Painting (8 inch...""]",Trends On Wall,224,"Key Features of Trends On Wall Panihari Acrylic Painting Gloss Effect Wood Finish Frame Synthetic Material Frame,Trends On Wall Panihari Acrylic Painting (8 inch x 8 inch) Price: Rs. 299 A Wonderful Collection Of Framed Posters From Trends On Wall To Decorate Your Home Like Never Before.,Specifications of Trends On Wall Panihari Acrylic Painting (8 inch x 8 inch) General Brand Trends On Wall Shape Square Model Number NPTS2 Frame Included Yes Painting Type Acrylic Model Name Panihari Painting Theme Modern Art Wall Mount Yes Frame Color Brown Dimensions Weight 0.2 kg Height 8 inch Width 8 inch In the Box Sales Package 1 Wall Painting Pack of 1"
Skycandle.in Multicolor Paper Lantern,"[""Home Decor & Festive Needs >> Decorative Lighting & Lamps >> Lanterns >> Skycandle.in Lanterns >> Skycandle.in Multicolor Paper Lantern (85 cm X 3...""]",Skycandle.in,220,"Key Features of Skycandle.in Multicolor Paper Lantern Paper Light Source - Candle,Specifications of Skycandle.in Multicolor Paper Lantern (85 cm X 35 cm, Pack of 5) General Brand Skycandle.in Model Number Multicolour Skylantern-3 Type Lantern Color Multicolor Body and Design Features Light Source Candle Material Paper In the box Pack of 5 Dimensions Height 85 cm Width 35 cm"
DECOREX 18W LED Surface Light (Light Colour : Cool White) Night Lamp,"[""Home Decor & Festive Needs >> Decorative Lighting & Lamps >> Night Lamps >> DECOREX Night Lamps >> DECOREX 18W LED Surface Light (Light Colour : Co...""]",DECOREX,700,"Key Features of DECOREX 18W LED Surface Light (Light Colour : Cool White) Night Lamp White,Specifications of DECOREX 18W LED Surface Light (Light Colour : Cool White) Night Lamp (21.5 cm, White) In The Box Number of Contents in Sales Package Pack of 1 Sales Package 1 Surface Light General Model Number Decorex73 Light Color Cool White Type Standard Assembly Required No Model Name 18W LED Surface Light (Light Colour : Cool White) Color White Dimensions Height 21.5 cm Width 21.5 cm"
DECOREX 18W LED Surface Light (Light Colour : Cool White) Night Lamp,"[""Home Decor & Festive Needs >> Decorative Lighting & Lamps >> Night Lamps >> DECOREX Night Lamps >> DECOREX 18W LED Surface Light (Light Colour : Co...""]",DECOREX,700,"Key Features of DECOREX 18W LED Surface Light (Light Colour : Cool White) Night Lamp White,Specifications of DECOREX 18W LED Surface Light (Light Colour : Cool White) Night Lamp (22 cm, White) In The Box Number of Contents in Sales Package Pack of 1 Sales Package 1 Surface Light General Model Number Decorex76 Light Color Cool White Type Standard Assembly Required No Model Name 18W LED Surface Light (Light Colour : Cool White) Color White Dimensions Height 22 cm Width 22 cm"
DECOREX 12W LED Panel Light (Light Colour : Cool White) Night Lamp,"[""Home Decor & Festive Needs >> Decorative Lighting & Lamps >> Night Lamps >> DECOREX Night Lamps >> DECOREX 12W LED Panel Light (Light Colour : Cool...""]",DECOREX,500,"Key Features of DECOREX 12W LED Panel Light (Light Colour : Cool White) Night Lamp White,Specifications of DECOREX 12W LED Panel Light (Light Colour : Cool White) Night Lamp (16.5 cm, White) In The Box Number of Contents in Sales Package Pack of 1 Sales Package 1 Panel Light General Model Number Decorex52 Light Color Cool White Type Standard Assembly Required No Model Name 12W LED Panel Light (Light Colour : Cool White) Color White Dimensions Height 16.5 cm Width 16.5 cm"
DECOREX 18W LED Down Light (Light Colour : Neutral White) Night Lamp,"[""Home Decor & Festive Needs >> Decorative Lighting & Lamps >> Night Lamps >> DECOREX Night Lamps >> DECOREX 18W LED Down Light (Light Colour : Neutr...""]",DECOREX,650,"Key Features of DECOREX 18W LED Down Light (Light Colour : Neutral White) Night Lamp White,Specifications of DECOREX 18W LED Down Light (Light Colour : Neutral White) Night Lamp (18 cm, White) In The Box Number of Contents in Sales Package Pack of 1 Sales Package 1 Down Light General Model Number Decorex41 Light Color Neutral White Type Standard Assembly Required No Model Name 18W LED Down Light (Light Colour : Neutral White) Color White Dimensions Height 18 cm Width 18 cm"
DECOREX 18W LED Surface Light (Warm White : Warm White) Night Lamp,"[""Home Decor & Festive Needs >> Decorative Lighting & Lamps >> Night Lamps >> DECOREX Night Lamps >> DECOREX 18W LED Surface Light (Warm White : Warm...""]",DECOREX,700,"Key Features of DECOREX 18W LED Surface Light (Warm White : Warm White) Night Lamp White,Specifications of DECOREX 18W LED Surface Light (Warm White : Warm White) Night Lamp (21.5 cm, White) In The Box Number of Contents in Sales Package Pack of 1 Sales Package 1 Surface Light General Model Number Decorex75 Light Color Warm White Type Standard Assembly Required No Model Name 18W LED Surface Light (Warm White : Warm White) Color White Dimensions Height 21.5 cm Width 21.5 cm"
Thoughtroad Small PAPER Sticker,"[""Home Decor & Festive Needs >> Wall Decor & Clocks >> Wall Decals & Stickers >> Thoughtroad Wall Decals & Stickers >> Thoughtroad Small PAPER Sticker (Pack of 1)""]",Thoughtroad,325,Specifications of Thoughtroad Small PAPER Sticker (Pack of 1) In The Box Number of Contents in Sales Package Pack of 1 General Brand Thoughtroad Type PAPER Size in Number 12 inch Size Small
DECOREX 6W LED Down Light (Light Colour : Neutral White) Night Lamp,"[""Home Decor & Festive Needs >> Decorative Lighting & Lamps >> Night Lamps >> DECOREX Night Lamps >> DECOREX 6W LED Down Light (Light Colour : Neutra...""]",DECOREX,450,"Key Features of DECOREX 6W LED Down Light (Light Colour : Neutral White) Night Lamp White,Specifications of DECOREX 6W LED Down Light (Light Colour : Neutral White) Night Lamp (11 cm, White) In The Box Number of Contents in Sales Package Pack of 1 Sales Package 1 Down Light General Model Number Decorex26 Light Color Neutral White Type Standard Assembly Required No Model Name 6W LED Down Light (Light Colour : Neutral White) Color White Dimensions Height 11 cm Width 11 cm"
Home Delight Colour Changing Automatic Sensor Mushroom Night Lamp,"[""Home Decor & Festive Needs >> Decorative Lighting & Lamps >> Night Lamps >> Home Delight Night Lamps >> Home Delight Colour Changing Automatic Sensor Mu...""]",Home Delight,275,"Key Features of Home Delight Colour Changing Automatic Sensor Mushroom Night Lamp Red 3 LED Bulb,Home Delight Colour Changing Automatic Sensor Mushroom Night Lamp (17 cm, Red) Price: Rs. 275 Automatic Colour Changing Night Lamp: The lamp will not light-up in daytime. The lamp will Light-up when it is dark in the room. It is really energy conservation. The light bulbs will auto adjusts brightness by ambient light brightness around it. Safe and durable,Energy saving design. Lightweight and portable. Cute and adorable mushroom night light. Emits tender and soft LED light at night or in the dark place. Ideal for use in the dark environment at the corridor, bathroom, bedroom, etc.,Specifications of Home Delight Colour Changing Automatic Sensor Mushroom Night Lamp (17 cm, Red) In The Box Sales Package 1 Night Lamp General Model Number 1 Bulb Type 3 LED Light Color Red Type Night Lamp Model Name Colour Changing Automatic Sensor Mushroom Color Red Dimensions Height 17 cm Width 10 cm"
DECOREX 18W LED Panel Light (Light Colour : Neutral White) Night Lamp,"[""Home Decor & Festive Needs >> Decorative Lighting & Lamps >> Night Lamps >> DECOREX Night Lamps >> DECOREX 18W LED Panel Light (Light Colour : Neut...""]",DECOREX,600,"Key Features of DECOREX 18W LED Panel Light (Light Colour : Neutral White) Night Lamp White,Specifications of DECOREX 18W LED Panel Light (Light Colour : Neutral White) Night Lamp (22.5 cm, White) In The Box Number of Contents in Sales Package Pack of 1 Sales Package 1 Panel Light General Model Number Decorex56 Light Color Neutral White Type Standard Assembly Required No Model Name 18W LED Panel Light (Light Colour : Neutral White) Color White Dimensions Height 22.5 cm Width 22.5 cm"
DECOREX 6W LED Panel Light (Light Colour : Neutral White) Night Lamp,"[""Home Decor & Festive Needs >> Decorative Lighting & Lamps >> Night Lamps >> DECOREX Night Lamps >> DECOREX 6W LED Panel Light (Light Colour : Neutr...""]",DECOREX,400,"Key Features of DECOREX 6W LED Panel Light (Light Colour : Neutral White) Night Lamp White,Specifications of DECOREX 6W LED Panel Light (Light Colour : Neutral White) Night Lamp (12 cm, White) In The Box Number of Contents in Sales Package Pack of 1 Sales Package 1 Panel Light General Model Number Decorex47 Light Color Neutral White Type Standard Assembly Required No Model Name 6W LED Panel Light (Light Colour : Neutral White) Color White Dimensions Height 12 cm Width 12 cm"
Thoughtroad Small PAPER Sticker,"[""Home Decor & Festive Needs >> Wall Decor & Clocks >> Wall Decals & Stickers >> Thoughtroad Wall Decals & Stickers >> Thoughtroad Small PAPER Sticker (Pack of 1)""]",Thoughtroad,325,Specifications of Thoughtroad Small PAPER Sticker (Pack of 1) In The Box Number of Contents in Sales Package Pack of 1 General Brand Thoughtroad Type PAPER Size in Number 12 inch Size Small
DECOREX 12W LED Down Light (Light Colour : Neutral White) Night Lamp,"[""Home Decor & Festive Needs >> Decorative Lighting & Lamps >> Night Lamps >> DECOREX Night Lamps >> DECOREX 12W LED Down Light (Light Colour : Neutr...""]",DECOREX,550,"Key Features of DECOREX 12W LED Down Light (Light Colour : Neutral White) Night Lamp White,Specifications of DECOREX 12W LED Down Light (Light Colour : Neutral White) Night Lamp (13 cm, White) In The Box Number of Contents in Sales Package Pack of 1 Sales Package 1 Down Light General Model Number Decorex35 Light Color Neutral White Type Standard Assembly Required No Model Name 12W LED Down Light (Light Colour : Neutral White) Color White Dimensions Height 13 cm Width 13 cm"
Thoughtroad Small PAPER Sticker,"[""Home Decor & Festive Needs >> Wall Decor & Clocks >> Wall Decals & Stickers >> Thoughtroad Wall Decals & Stickers >> Thoughtroad Small PAPER Sticker (Pack of 1)""]",Thoughtroad,325,Specifications of Thoughtroad Small PAPER Sticker (Pack of 1) In The Box Number of Contents in Sales Package Pack of 1 General Brand Thoughtroad Type PAPER Size in Number 12 inch Size Small
DECOREX 12W LED Down Light (Warm White : Warm White) Night Lamp,"[""Home Decor & Festive Needs >> Decorative Lighting & Lamps >> Night Lamps >> DECOREX Night Lamps >> DECOREX 12W LED Down Light (Warm White : Warm Wh...""]",DECOREX,550,"Key Features of DECOREX 12W LED Down Light (Warm White : Warm White) Night Lamp White,Specifications of DECOREX 12W LED Down Light (Warm White : Warm White) Night Lamp (17 cm, White) In The Box Number of Contents in Sales Package Pack of 1 Sales Package 1 Down Light General Model Number Decorex33 Light Color Warm White Type Standard Assembly Required No Model Name 12W LED Down Light (Warm White : Warm White) Color White Dimensions Height 17 cm Width 17 cm"
Anshuhandicrafts ASHCF125 Showpiece  -  13.97 cm,"[""Home Decor & Festive Needs >> Table Decor & Handicrafts >> Showpieces >> Religious Idols >> Anshuhandicrafts Religious Idols >> Anshuhandicrafts ASHCF125 Showpiece  -  13.97 cm...""]",Anshuhandicrafts,698,"Key Features of Anshuhandicrafts ASHCF125 Showpiece  -  13.97 cm Brass Height - 13.97 cm Width - 11.43 cm Weight - 530 g,Anshuhandicrafts ASHCF125 Showpiece  -  13.97 cm (Brass, Silver) Price: Rs. 698 This handcrafted antique idol of Lord Radha Krishna with cow is made of pure white metal. The idol is polished to give it alluring antique look. The gift piece has been prepared by the creative artisans of Jaipur. Product Usage: It is an smart looking show piece for your drawing room; sure to be admired by your guests. It is also an ideal gift for your friends and relatives. Specifications Product Dimensions: LxBxH: 5.5x4.5x5.5 inches Item Type: Handicraft Color: Silver Material: White Metal Finish: Glossy Specialty: White Metal in antique look Disclaimer: The item being handmade; the fine design, pattern and color tone of the product may vary slightly from that shown in the image. However, there would not be any compromise in quality. Return Policy: No Questions asked 7 days Return/ Replacement, if you are not satisfied with the product. Brand: Anshu & Sons,Specifications of Anshuhandicrafts ASHCF125 Showpiece  -  13.97 cm (Brass, Silver) In the Box Sales Package 1 Idol Pack of 1 General Brand Anshuhandicrafts Model Number ASHCF125 Model Name ASHCF125 Shade Silver Material Brass Color Silver Type Religious Idols Additional Features Other Features Radha Krishna Dimensions Width 11.43 cm Height 13.97 cm Depth 13 cm Weight 530 g"
Sitare Goddess Durga 24ct Gold Plated Showpiece  -  5.5 cm,"[""Home Decor & Festive Needs >> Table Decor & Handicrafts >> Showpieces >> Religious Idols >> Sitare Religious Idols >> Sitare Goddess Durga 24ct Gold Plated Showpiece ...""]",Sitare,449,"Key Features of Sitare Goddess Durga 24ct Gold Plated Showpiece  -  5.5 cm Spiritually Energized Foil Size - 3.5cm,Sitare Goddess Durga 24ct Gold Plated Showpiece  -  5.5 cm (Silver Finish, Steel) Price: Rs. 599 âDivinitiâ is love and compassion, that lets you have GOD by your side. A brand name which is known for being pioneers in the gifting industry, with its 24 carat gold plated foil ( Swiss Technology ), an excellence of craftsmanship and quality commitment. Each product is accompanied with lifetime warranty of the gold plating of its foil. âDivinitiâ , a name synonymous with prestige, esteem and quality , is suited to celebrations ,whether it is any occasion, festival, religious ceremony, social / corporate usage / gifting.,Specifications of Sitare Goddess Durga 24ct Gold Plated Showpiece  -  5.5 cm (Silver Finish, Steel) General Brand Sitare Model Number CMCFR01 Type Religious Idols Material Silver Finish Model Name Goddess Durga 24ct Gold Plated Color Steel Dimensions Weight 45 g Height 5.5 cm Width 3.5 cm Depth 2.5 cm Additional Features Water Resistant No In the Box Sales Package 1 showpiece figurine Pack of 1"
"TimberTaste 12"" Chatri Ganesha Showpiece  -  30 cm","[""Home Decor & Festive Needs >> Table Decor & Handicrafts >> Showpieces >> Religious Idols >> TimberTaste Religious Idols >> TimberTaste 12\"" Chatri Ganesha Showpiece  -  30 ...""]",TimberTaste,3200,"Key Features of TimberTaste 12"" Chatri Ganesha Showpiece  -  30 cm Hand Carved Ganesha Idol 12 Inches Tall,TimberTaste 12"" Chatri Ganesha Showpiece  -  30 cm (Wooden, Brown) Price: Rs. 3,200 12 Inches 1.5 Kgs. Ganesh Idol with Chatri Decoration Wooden Showpiece Hindu God Ganesha Statue is the Lord of success and destroyer of evils and obstacles. He is also worshiped as the god of education, knowledge, wisdom and wealth. Ganesh Sculpture can certainly be used for good Fengshui. In fact, fengshui being the art of creating harmonious, healthy and prosperous environments, is open to using any symbols, images and ideas that work for the home owner. Lord Ganesha Statue is made of quality wooden and Handmade in India.,Specifications of TimberTaste 12"" Chatri Ganesha Showpiece  -  30 cm (Wooden, Brown) General Brand TimberTaste Model Number TT-01-GN-01 Type Religious Idols, Fengshui Shade Wooen Teak Color Material Wooden Model Name 12"" Chatri Ganesha Color Brown Warranty Covered in Warranty Any type Manufacturing defect Warranty Summary One Year Standard Manufacturer Warranty Warranty Service Type Full Replacement Dimensions Weight 1490 g Height 30 cm Width 15 cm Depth 15 cm Additional Features Water Resistant No Wall Mount No In the Box Sales Package 1 Piece of 12 inches Ganesh Idol Pack of 1"
SportsHouse Radium Lord Ganesha Showpiece  -  19 cm,"[""Home Decor & Festive Needs >> Table Decor & Handicrafts >> Showpieces >> Religious Idols >> SportsHouse Religious Idols >> SportsHouse Radium Lord Ganesha Showpiece  -  19...""]",SportsHouse,499,"Key Features of SportsHouse Radium Lord Ganesha Showpiece  -  19 cm Polyresin Height - 19 cm Width - 12 cm Weight - 270 g,SportsHouse Radium Lord Ganesha Showpiece  -  19 cm (Polyresin, Multicolor) Price: Rs. 499 just keep this ganesha figure in your home,office,factory and get the satisfactory result.Ganesh is most powerful god in between of all gods. according to Hindu & vastu all work starts by name of Ganesh ganesha is one of the most auspicious, important and powerful lord,,Specifications of SportsHouse Radium Lord Ganesha Showpiece  -  19 cm (Polyresin, Multicolor) In the Box Sales Package 1 show piece figurine Pack of 1 General Brand SportsHouse Model Number 2028 Model Name Radium Lord Ganesha Material Polyresin Color Multicolor Type Religious Idols Additional Features Other Features colour will send as per availability, colour of the product may differ from that of image, This is a product of radium glows at dark with radium glow Dimensions Width 12 cm Height 19 cm Depth 10 cm Weight 270 g Warranty Covered in Warranty warranty of the product is limited towards manufacturing defects only"
krishna art Showpiece  -  7.62 cm,"[""Home Decor & Festive Needs >> Table Decor & Handicrafts >> Showpieces >> Religious Idols >> krishna art Religious Idols >> krishna art Showpiece  -  7.62 cm (Stoneware, Mu...""]",krishna art,249,"Key Features of krishna art Showpiece  -  7.62 cm Stoneware Height - 7.62 cm Width - 7.62 cm,krishna art Showpiece  -  7.62 cm (Stoneware, Multicolor) Price: Rs. 249 sanskar art the unit of art and handicrafts is making these items on this we have done the minakari and stone work and these kind of products are washable and will never be faid forever..... we are using the high gloss which we do lackor on it which is washable..... workamnship of emboss work is also done on it and then after wards shading outline hasbeen done.... sanskar art A unit of art n handicrafts .,Specifications of krishna art Showpiece  -  7.62 cm (Stoneware, Multicolor) General Brand krishna art Model Number aa-002 Type Religious Idols Material Stoneware Color Multicolor Dimensions Height 7.62 cm Width 7.62 cm Depth 7.62 cm In the Box Sales Package 1 showpiece"
Anshuhandicrafts ASHCF133 Showpiece  -  6.35 cm,"[""Home Decor & Festive Needs >> Table Decor & Handicrafts >> Showpieces >> Religious Idols >> Anshuhandicrafts Religious Idols >> Anshuhandicrafts ASHCF133 Showpiece  -  6.35 cm ...""]",Anshuhandicrafts,499,"Key Features of Anshuhandicrafts ASHCF133 Showpiece  -  6.35 cm Brass Height - 6.35 cm Width - 6.35 cm Weight - 155 g,Anshuhandicrafts ASHCF133 Showpiece  -  6.35 cm (Brass, Yellow) Price: Rs. 499 This Handcrafted Rajasthani antique Canon set with the soldier in the ready to fire position and moving wheels is made up of pure Brass. The masterpiece is hand made by well versed artisans of Rajasthan. Product Usage: It is an ideal item for your home decoration. Specifications: Product Dimensions: LxBxH: 6.5x2.5x2.5 inches Item Type: Handicraft Color: Brass Material: Brass Finish: Glossy Specialty: Handmade Antique Canon Set Disclaimer: The item being handmade; the fine design, pattern and color tone of the product may vary slightly from that shown in the image. However, there would not be any compromise in quality. Return Policy: No Questions asked 7 days Return/ Replacement, if you are not satisfied with the product. Brand: Anshu & Sons,Specifications of Anshuhandicrafts ASHCF133 Showpiece  -  6.35 cm (Brass, Yellow) General Brand Anshuhandicrafts Model Number ASHCF133 Type Antique Shade Brass Material Brass Model Name ASHCF133 Color Yellow Dimensions Weight 155 g Height 6.35 cm Width 6.35 cm Depth 16 cm In the Box Sales Package 1 Canon set Pack of 1"
Balaji Art Lord Ganesha Pretty Pooja Idol - 14 cm Showpiece  -  14 cm,"[""Home Decor & Festive Needs >> Table Decor & Handicrafts >> Showpieces >> Religious Idols >> Balaji Art Religious Idols >> Balaji Art Lord Ganesha Pretty Pooja Idol - 14 c...""]",Balaji Art,539,"Key Features of Balaji Art Lord Ganesha Pretty Pooja Idol - 14 cm Showpiece  -  14 cm Material - Aluminium Height-14Cm Width-16Cm,Balaji Art Lord Ganesha Pretty Pooja Idol - 14 cm Showpiece  -  14 cm (Aluminium, Silver) Price: Rs. 539 This handcrafted antique idol of Lord ganesh on metal leaf shaped plate with dia is made of pure white metal. The idol is silver polished to give it alluring antique look. It is also an ideal gift for your friends and relatives. The gift piece has been prepared by the creative artisans of Jaipur.,Specifications of Balaji Art Lord Ganesha Pretty Pooja Idol - 14 cm Showpiece  -  14 cm (Aluminium, Silver) General Brand Balaji Art Model Number BAM-137 Type Religious Idols Model Name Lord Ganesha Pretty Pooja Idol - 14 cm Material Aluminium Color Silver Dimensions Height 14 cm Width 16 cm Depth 14 cm In the Box Sales Package 1 Ganesha Idol Pack of 1"
SportsHouse makhan chor krishna Radium Showpiece  -  23 cm,"[""Home Decor & Festive Needs >> Table Decor & Handicrafts >> Showpieces >> Religious Idols >> SportsHouse Religious Idols >> SportsHouse makhan chor krishna Radium Showpiece...""]",SportsHouse,570,"Key Features of SportsHouse makhan chor krishna Radium Showpiece  -  23 cm Polyresin Height - 23 cm Width - 15 cm Weight - 565 g,SportsHouse makhan chor krishna Radium Showpiece  -  23 cm (Polyresin, White) Price: Rs. 570 Bala-Krishna is often depicted in many forms. Here in this form he is sitting and eating makhan form the pot. This is Hand Carved Baby Krishna Resin Idol Sculpture Statue.,Specifications of SportsHouse makhan chor krishna Radium Showpiece  -  23 cm (Polyresin, White) In the Box Sales Package 1 show piece Pack of 1 General Brand SportsHouse Model Number 2043 Model Name makhan chor krishna Radium Material Polyresin Color White Type Religious Idols Additional Features Other Features colour will send as per availability, colour of the product may differ from that of image, This product is a Radium Product Glows at Dark With Radium Glow Dimensions Width 15 cm Height 23 cm Depth 11 cm Weight 565 g Warranty Covered in Warranty warranty of the product is limited towards manufacturing defects only"
SportsHouse Lord Krishna Makhan Chor Radium Showpiece  -  19 cm,"[""Home Decor & Festive Needs >> Table Decor & Handicrafts >> Showpieces >> Religious Idols >> SportsHouse Religious Idols >> SportsHouse Lord Krishna Makhan Chor Radium Show...""]",SportsHouse,799,"Key Features of SportsHouse Lord Krishna Makhan Chor Radium Showpiece  -  19 cm Polyresin Height - 19 cm Width - 28 cm Weight - 700 g,SportsHouse Lord Krishna Makhan Chor Radium Showpiece  -  19 cm (Polyresin, Multicolor) Price: Rs. 799 Makhan Chor Lord Krishna Is A Known To Be The Foremost Quality That Lord Krishna Stand's For Is His Simplicity. It Was His Weakness For Butter Which Earned Him The Nickname ""makhan Chor"".he Is Worshiped The World Over. a Beautiful Statue Of A Calm & Peace Makhan Chor Lord Krishna Full Sculpted In Resin the Statue Has A Mix Of Radium & Will Glow In The Dark , Durability, Smooth Finish, Aesthetic Design And Attractive Look.,Specifications of SportsHouse Lord Krishna Makhan Chor Radium Showpiece  -  19 cm (Polyresin, Multicolor) In the Box Sales Package 1 show piece figurine Pack of 1 General Brand SportsHouse Model Number 2017 Model Name Lord Krishna Makhan Chor Radium Material Polyresin Color Multicolor Type Religious Idols Additional Features Other Features colour will send as per availability, colour of the product may differ from that of image, This is a product of radium glows at dark with radium glow Dimensions Width 28 cm Height 19 cm Depth 13 cm Weight 700 g Warranty Covered in Warranty warranty of the product is limited towards manufacturing defects only"
CTW Ganpati Bapa Moriya Statue Showpiece  -  12 cm,"[""Home Decor & Festive Needs >> Table Decor & Handicrafts >> Showpieces >> Religious Idols >> CTW Religious Idols >> CTW Ganpati Bapa Moriya Statue Showpiece  -  12 ...""]",CTW,299,"Key Features of CTW Ganpati Bapa Moriya Statue Showpiece  -  12 cm Good to Gift For Home & Office inaugration ,Light weight ,Ganpati Bapa Statue.,Specifications of CTW Ganpati Bapa Moriya Statue Showpiece  -  12 cm (Polyresin, Orange) General Brand CTW Model Number Beautiful White & Green Mukut Ganpati statue Type Religious Idols Material Polyresin Model Name Ganpati Bapa Moriya Statue Color Orange Dimensions Weight 50 g Height 12 cm Width 5 cm Depth 10 cm Additional Features Water Resistant Yes Wall Mount No In the Box Sales Package 1 Sai Baba Pack of 1"
nogaiya Pendants Ceiling Lamp,"[""Home Decor & Festive Needs >> Decorative Lighting & Lamps >> Ceiling Lights >> nogaiya Ceiling Lights >> nogaiya Pendants Ceiling Lamp""]",nogaiya,1400,"Specifications of nogaiya Pendants Ceiling Lamp General Brand nogaiya Bulb Included No Model Number mg438a Type Pendants Assembly Required No Material Glass Light Used CFL, LED Number of Bulb 3 Color Pink Dimensions Cord Length 6 Weight 1.5 kg Length 26 cm Width 26 cm In the Box Sales Package 1 set of Ceiling Lamp"
ELITE STATUES Showpiece  -  20 cm,"[""Home Decor & Festive Needs >> Table Decor & Handicrafts >> Showpiece >> Religious Idols >> ELITE STATUES Religious Idols >> ELITE STATUES Showpiece  -  20 cm (Brass, Yellow)""]",ELITE STATUES,3499,"Key Features of ELITE STATUES Showpiece  -  20 cm Brass Height - 20 cm Width - 8 cm Weight - 1150 g,Specifications of ELITE STATUES Showpiece  -  20 cm (Brass, Yellow) General Brand ELITE STATUES Model Number MARIE2 Type Religious Idols Material Brass Color Yellow Dimensions Weight 1150 g Height 20 cm Width 8 cm Depth 7 cm In the Box Sales Package IDOL"
Smart Wall Guru Small Adhesive Sticker Sticker,"[""Home Decor & Festive Needs >> Wall Decor & Clocks >> Wall Decals & Stickers >> Smart Wall Guru Wall Decals & Stickers >> Smart Wall Guru Small Adhesive Sticker Sticker (...""]",Smart Wall Guru,159,"Key Features of Smart Wall Guru Small Adhesive Sticker Sticker Make For Smart Bedroom Study room Looking Awesome Living room Bath room Attractive Guest room Kitchen Easy to Install Easy to Remove Easy To Clean All Wall Decal are front Matte Finish, water resistant & packaged between two layers.,Smart Wall Guru Small Adhesive Sticker Sticker (Pack of 1) Price: Rs. 159 'Smart Wall Guru'' gives u a pure beautiful house with our decoration wall stickers,wall decals & all kind of designs for your home decoration.These stickers are made of self adhesive PVC vinyl and very easy to apply on plane surface. These are the great suppliment of wallpaper,wall color and another decoration method. Thnkss…,Specifications of Smart Wall Guru Small Adhesive Sticker Sticker (Pack of 1) In The Box Number of Contents in Sales Package Pack of 1 Sales Package 1 Sticker General Ideal Use Home, Child Bedroom, Bedroom Scratch-resistant Yes Brand Smart Wall Guru Laminated Yes Type Adhesive Sticker Size in Number 31.43 cm Number of Stickers 1 Material Self Adhesive PVC Vinyl Size Small Dimensions Height 31 cm Width 43 cm"
Smart Wall Guru Small Adhesive Sticker Sticker,"[""Home Decor & Festive Needs >> Wall Decor & Clocks >> Wall Decals & Stickers >> Smart Wall Guru Wall Decals & Stickers >> Smart Wall Guru Small Adhesive Sticker Sticker (...""]",Smart Wall Guru,159,"Key Features of Smart Wall Guru Small Adhesive Sticker Sticker Make For Smart Bedroom Study room Looking Awesome Living room Bath room Attractive Guest room Kitchen Easy to Install Easy to Remove Easy To Clean All Wall Decal are front Matte Finish, water resistant & packaged between two layers.,Smart Wall Guru Small Adhesive Sticker Sticker (Pack of 1) Price: Rs. 159 'Smart Wall Guru'' gives u a pure beautiful house with our decoration wall stickers,wall decals & all kind of designs for your home decoration.These stickers are made of self adhesive PVC vinyl and very easy to apply on plane surface. These are the great suppliment of wallpaper,wall color and another decoration method. Thnkss…,Specifications of Smart Wall Guru Small Adhesive Sticker Sticker (Pack of 1) In The Box Number of Contents in Sales Package Pack of 1 Sales Package 1 Sticker General Ideal Use Home, Child Bedroom, Bedroom Scratch-resistant Yes Brand Smart Wall Guru Laminated Yes Type Adhesive Sticker Size in Number 36.31 cm Number of Stickers 1 Material Self Adhesive PVC Vinyl Size Small Dimensions Height 36 cm Width 30 cm"
Collectible India Showpiece  -  19 cm,"[""Home Decor & Festive Needs >> Table Decor & Handicrafts >> Showpiece >> Religious Idols >> Collectible India Religious Idols >> Collectible India Showpiece  -  19 cm (Brass, Mu...""]",Collectible India,8819,"Key Features of Collectible India Showpiece  -  19 cm Brass Height - 19 cm Width - 14.4 cm Weight - 1900 g,Collectible India Showpiece  -  19 cm (Brass, Multicolor) Price: Rs. 8,819 Large Buddha Statue Brass Turquoise abhaya Mudra : This is the one of the most popular Buddha hand gestures called Abhaya Mudra, the energy of No Fear. This is a popular Buddha hand gesture that is found in many Home decor and best feng shui. A powerful feng shui decor addition to any home! Size : 8 Inches Height X 6 Inches wide X 4 Inches depth. Weight : 1.9 kg.Material : Brass, With Turquoise and other coral stone Handwork. Deepen your worship or add distinction to your decor with a genuine handmade Indian statue unlike anything you've seen before. Order the Handmade Indian Brass Idol today.,Specifications of Collectible India Showpiece  -  19 cm (Brass, Multicolor) General Brand Collectible India Model Number BTS190 Type Religious Idols Material Brass Color Multicolor Dimensions Weight 1900 g Height 19 cm Width 14.4 cm Depth 9.6 cm In the Box Sales Package 1 Showpiece Figurine"
Gautam Buddha Showpiece  -  14 cm,"[""Home Decor & Festive Needs >> Table Decor & Handicrafts >> Showpiece >> Religious Idols >> Gautam Buddha Religious Idols >> Gautam Buddha Showpiece  -  14 cm (Brass, Gold)""]",Gautam Buddha,2499,"Key Features of Gautam Buddha Showpiece  -  14 cm Brass Height - 14 cm Width - 11 cm,Gautam Buddha Showpiece  -  14 cm (Brass, Gold) Price: Rs. 2,499 This brass idol of Lord Buddha is simply for pooja and decorating your home, as its Is considered very auspisious for home if you placing it into correct direction, Artisans of Muradabad in north India have crafted this statue using age-old sand casting technique.,Specifications of Gautam Buddha Showpiece  -  14 cm (Brass, Gold) General Brand Gautam Buddha Model Number AMVFL12 Type Religious Idols Material Brass Color Gold Warranty Covered in Warranty NA Warranty Service Type NA Not Covered in Warranty NA Dimensions Height 14 cm Width 11 cm Depth 7 cm Additional Features Other Features NA Water Resistant Yes In the Box Sales Package 1Showpiece Figurine Pack of 1"
Laviva Exclusive Designer Set of 3 Fancy Rakhis with Thali Design Designer Rakhi,"[""Home Decor & Festive Needs >> Festive Decor >> Rakhi >> Laviva Rakhi >> Laviva Exclusive Designer Set of 3 Fancy Rakhis ...""]",Laviva,546,"Laviva Exclusive Designer Set of 3 Fancy Rakhis with Thali Design Designer Rakhi (Red, Yellow, 3 pcs Rakhi and Thali with Free Roli Tilak) Price: Rs. 546 This set is beautifully decorated with colorful beads and sparkling stones which enhance the beauty of this set. It comprises with 2pcs Fancy Rakhis, 1pc Stone Rakhi with Thali and free Roli Tilak.,Specifications of Laviva Exclusive Designer Set of 3 Fancy Rakhis with Thali Design Designer Rakhi (Red, Yellow, 3 pcs Rakhi and Thali with Free Roli Tilak) General Brand Laviva Model Number ROB14011 Type Designer Rakhi Ideal For Men, Women Color Red, Yellow Rakhi Features Thread Material Satin Dial Design Exclusive Designer Set of 3 Fancy Rakhis with Thali In the Box Number of Contents in Sales Package Pack of 4"
Laviva Set of Three Fancy & Stone Rakhis with Thali Design Designer Rakhi,"[""Home Decor & Festive Needs >> Festive Decor >> Rakhi >> Laviva Rakhi >> Laviva Set of Three Fancy & Stone Rakhis with Th...""]",Laviva,546,"Laviva Set of Three Fancy & Stone Rakhis with Thali Design Designer Rakhi (Red, Yellow, 3 pcs Rakhi and Thali with Free Roli Tilak) Price: Rs. 546 Rakshabandhan gives a chance to reunion of siblings and to express the flawless love between brother and sister. Tying Rakhi - the holy thread on your brother`s wrist is the best expression of it. This set comes with Thali and free Roli Tilak .,Specifications of Laviva Set of Three Fancy & Stone Rakhis with Thali Design Designer Rakhi (Red, Yellow, 3 pcs Rakhi and Thali with Free Roli Tilak) General Brand Laviva Model Number ROB14049 Type Designer Rakhi Ideal For Men, Women Color Red, Yellow Rakhi Features Thread Material Satin Dial Design Set of Three Fancy & Stone Rakhis with Thali In the Box Number of Contents in Sales Package Pack of 4"
Laviva Stunnig Set of Fancy & Swastik Rakhis Design Designer Rakhi,"[""Home Decor & Festive Needs >> Festive Decor >> Rakhi >> Laviva Rakhi >> Laviva Stunnig Set of Fancy & Swastik Rakhis Des...""]",Laviva,371,"Laviva Stunnig Set of Fancy & Swastik Rakhis Design Designer Rakhi (Red, Yellow, 3 pcs Rakhi With Free Roli Tilak) Price: Rs. 371 Bring joy and success on Rakshabandhan by sending to your loving brother this Stunnig Set of 3pcs Fancy & Swastik Rakhi with free Roli Tilak.,Specifications of Laviva Stunnig Set of Fancy & Swastik Rakhis Design Designer Rakhi (Red, Yellow, 3 pcs Rakhi With Free Roli Tilak) General Brand Laviva Model Number ROB13981 Type Designer Rakhi Ideal For Men, Women Color Red, Yellow Rakhi Features Thread Material Satin Dial Design Stunnig Set of Fancy & Swastik Rakhis In the Box Number of Contents in Sales Package Pack of 4"
ELEGANZE DECOR Wine Hand Bottle Holder Showpiece  -  15 cm,"[""Home Decor & Festive Needs >> Table Decor & Handicrafts >> Showpiece >> Human Figurines >> ELEGANZE DECOR Human Figurines >> ELEGANZE DECOR Wine Hand Bottle Holder Showpiece...""]",ELEGANZE DECOR,2200,"Key Features of ELEGANZE DECOR Wine Hand Bottle Holder Showpiece  -  15 cm Wooden Height - 15 cm Width - 16 cm,ELEGANZE DECOR Wine Hand Bottle Holder Showpiece  -  15 cm (Wooden, Brown) Price: Rs. 2,200 Enjoy your wine while placing your wine bottle in this Unique Wine Hand Bottle Holder.,Specifications of ELEGANZE DECOR Wine Hand Bottle Holder Showpiece  -  15 cm (Wooden, Brown) General Brand ELEGANZE DECOR Model Number 302092 Type Human Figurines Model Name Wine Hand Bottle Holder Material Wooden Color Brown Dimensions Height 15 cm Width 16 cm Depth 12 cm In the Box Sales Package 1showpiece_figurine"
TOC Self Design Single Breasted Festive Men's Blazer,"[""Clothing >> Men's Clothing >> Suits & Blazers >> Blazers >> TOC Blazers >> TOC Self Design Single Breasted Festive Men's Bl...""]",TOC,4599,Specifications of TOC Self Design Single Breasted Festive Men's Blazer General Details Pattern Self Design Ideal For Men's Occasion Festive Blazer Details Fabric Jorjet Type Single Breasted Additional Details Style Code w3
Stonkraft Musician Brass Figurine Showpiece  -  15.5 cm,"[""Home Decor & Festive Needs >> Table Decor & Handicrafts >> Showpieces >> Human Figurines >> Stonkraft Human Figurines""]",Stonkraft,3095,"Stonkraft Musician Brass Figurine Showpiece  -  15.5 cm (Brass, Black, Gold)
                         Price: Rs. 3,095
				
			Brass Music Man / Human Figurines A Set Of 2 Pcs For Home Decor / Office Product Description This Music Man Is A Provide Of Courage,Hope,Power, Knowledge,Intellect And Devotion. This Item Have A Antique Look . Its Look Excellent In Your Home Or Office. Best For Gift. You Can Use This Also As Decorative Purpose


Actual Product Might Vary Slightly From The One Shown In The Image Due To Various Monitor Settings &Amp; Photo Lightning
Brass Music Man / Human Figurines A Set Of 2 Pcs For Home Decor / Office Product Description This Music Man Is A Provide Of Courage,Hope,Power, Knowledge,Intellect And Devotion. This Item Have A Antique Look . Its Look Excellent In Your Home Or Office. Best For Gift. You Can Use This Also As Decorative Purpose


Actual Product Might Vary Slightly From The One Shown In The Image Due To Various Monitor Settings &Amp; Photo Lightning"
Masterhandicraft Brass Decorative Platter,"[""Home Decor & Festive Needs >> Table Decor & Handicrafts >> Decorative Platters >> Masterhandicraft Decorative Platters""]",Masterhandicraft,1020,"Masterhandicraft Brass Decorative Platter (Gold, Pack of 6)
                         Price: Rs. 1,020
				
			Tray, Bowl And Spoon Set
Tray, Bowl And Spoon Set"
Seher Tribal Fibre Art Showpiece  -  44 cm,"[""Home Decor & Festive Needs >> Table Decor & Handicrafts >> Showpieces >> Human Figurines >> Seher Human Figurines""]",Seher,1170,"Seher Tribal Fibre Art Showpiece  -  44 cm (Wooden, Multicolor)
                         Price: Rs. 1,170
				
			This is the newest art from in the culturally rich land of West Bengal. Artisans make shapes out of White polymer that are then planted on wooden sheets and left to dry. They are then painted with vibrant metallic colors. This hand crafted wall hanging is a perfect example of a rustic yet exquisite art form creating abstract visuals on a wooden canvas.
This is the newest art from in the culturally rich land of West Bengal. Artisans make shapes out of White polymer that are then planted on wooden sheets and left to dry. They are then painted with vibrant metallic colors. This hand crafted wall hanging is a perfect example of a rustic yet exquisite art form creating abstract visuals on a wooden canvas."
FS Brass Brass Decorative Platter,"[""Home Decor & Festive Needs >> Table Decor & Handicrafts >> Decorative Platters >> FS Brass Decorative Platters""]",FS Brass,2690,"FS Brass Brass Decorative Platter (Gold, Silver, Pack of 6)
                         Price: Rs. 2,690
				
			Serve your Style . Be it any occasion, it will surely add to the exquisiteness, royalty and charm to your serving. It is handcrafted, gold and silver plated, made in brass platter. Get the magestic experience with your serving. (Comes in a gift box)
Serve your Style . Be it any occasion, it will surely add to the exquisiteness, royalty and charm to your serving. It is handcrafted, gold and silver plated, made in brass platter. Get the magestic experience with your serving. (Comes in a gift box)"
Shubham Exports Showpiece  -  28 cm,"[""Home Decor & Festive Needs >> Showpieces >> Shubham Exports Showpieces""]",Shubham Exports,525,Buy Shubham Exports Showpiece  -  28 cm for Rs.525 online. Shubham Exports Showpiece  -  28 cm at best prices with FREE shipping & cash on delivery. Only Genuine Products. 30 Day Replacement Guarantee.
BM WOOD FURNITURE Hexagon Wall Shelves MDF Wall Shelf,"[""Home Decor & Festive Needs >> Wall Decor & Clocks >> Wall Shelves >> BM WOOD FURNITURE Wall Shelves >> BM WOOD FURNITURE Hexagon Wall Shelves MDF Wall ...""]",BM WOOD FURNITURE,1739,"Key Features of BM WOOD FURNITURE Hexagon Wall Shelves MDF Wall Shelf Suitable For: Living Room & Bedroom,Specifications of BM WOOD FURNITURE Hexagon Wall Shelves MDF Wall Shelf (Number of Shelves - 6, Multicolor) General Brand BM WOOD FURNITURE Suitable For Living Room & Bedroom Model Number BM000537 Model Name Hexagon Wall Shelves Material MDF Color Multicolor Dimensions Other Dimensions Diagonal Dimensions : Large Shelf (11""x11"",3.5""), Medium Shelf (9""x9""x3.5""), Small Shelf (7"",7"",3.5"") Body & Design Features Number of Shelves 6 Mount Mechanism Hanging In the Box Sales Package 6 Shelves, Dry Screws,Wall Plugs Pack of 6"
Phototech Analog 28 cm Dia Wall Clock,"[""Home Decor & Festive Needs >> Wall Decor & Clocks >> Clocks >> Wall Clocks >> Phototech Wall Clocks >> Phototech Analog 28 cm Dia Wall Clock (Multicolo...""]",Phototech,974,"Key Features of Phototech Analog 28 cm Dia Wall Clock High Glossy Imported Engineered Wood,Phototech Analog 28 cm Dia Wall Clock (Multicolor, Without Glass) Price: Rs. 1,299 Description:  As opposed to other cheap clocks, we do not paste paper/film on MDF.  Our clocks are direct digital print on 6 mm imported Engineered woods.  This gives a high gloss & finish premium look to the product to enhanced the overall aesthetic appeal of your home/offices interiors.  Use it at your home or gift to your loved ones. They will cherish with this premium products.  Place on Desk/Hang on wall.  There is no cover on clock & you could have to slightly fix the clock machines as it may get loose during transportation. Specification: Material : Imported Engineered Woods. Clock Diameter : 11 Inches Decoration Type : Direct Digital Printed Thickness : 6 mm Finish : High Gloss Color/Effect : Digital print on engineered woods.,Specifications of Phototech Analog 28 cm Dia Wall Clock (Multicolor, Without Glass) General Mechanism Colorvista Model Number 1234NPT365 Character Tree Display Features Display Size 11 inch Dimensions Diameter 28 cm Weight 500 g Height 28 cm Width 28 cm Warranty Covered in Warranty Warranty of the product is limited to manufacturing defects only Warranty Summary 1 Month Warranty is applicable only for manufacturing defects, if customer received damaged product, then it will be replace only. Service Type On Site Service, 1 Month Warranty is applicable only for manufacturing defects, if customer received damaged product, then it will be replace only. Power Features Power Source Battery Powered Battery Type 1 AA Size Batteries Luxury Luxury Material Wooden Luxury Clock Yes In the Box Number of Contents in Sales Package Pack of 1 Sales Package Wall Clock Body Features Case Color Multicolor Dial Shape Round Case/Bezel Material Wooden Number of Hands 3 Dial Material Wooden Dial Color Multicolor Hour Markers English Numerals"
Wall Decal Small Self Adhesive Sticker,"[""Home Decor & Festive Needs >> Wall Decor & Clocks >> Wall Decals & Stickers >> Wall Decal Wall Decals & Stickers >> Wall Decal Small Self Adhesive Sticker (Pack of 1)""]",Wall Decal,349,"Key Features of Wall Decal Small Self Adhesive Sticker Make For Smart Bedroom Study room Looking Awesome Living room Bath room Attractive Guest room Kitchen Easy to Install Easy to Remove Easy To Clean All Wall Decal are front Matte Finish, water resistant & packaged between two layers.,Wall Decal Small Self Adhesive Sticker (Pack of 1) Price: Rs. 349 Wall Decal'' gives u a pure beautiful house with our decoration wall stickers,wall decals & all kind of designs for your home decoration.These stickers are made of self adhesive PVC vinyl and very easy to apply on plane surface. These are the great suppliment of wallpaper,wall color and another decoration method. Thnkss…,Specifications of Wall Decal Small Self Adhesive Sticker (Pack of 1) In The Box Number of Contents in Sales Package Pack of 1 Sales Package 1 Sticker General Ideal Use Home, Child Bedroom, Bedroom Brand Wall Decal Scratch-resistant Yes Laminated Yes Type Self Adhesive Number of Stickers 1 Size in Number 59.3 cm Material Self Adhesive PVC Vinyl Size Small Dimensions Height 59 cm Width 30 cm"
Wall Decal Medium Self Adhesive Sticker,"[""Home Decor & Festive Needs >> Wall Decor & Clocks >> Wall Decals & Stickers >> Wall Decal Wall Decals & Stickers >> Wall Decal Medium Self Adhesive Sticker (Pack of 1)""]",Wall Decal,249,"Key Features of Wall Decal Medium Self Adhesive Sticker Make For Smart Bedroom Study room Looking Awesome Living room Bath room Attractive Guest room Kitchen Easy to Install Easy to Remove Easy To Clean All Wall Decal are front Matte Finish, water resistant & packaged between two layers.,Wall Decal Medium Self Adhesive Sticker (Pack of 1) Price: Rs. 249 Wall Decal'' gives u a pure beautiful house with our decoration wall stickers,wall decals & all kind of designs for your home decoration.These stickers are made of self adhesive PVC vinyl and very easy to apply on plane surface. These are the great suppliment of wallpaper,wall color and another decoration method. Thnkss…,Specifications of Wall Decal Medium Self Adhesive Sticker (Pack of 1) In The Box Number of Contents in Sales Package Pack of 1 Sales Package 1 Sticker General Ideal Use Home, Child Bedroom, Bedroom Brand Wall Decal Scratch-resistant Yes Laminated Yes Type Self Adhesive Number of Stickers 1 Size in Number 38.84 cm Material Self Adhesive PVC Vinyl Size Medium Dimensions Height 38 cm Width 84 cm"
Wall Decal Medium Self Adhesive Sticker,"[""Home Decor & Festive Needs >> Wall Decor & Clocks >> Wall Decals & Stickers >> Wall Decal Wall Decals & Stickers >> Wall Decal Medium Self Adhesive Sticker (Pack of 1)""]",Wall Decal,349,"Key Features of Wall Decal Medium Self Adhesive Sticker Make For Smart Bedroom Study room Looking Awesome Living room Bath room Attractive Guest room Kitchen Easy to Install Easy to Remove Easy To Clean All Wall Decal are front Matte Finish, water resistant & packaged between two layers.,Wall Decal Medium Self Adhesive Sticker (Pack of 1) Price: Rs. 349 Wall Decal'' gives u a pure beautiful house with our decoration wall stickers,wall decals & all kind of designs for your home decoration.These stickers are made of self adhesive PVC vinyl and very easy to apply on plane surface. These are the great suppliment of wallpaper,wall color and another decoration method. Thnkss…,Specifications of Wall Decal Medium Self Adhesive Sticker (Pack of 1) In The Box Number of Contents in Sales Package Pack of 1 Sales Package 1 Sticker General Ideal Use Home, Child Bedroom, Bedroom Brand Wall Decal Scratch-resistant Yes Laminated Yes Type Self Adhesive Number of Stickers 1 Size in Number 64.45 cm Material Self Adhesive PVC Vinyl Size Medium Dimensions Height 64 cm Width 45 cm"
Gojeeva Sconce Wall Lamp,"[""Home Decor & Festive Needs >> Decorative Lighting & Lamps >> Wall Lamps >> Gojeeva Wall Lamps >> Gojeeva Sconce Wall Lamp (1)""]",Gojeeva,3499,"Key Features of Gojeeva Sconce Wall Lamp High quality Super energy saving Offers high brightness,Gojeeva Sconce Wall Lamp (1) Price: Rs. 3,499 Decorate the wall of your room with this pack of four elegant sconce wall lamps that is designed in a pleasing orange color by Gojeeva. Crafted from the finest quality glass and wood, this pack of wall lamps will remain the same for many years. It is highly durable and light in weight. It is designed to replace incandescent equivalents to save you energy and still achieve superior lighting. You can choose from a wide selection to light up your residential or commercial interior. Plus, these LED wall lamps will also keep your eyes safe. Additionally, this pack of wall hanging lamps comes with four cable connector and eight screws.,Specifications of Gojeeva Sconce Wall Lamp (1) General Brand Gojeeva Maximum Wattage 4 W Type Sconce Style Modern Material Wooden, Glass Adjustable No Color Orange Mount Type Surface Mounted Brand Color Thick Orange Bulb Included No Suitable For Porch Lights Model Number Goj_11_105_Orange_PO4 Bulb Used LED, CFL, Incandescent Number of Lights 1 Dimensions Diameter 16 cm Cord Length 6 inch Weight 2108 g Height 16 cm Width 11 cm In the Box 4 Wall Lamps, 4 Cable Connectors, 8 Screws"
Czds India Shoulder Bag,"[""Bags, Wallets & Belts >> Bags >> Hand Bags >> Czds India Hand Bags >> Czds India Shoulder Bag (Red)""]",Czds India,299,"Key Features of Czds India Shoulder Bag Ideal For: Women Material: Silk Closure: Zip,Czds India Shoulder Bag (Red) Price: Rs. 299 Czds India Embroided Traditional Hand Bag A perfect Product for Womens Related to Ethnic or Festive theme . occasion: Festive season, Material ::- Silk, Roto cotton cloth ,Cotton Dori,Wooden Ring, Thread, Mirror and Metal Zip Pocket ::- 1 mini Pocket Inside the bag Product Size :- 15x3x9 Inchs Closing ::- Zip Lock Work :- Embroidery wash Care :- Dry clean,Specifications of Czds India Shoulder Bag (Red) General Type Shoulder Bag Ideal For Women Occasion Festive Material Silk Closure Zip Style Code CBAG-05 Color Code Red Dimensions Weight 250 g"
Czds India Shoulder Bag,"[""Bags, Wallets & Belts >> Bags >> Hand Bags >> Czds India Hand Bags >> Czds India Shoulder Bag (Black)""]",Czds India,249,"Key Features of Czds India Shoulder Bag Ideal For: Women Material: Silk Closure: Zip,Czds India Shoulder Bag (Black) Price: Rs. 249 Czds India Embroided Traditional Hand Bag A perfect Product for Womens Related to Ethnic or Festive theme . occasion: Festive season, Material ::- Silk, Roto cotton cloth ,Cotton Dori,Wooden Ring, Thread, Mirror and Metal Zip Pocket ::- 1 mini Pocket Inside the bag Product Size :- 15x3x9 Inchs Closing ::- Zip Lock Work :- Embroidery wash Care :- Dry clean,Specifications of Czds India Shoulder Bag (Black) General Closure Zip Type Shoulder Bag Material Silk Style Code BAG-08 Occasion Festive Ideal For Women Color Code Black"
Ech oly Ceramic Inside Fitting Hookah Mouth Tip,"[""Home Decor & Festive Needs >> Table Decor & Handicrafts >> Table Decor >> Hookah Mouth Tips >> Ech oly Hookah Mouth Tips >> Ech oly Ceramic Inside Fitting Hookah Mouth Tip ...""]",Ech oly,699,"Ech oly Ceramic Inside Fitting Hookah Mouth Tip (Black) Price: Rs. 699 Durable and can be used repeatedly for a long time. Made of high-quality special material. Does Not Contain harmful objects. The rubber ring can prevent smoke and tar from leaking. Remove tar while using for about 20 times. Replace with an auxiliary rubber ring if damages.,Specifications of Ech oly Ceramic Inside Fitting Hookah Mouth Tip (Black) General Brand Ech oly Model Number Durable Tobacco pipe B117 Type Inside Fitting Material Ceramic Pack of 1 Color Black In the Box Pack of 1"
Czds India Shoulder Bag,"[""Bags, Wallets & Belts >> Bags >> Hand Bags >> Czds India Hand Bags >> Czds India Shoulder Bag (Blue)""]",Czds India,299,"Key Features of Czds India Shoulder Bag Ideal For: Women Material: Silk Closure: Zip,Czds India Shoulder Bag (Blue) Price: Rs. 299 Czds India Embroided Traditional Hand Bag A perfect Product for Womens Related to Ethnic or Festive theme . occasion: Festive season, Material ::- Silk, Roto cotton cloth ,Cotton Dori,Wooden Ring, Thread, Mirror and Metal Zip Pocket ::- 1 mini Pocket Inside the bag Product Size :- 15x3x9 Inchs Closing ::- Zip Lock Work :- Embroidery wash Care :- Dry clean,Specifications of Czds India Shoulder Bag (Blue) General Closure Zip Type Shoulder Bag Material Silk Style Code CBAG-018 Occasion Festive Ideal For Women Color Code Blue Dimensions Weight 250 g"
Art N Hub Generic Photo Frame,"[""Home Decor & Festive Needs >> Table Decor & Handicrafts >> Photo Frames >> Art N Hub Photo Frames >> Art N Hub Generic Photo Frame (Photo Size - (4 p...""]",Art N Hub,516,"Key Features of Art N Hub Generic Photo Frame Keep your sweet memories alive with this  beautiful  photo frame. Improve your house interior with this decent photo frame,Art N Hub Generic Photo Frame (Photo Size - (4 photo of 13 x 10 cm can be inserted), 4 Photos) Price: Rs. 516 Wall Décor Unique Desgien Sticker type 4 photos collage Photo Frame eel the Wall Sticker off the Backing Sheet Carefully & paste to help off doubble tape (4 photo of 5x4 inch can be inserted) Disclaimer:The images represent actual product though color of the image and product may slightly differ.,Specifications of Art N Hub Generic Photo Frame (Photo Size - (4 photo of 13 x 10 cm can be inserted), 4 Photos) Body Material Frame Material Generic Backing Sturdy Polyfoam Material NA In The Box Number of Contents in Sales Package Pack of 1 Sales Package Fine Polyfoam Photo Frame General color Purple Number of Photos 4 Mounted Wall Mounted Mounted Ideal For Home Decoration Dimensions Suitable Photo Size (4 photo of 13 x 10 cm can be inserted) Height 38 cm Width 38 cm Depth 1 cm Additional Features Other Features This wall photo sticker will give modern touch to your home decor., This wall photo sticker is easy to install Don't damage your wall by drilling nails to hang Bello pictures frames., Hanging these frame is super easy This Wall Sticker Photo Frame Is light Weighted, Unbreakable and easy to carry."
Czds India Shoulder Bag,"[""Bags, Wallets & Belts >> Bags >> Hand Bags >> Czds India Hand Bags >> Czds India Shoulder Bag (orange)""]",Czds India,299,"Key Features of Czds India Shoulder Bag Ideal For: Women Material: Silk Closure: Zip,Czds India Shoulder Bag (orange) Price: Rs. 299 Czds India Embroided Traditional Hand Bag A perfect Product for Womens Related to Ethnic or Festive theme . occasion: Festive season, Material ::- Silk, Roto cotton cloth ,Cotton Dori,Wooden Ring, Thread, Mirror and Metal Zip Pocket ::- 1 mini Pocket Inside the bag Product Size :- 15x3x9 Inchs Closing ::- Zip Lock Work :- Embroidery wash Care :- Dry clean,Specifications of Czds India Shoulder Bag (orange) General Type Shoulder Bag Ideal For Women Occasion Festive Material Silk Closure Zip Style Code CBAG-020 Color Code orange Dimensions Weight 250 g"
Czds India Shoulder Bag,"[""Bags, Wallets & Belts >> Bags >> Hand Bags >> Czds India Hand Bags >> Czds India Shoulder Bag (Black)""]",Czds India,299,"Key Features of Czds India Shoulder Bag Ideal For: Women Material: Silk Closure: Zip,Czds India Shoulder Bag (Black) Price: Rs. 299 Czds India Embroided Traditional Hand Bag A perfect Product for Womens Related to Ethnic or Festive theme . occasion: Festive season, Material ::- Silk, Roto cotton cloth ,Cotton Dori,Wooden Ring, Thread, Mirror and Metal Zip Pocket ::- 1 mini Pocket Inside the bag Product Size :- 15x3x9 Inchs Closing ::- Zip Lock Work :- Embroidery wash Care :- Dry clean,Specifications of Czds India Shoulder Bag (Black) General Closure Zip Type Shoulder Bag Material Silk Style Code CBAG-08 Occasion Festive Ideal For Women Color Code Black Dimensions Weight 250 g"
Capturing Happiness Wood Photo Frame,"[""Home Decor & Festive Needs >> Table Decor & Handicrafts >> Photo Frames >> Capturing Happiness Photo Frames >> Capturing Happiness Wood Photo Frame (Photo Size...""]",Capturing Happiness,449,"Key Features of Capturing Happiness Wood Photo Frame laser engraved gifts,Capturing Happiness Wood Photo Frame (Photo Size - 5x7 inch, 1 Photos) Price: Rs. 449 Capturing Happiness Wood Photo Frame (Photo Size - 5x7, 1 Photos) Price: Rs. 449 Your special memories can be best stored in a frame which is engraved only for your loved ones. A frame which expresses everything in just few words. Personalise the frame with your best moments and let it stay forever.,Specifications of Capturing Happiness Wood Photo Frame (Photo Size - 5x7 inch, 1 Photos) Body Material Stand Material Wood Frame Material Wood Finishing glossy Backing wood Material Acrylic Other Body Features Wooden In The Box Number of Contents in Sales Package Pack of 1 Sales Package 1 Photo Frame General Shape Rectangle color Brown Number of Photos 1 Mounted Table Mounte Mounted Ideal For All Dimensions Suitable Photo Size 5x7 inch"
Art N Hub Generic Photo Frame,"[""Home Decor & Festive Needs >> Table Decor & Handicrafts >> Photo Frames >> Art N Hub Photo Frames >> Art N Hub Generic Photo Frame (Photo Size - (1 p...""]",Art N Hub,356,"Key Features of Art N Hub Generic Photo Frame Keep your sweet memories alive with this  beautiful  photo frame. Improve your house interior with this decent photo frame,Art N Hub Generic Photo Frame (Photo Size - (1 photo of 9 x 9, 1 photo of 9 x 13 cm can be inserted), 2 Photos) Price: Rs. 356 Cyan colored family message Long Sticker type 2 Photos Collage Photo Frame peel the wall sticker off the backing sheet carefully & paste to help off doubble tape (1 photo of3.5x3.5 inch, 1 photo of3.5x5 inch can be inserted) Disclaimer:The images represent actual product though color of the image and product may slightly differ.,Specifications of Art N Hub Generic Photo Frame (Photo Size - (1 photo of 9 x 9, 1 photo of 9 x 13 cm can be inserted), 2 Photos) Body Material Frame Material Generic Backing Sturdy Polyfoam Material NA In The Box Number of Contents in Sales Package Pack of 1 Sales Package Fine Polyfoam Photo Frame General color Blue Number of Photos 2 Mounted Wall Mounted Mounted Ideal For Home Decoration Dimensions Suitable Photo Size (1 photo of 9 x 9, 1 photo of 9 x 13 cm can be inserted) Height 51 cm Width 14 cm Depth 1 cm Additional Features Other Features This wall photo sticker will give modern touch to your home decor., This wall photo sticker is easy to install Don't damage your wall by drilling nails to hang Bello pictures frames., Hanging these frame is super easy This Wall Sticker Photo Frame Is light Weighted, Unbreakable and easy to carry."
Czds India Shoulder Bag,"[""Bags, Wallets & Belts >> Bags >> Hand Bags >> Czds India Hand Bags >> Czds India Shoulder Bag (Black)""]",Czds India,299,"Key Features of Czds India Shoulder Bag Ideal For: Women Material: Silk Closure: Zip,Czds India Shoulder Bag (Black) Price: Rs. 299 Czds India Embroided Traditional Hand Bag A perfect Product for Womens Related to Ethnic or Festive theme . occasion: Festive season, Material ::- Silk, Roto cotton cloth ,Cotton Dori,Wooden Ring, Thread, Mirror and Metal Zip Pocket ::- 1 mini Pocket Inside the bag Product Size :- 15x3x9 Inchs Closing ::- Zip Lock Work :- Embroidery wash Care :- Dry clean,Specifications of Czds India Shoulder Bag (Black) General Closure Zip Type Shoulder Bag Material Silk Style Code CBAG-062 Occasion Festive Ideal For Women Color Code Black Dimensions Weight 250 g"
Amatra Hand-held Bag,"[""Bags, Wallets & Belts >> Bags >> Hand Bags >> Amatra Hand Bags >> Amatra Hand-held Bag (Beige, Green)""]",Amatra,1349,"Key Features of Amatra Hand-held Bag Fringed Two color Two way usable,Amatra Hand-held Bag (Beige, Green) Price: Rs. 1,499 Amatra introduces the first ever 2 way 2 color fringe bag.It can be used both vertically and horizontally.Attachments are provided at the back to facilitate this unique feature.Carry this and change your look on the move,Specifications of Amatra Hand-held Bag (Beige, Green) General Closure Zip Type Hand-held Bag Material Leatherette Style Code Amatra800 Occasion Evening/Party, Travel, Casual, Formal, Festive Ideal For Women, Girls Color Code Beige, Green Dimensions Height 180 mm Width 250 mm Body Features Number of Pockets 2 Number of Compartments 1 In the Box Handbag"
Czds India Shoulder Bag,"[""Bags, Wallets & Belts >> Bags >> Hand Bags >> Czds India Hand Bags >> Czds India Shoulder Bag (Black)""]",Czds India,299,"Key Features of Czds India Shoulder Bag Ideal For: Women Material: Silk Closure: Zip,Czds India Shoulder Bag (Black) Price: Rs. 299 Czds India Embroided Traditional Hand Bag A perfect Product for Womens Related to Ethnic or Festive theme . occasion: Festive season, Material ::- Silk, Roto cotton cloth ,Cotton Dori,Wooden Ring, Thread, Mirror and Metal Zip Pocket ::- 1 mini Pocket Inside the bag Product Size :- 15x3x9 Inchs Closing ::- Zip Lock Work :- Embroidery wash Care :- Dry clean,Specifications of Czds India Shoulder Bag (Black) General Closure Zip Type Shoulder Bag Material Silk Style Code CBAG-061 Occasion Festive Ideal For Women Color Code Black Dimensions Weight 250 g"
Czds India Shoulder Bag,"[""Bags, Wallets & Belts >> Bags >> Hand Bags >> Czds India Hand Bags >> Czds India Shoulder Bag (Pink)""]",Czds India,249,"Key Features of Czds India Shoulder Bag Ideal For: Women Material: Silk Closure: Zip,Czds India Shoulder Bag (Pink) Price: Rs. 249 Czds India Embroided Traditional Hand Bag A perfect Product for Womens Related to Ethnic or Festive theme . occasion: Festive season, Material ::- Silk, Roto cotton cloth ,Cotton Dori,Wooden Ring, Thread, Mirror and Metal Zip Pocket ::- 1 mini Pocket Inside the bag Product Size :- 15x3x9 Inchs Closing ::- Zip Lock Work :- Embroidery wash Care :- Dry clean,Specifications of Czds India Shoulder Bag (Pink) General Closure Zip Type Shoulder Bag Material Silk Style Code BAG-01 Occasion Festive Ideal For Women Color Code Pink"
Art N Hub Generic Photo Frame,"[""Home Decor & Festive Needs >> Table Decor & Handicrafts >> Photo Frames >> Art N Hub Photo Frames >> Art N Hub Generic Photo Frame (Photo Size - (1 p...""]",Art N Hub,356,"Key Features of Art N Hub Generic Photo Frame Keep your sweet memories alive with this  beautiful  photo frame. Improve your house interior with this decent photo frame,Art N Hub Generic Photo Frame (Photo Size - (1 photo of 8 x 8 inch, 1 photo of 9 x 13 cm can be inserted), 2 Photos) Price: Rs. 356 Green colored Happy message Long Sticker type 2 Photos CollagePhoto Frame peel the wall sticker off the backing sheet carefully & paste to help off doubble tape (1 photo of3x3 inch, 1 photo of3.5x5 inch can be inserted) Disclaimer:The images represent actual product though color of the image and product may slightly differ.,Specifications of Art N Hub Generic Photo Frame (Photo Size - (1 photo of 8 x 8 inch, 1 photo of 9 x 13 cm can be inserted), 2 Photos) Body Material Frame Material Generic Backing Sturdy Polyfoam Material NA In The Box Number of Contents in Sales Package Pack of 1 Sales Package Fine Polyfoam Photo Frame General color Green Number of Photos 2 Mounted Wall Mounted Mounted Ideal For Home Decoration Dimensions Suitable Photo Size (1 photo of 8 x 8 inch, 1 photo of 9 x 13 cm can be inserted) Height 52 cm Width 14 cm Depth 1 cm Additional Features Other Features This wall photo sticker will give modern touch to your home decor., This wall photo sticker is easy to install Don't damage your wall by drilling nails to hang Bello pictures frames., Hanging these frame is super easy This Wall Sticker Photo Frame Is light Weighted, Unbreakable and easy to carry."
Kanch Mall Showpiece  -  16.5 cm,"[""Home Decor & Festive Needs >> Table Decor & Handicrafts >> Showpieces >> Religious Idols >> Kanch Mall Religious Idols""]",Kanch Mall,1650,"Kanch Mall Showpiece  -  16.5 cm (Glass, Multicolor)
                         Price: Rs. 1,650
				
			Lord Ganesha has many names like Ekadanta ,Gajanana ,Siddhivinayaka ,Vakratunda. Kanch mall presents wonderfully designed Ganesha idol. This Ganesha idol is perfect for the temple at your home or workplace and even for gifting purpose.
Lord Ganesha has many names like Ekadanta ,Gajanana ,Siddhivinayaka ,Vakratunda. Kanch mall presents wonderfully designed Ganesha idol. This Ganesha idol is perfect for the temple at your home or workplace and even for gifting purpose."
Plus Value PVI- 052 Regular Square Crystal Pebbles,"[""Home Decor & Festive Needs >> Garden & Leisure >> Stones & Pebbles >> Plus Value Stones & Pebbles >> Plus Value PVI- 052 Regular Square Crystal Pebbl...""]",Plus Value,450,Specifications of Plus Value PVI- 052 Regular Square Crystal Pebbles (Multicolor 9 Pieces) General Sub-type Regular Shape Square Brand Plus Value Suitable For Gifting Quantity 9 Pieces Model Number PVI- 052 Model Name Wealth Crystal Bag Material Crystal type Pebbles Reusable Yes Texture Smooth Color Multicolor In the Box Sales Package 9 Pieces Of Pebbles In 1 Bag Set of 9
ALL DAY 365 Shoulder Bag,"[""Bags, Wallets & Belts >> Bags >> Hand Bags >> ALL DAY 365 Hand Bags >> ALL DAY 365 Shoulder Bag (RED)""]",ALL DAY 365,499,"Key Features of ALL DAY 365 Shoulder Bag Ideal For: Girls, Women Material: Artificial Leather Closure: Zip,Specifications of ALL DAY 365 Shoulder Bag (RED) General Closure Zip Type Shoulder Bag Material Artificial Leather Style Code ALLDAYHBA74 Ideal For Girls, Women Bag Size FREE Capacity 5 L Occasion Travel, Evening/Party, Casual, Festive Color Code RED Dimensions Weight 490 g Height 470 mm Width 360 mm Depth 220 mm In the Box 1 HAND BAG Body Features Number of Pockets 2 Number of Compartments 2"
ALL DAY 365 Shoulder Bag,"[""Bags, Wallets & Belts >> Bags >> Hand Bags >> ALL DAY 365 Hand Bags >> ALL DAY 365 Shoulder Bag (RED)""]",ALL DAY 365,499,"Key Features of ALL DAY 365 Shoulder Bag Ideal For: Girls, Women Material: Artificial Leather Closure: Zip,Specifications of ALL DAY 365 Shoulder Bag (RED) General Closure Zip Type Shoulder Bag Material Artificial Leather Style Code ALLDAYHBA75 Ideal For Girls, Women Bag Size FREE Capacity 5 L Occasion Travel, Evening/Party, Casual, Festive Color Code RED Dimensions Weight 490 g Height 470 mm Width 360 mm Depth 220 mm In the Box 1 HAND BAG OF HBA75 Body Features Number of Pockets 2 Number of Compartments 2"
ALL DAY 365 Shoulder Bag,"[""Bags, Wallets & Belts >> Bags >> Hand Bags >> ALL DAY 365 Hand Bags >> ALL DAY 365 Shoulder Bag (BLUE)""]",ALL DAY 365,499,"Key Features of ALL DAY 365 Shoulder Bag Ideal For: Girls, Women Material: Artificial Leather Closure: Zip,Specifications of ALL DAY 365 Shoulder Bag (BLUE) General Closure Zip Type Shoulder Bag Material Artificial Leather Style Code ALLDAYHBA75 Occasion Travel, Evening/Party, Casual, Festive Capacity 5 L Bag Size FREE Ideal For Girls, Women Color Code BLUE Dimensions Weight 450 g Height 460 mm Width 650 mm Depth 220 mm Body Features Number of Pockets 2 Number of Compartments 2 In the Box 1 HAND BAG"
Reiki Crystal Products Showpiece  -  6 cm,"[""Home Decor & Festive Needs >> Showpieces >> Fengshui >> Reiki Crystal Products Fengshui >> Reiki Crystal Products Showpiece  -  6 cm (Brass...""]",Reiki Crystal Products,1200,"Key Features of Reiki Crystal Products Showpiece  -  6 cm Singing Bowls Vastu Healing Aura Cleaning Home Cleaning Room Cleaning,Reiki Crystal Products Showpiece  -  6 cm (Brass, Brown, Gold) Price: Rs. 1,200 Singing Bowl is an amazing instrument to play and clean the negativities from a place. As in Hinduism we play shankh. Shankh disintegrates the negative energies from a place with sound vibrations. Singing Bowl is a Buddhist concept of disintegrating and cleaning the negative energies by sound waves. The main benefit of using a Singing Bowls is that it is very easy to play and handle. We should always rotate the striker / play the bowl clockwise. Singing Bowls amplifies any intention with which it is played. So we can use singing bowl to clean the place our homes, rooms, offices, shops from all kinds of negative energies and vibrations. We can charge the place with positive energies and much more. Use it regularly to experience its benefits. The singing bowls are available from a size of 350 gms to upto 2.5 kg. The bigger the bowl the deeper the sound and vibrations. Disclaimer - The information provided is based on individual experience and should not be treated as medical advice. Inadvertent use of it will not be our responsibility.,Specifications of Reiki Crystal Products Showpiece  -  6 cm (Brass, Brown, Gold) General Brand Reiki Crystal Products Model Number Singing Bowls Metal Type Fengshui Material Brass Color Brown, Gold Dimensions Weight 685 g Height 6 cm Width 10 cm Depth 6 cm Warranty Covered in Warranty No Warranty Service Type No In the Box Sales Package 1 Singing Bowl"
Heeran Art Ganesha Ashirwad Showpiece  -  8 cm,"[""Home Decor & Festive Needs >> Showpieces >> Fengshui >> Heeran Art Fengshui >> Heeran Art Ganesha Ashirwad Showpiece  -  8 cm (...""]",Heeran Art,297,"Key Features of Heeran Art Ganesha Ashirwad Showpiece  -  8 cm Material  : Micro Fibre Color : White Hight : 8 cm Length : 5 cm Width : 3 cm Weight : 110 gm,Heeran Art Ganesha Ashirwad Showpiece  -  8 cm (Microfibre, White) Price: Rs. 297 Lord Ganesha which will bring prosperity and harmony Made from superior quality Micro Fiber in pure white color, suitable for Car Decor : Table Decor,Specifications of Heeran Art Ganesha Ashirwad Showpiece  -  8 cm (Microfibre, White) General Brand Heeran Art Model Number MG Mini Wht 8cm Type Fengshui, Vastu, Vehicles, Religious Idols, Antique Model Name Ganesha Ashirwad Material Microfibre Color White Dimensions Weight 110 g Height 8 cm Width 3 cm Depth 3 cm In the Box Sales Package 1 Showpiece Figurine Pack of 1 Additional Features Water Resistant Yes Wall Mount No"
WallDesign Small Vinyl Sticker,"[""Baby Care >> Baby & Kids Gifts >> Stickers >> WallDesign Stickers""]",WallDesign,730,Buy WallDesign Small Vinyl Sticker for Rs.730 online. WallDesign Small Vinyl Sticker at best prices with FREE shipping & cash on delivery. Only Genuine Products. 30 Day Replacement Guarantee.
WallDesign Small Vinyl Sticker,"[""Baby Care >> Baby & Kids Gifts >> Stickers >> WallDesign Stickers""]",WallDesign,530,Buy WallDesign Small Vinyl Sticker for Rs.530 online. WallDesign Small Vinyl Sticker at best prices with FREE shipping & cash on delivery. Only Genuine Products. 30 Day Replacement Guarantee.
Wallmantra Large Vinyl Stickers Sticker,"[""Baby Care >> Baby & Kids Gifts >> Stickers >> Wallmantra Stickers""]",Wallmantra,582,Buy Wallmantra Large Vinyl Stickers Sticker for Rs.582 online. Wallmantra Large Vinyl Stickers Sticker at best prices with FREE shipping & cash on delivery. Only Genuine Products. 30 Day Replacement Guarantee.
WallDesign Small Vinyl Sticker,"[""Baby Care >> Baby & Kids Gifts >> Stickers >> WallDesign Stickers""]",WallDesign,530,Buy WallDesign Small Vinyl Sticker for Rs.530 online. WallDesign Small Vinyl Sticker at best prices with FREE shipping & cash on delivery. Only Genuine Products. 30 Day Replacement Guarantee.
WallDesign Small Vinyl Sticker,"[""Baby Care >> Baby & Kids Gifts >> Stickers >> WallDesign Stickers""]",WallDesign,730,"WallDesign Small Vinyl Sticker (Pack of 56)
                         Price: Rs. 730
				
			This designer sticker is ideal for complementing your painted room walls. 
- Transform your boring room into your own designer room quickly and easily by adding these WallDesign patterns. 
- Place them randomly or in order to create a beautiful after effect. 
- The stickers set can be spread evenly over 3-4 walls of your room. 
- Available in 35 colours of your choice - see the COLOUR CHART image.
- Each graphic is made of high quality, self-adhesive vinyl. It is easily removed and leaves no residue behind.
- It can be applied to any clean, smooth and flat surface. (if your walls are lightly textured it will still work great.) 
- Apply to walls, doors, windows - anywhere you want! Get creative!
- Much faster, cleaner and easier than painting & cost effective than wallpaper.
- Give your dull apartment a personal touch. Landlords love it!
This designer sticker is ideal for complementing your painted room walls. 
- Transform your boring room into your own designer room quickly and easily by adding these WallDesign patterns. 
- Place them randomly or in order to create a beautiful after effect. 
- The stickers set can be spread evenly over 3-4 walls of your room. 
- Available in 35 colours of your choice - see the COLOUR CHART image.
- Each graphic is made of high quality, self-adhesive vinyl. It is easily removed and leaves no residue behind.
- It can be applied to any clean, smooth and flat surface. (if your walls are lightly textured it will still work great.) 
- Apply to walls, doors, windows - anywhere you want! Get creative!
- Much faster, cleaner and easier than painting & cost effective than wallpaper.
- Give your dull apartment a personal touch. Landlords love it!"
WallDesign Small Vinyl Sticker,"[""Baby Care >> Baby & Kids Gifts >> Stickers >> WallDesign Stickers""]",WallDesign,530,Buy WallDesign Small Vinyl Sticker for Rs.530 online. WallDesign Small Vinyl Sticker at best prices with FREE shipping & cash on delivery. Only Genuine Products. 30 Day Replacement Guarantee.
Wallmantra Medium Vinyl Stickers Sticker,"[""Baby Care >> Baby & Kids Gifts >> Stickers >> Wallmantra Stickers""]",Wallmantra,582,Buy Wallmantra Medium Vinyl Stickers Sticker for Rs.582 online. Wallmantra Medium Vinyl Stickers Sticker at best prices with FREE shipping & cash on delivery. Only Genuine Products. 30 Day Replacement Guarantee.
Wallmantra Large Vinyl Sticker Sticker,"[""Baby Care >> Baby & Kids Gifts >> Stickers >> Wallmantra Stickers""]",Wallmantra,1896,"Wallmantra Large Vinyl Sticker Sticker (Pack of 1)
                         Price: Rs. 1,896
				
			Bring home this exclusive Piece of Wall Art to give your home a refreshing look it deserves !
Wall Decals are the latest trend, sweeping the world of interior design, as a quick and easy way to personalise and transform your home. We at Wallmantra use only the highest quality premium self-adhesive vinyl for our products to ensure you receive the best quality product.
The sizes are in inches (Width x Height), rounded to the nearest inch. The size of the product is the final size that will be up on the walls . 
These are very easy to apply and remove. You can apply these yourself. We send ready to apply Decal/Sticker with 2 practice items with instruction manual. You can also see the how to apply video.
These are not re-usable.
 Contact Wallmantra for more options
Bring home this exclusive Piece of Wall Art to give your home a refreshing look it deserves !
Wall Decals are the latest trend, sweeping the world of interior design, as a quick and easy way to personalise and transform your home. We at Wallmantra use only the highest quality premium self-adhesive vinyl for our products to ensure you receive the best quality product.
The sizes are in inches (Width x Height), rounded to the nearest inch. The size of the product is the final size that will be up on the walls . 
These are very easy to apply and remove. You can apply these yourself. We send ready to apply Decal/Sticker with 2 practice items with instruction manual. You can also see the how to apply video.
These are not re-usable.
 Contact Wallmantra for more options"
WallDesign Small Vinyl Sticker,"[""Baby Care >> Baby & Kids Gifts >> Stickers >> WallDesign Stickers""]",WallDesign,510,Buy WallDesign Small Vinyl Sticker for Rs.510 online. WallDesign Small Vinyl Sticker at best prices with FREE shipping & cash on delivery. Only Genuine Products. 30 Day Replacement Guarantee.
Wallmantra Extra Large Vinyl Stickers Sticker,"[""Baby Care >> Baby & Kids Gifts >> Stickers >> Wallmantra Stickers""]",Wallmantra,2085,Buy Wallmantra Extra Large Vinyl Stickers Sticker for Rs.2085 online. Wallmantra Extra Large Vinyl Stickers Sticker at best prices with FREE shipping & cash on delivery. Only Genuine Products. 30 Day Replacement Guarantee.
Wallmantra Large Vinyl Sticker Sticker,"[""Baby Care >> Baby & Kids Gifts >> Stickers >> Wallmantra Stickers""]",Wallmantra,1896,Buy Wallmantra Large Vinyl Sticker Sticker for Rs.1896 online. Wallmantra Large Vinyl Sticker Sticker at best prices with FREE shipping & cash on delivery. Only Genuine Products. 30 Day Replacement Guarantee.
WallDesign Small Vinyl Sticker,"[""Baby Care >> Baby & Kids Gifts >> Stickers >> WallDesign Stickers""]",WallDesign,510,Buy WallDesign Small Vinyl Sticker for Rs.510 online. WallDesign Small Vinyl Sticker at best prices with FREE shipping & cash on delivery. Only Genuine Products. 30 Day Replacement Guarantee.
Wallmantra Extra Large Vinyl Stickers Sticker,"[""Baby Care >> Baby & Kids Gifts >> Stickers >> Wallmantra Stickers""]",Wallmantra,1497,Buy Wallmantra Extra Large Vinyl Stickers Sticker for Rs.1497 online. Wallmantra Extra Large Vinyl Stickers Sticker at best prices with FREE shipping & cash on delivery. Only Genuine Products. 30 Day Replacement Guarantee.
WallDesign Small Vinyl Sticker,"[""Baby Care >> Baby & Kids Gifts >> Stickers >> WallDesign Stickers""]",WallDesign,730,Buy WallDesign Small Vinyl Sticker for Rs.730 online. WallDesign Small Vinyl Sticker at best prices with FREE shipping & cash on delivery. Only Genuine Products. 30 Day Replacement Guarantee.
WallDesign Small Vinyl Sticker,"[""Baby Care >> Baby & Kids Gifts >> Stickers >> WallDesign Stickers""]",WallDesign,530,Buy WallDesign Small Vinyl Sticker for Rs.530 online. WallDesign Small Vinyl Sticker at best prices with FREE shipping & cash on delivery. Only Genuine Products. 30 Day Replacement Guarantee.
WallDesign Small Vinyl Sticker,"[""Baby Care >> Baby & Kids Gifts >> Stickers >> WallDesign Stickers""]",WallDesign,510,Buy WallDesign Small Vinyl Sticker for Rs.510 online. WallDesign Small Vinyl Sticker at best prices with FREE shipping & cash on delivery. Only Genuine Products. 30 Day Replacement Guarantee.
WallDesign Small Vinyl Sticker,"[""Baby Care >> Baby & Kids Gifts >> Stickers >> WallDesign Stickers""]",WallDesign,530,Buy WallDesign Small Vinyl Sticker for Rs.530 online. WallDesign Small Vinyl Sticker at best prices with FREE shipping & cash on delivery. Only Genuine Products. 30 Day Replacement Guarantee.
WallDesign Small Vinyl Sticker,"[""Baby Care >> Baby & Kids Gifts >> Stickers >> WallDesign Stickers""]",WallDesign,510,Buy WallDesign Small Vinyl Sticker for Rs.510 online. WallDesign Small Vinyl Sticker at best prices with FREE shipping & cash on delivery. Only Genuine Products. 30 Day Replacement Guarantee.
WallDesign Small Vinyl Sticker,"[""Baby Care >> Baby & Kids Gifts >> Stickers >> WallDesign Stickers""]",WallDesign,530,Buy WallDesign Small Vinyl Sticker for Rs.530 online. WallDesign Small Vinyl Sticker at best prices with FREE shipping & cash on delivery. Only Genuine Products. 30 Day Replacement Guarantee.
Wallmantra Large Vinyl Stickers Sticker,"[""Baby Care >> Baby & Kids Gifts >> Stickers >> Wallmantra Stickers""]",Wallmantra,1143,Buy Wallmantra Large Vinyl Stickers Sticker for Rs.1143 online. Wallmantra Large Vinyl Stickers Sticker at best prices with FREE shipping & cash on delivery. Only Genuine Products. 30 Day Replacement Guarantee.
WallDesign Small Vinyl Sticker,"[""Baby Care >> Baby & Kids Gifts >> Stickers >> WallDesign Stickers""]",WallDesign,510,Buy WallDesign Small Vinyl Sticker for Rs.510 online. WallDesign Small Vinyl Sticker at best prices with FREE shipping & cash on delivery. Only Genuine Products. 30 Day Replacement Guarantee.
Wallmantra Large Vinyl Stickers Sticker,"[""Baby Care >> Baby & Kids Gifts >> Stickers >> Wallmantra Stickers""]",Wallmantra,1424,Buy Wallmantra Large Vinyl Stickers Sticker for Rs.1424 online. Wallmantra Large Vinyl Stickers Sticker at best prices with FREE shipping & cash on delivery. Only Genuine Products. 30 Day Replacement Guarantee.
WallDesign Small Vinyl Sticker,"[""Baby Care >> Baby & Kids Gifts >> Stickers >> WallDesign Stickers""]",WallDesign,530,Buy WallDesign Small Vinyl Sticker for Rs.530 online. WallDesign Small Vinyl Sticker at best prices with FREE shipping & cash on delivery. Only Genuine Products. 30 Day Replacement Guarantee.
Wallmantra Extra Large Vinyl Stickers Sticker,"[""Baby Care >> Baby & Kids Gifts >> Stickers >> Wallmantra Stickers""]",Wallmantra,1497,Buy Wallmantra Extra Large Vinyl Stickers Sticker for Rs.1497 online. Wallmantra Extra Large Vinyl Stickers Sticker at best prices with FREE shipping & cash on delivery. Only Genuine Products. 30 Day Replacement Guarantee.
WallDesign Small Vinyl Sticker,"[""Baby Care >> Baby & Kids Gifts >> Stickers >> WallDesign Stickers""]",WallDesign,730,Buy WallDesign Small Vinyl Sticker for Rs.730 online. WallDesign Small Vinyl Sticker at best prices with FREE shipping & cash on delivery. Only Genuine Products. 30 Day Replacement Guarantee.
WallDesign Small Vinyl Sticker,"[""Baby Care >> Baby & Kids Gifts >> Stickers >> WallDesign Stickers""]",WallDesign,730,Buy WallDesign Small Vinyl Sticker for Rs.730 online. WallDesign Small Vinyl Sticker at best prices with FREE shipping & cash on delivery. Only Genuine Products. 30 Day Replacement Guarantee.
WallDesign Small Vinyl Sticker,"[""Baby Care >> Baby & Kids Gifts >> Stickers >> WallDesign Stickers""]",WallDesign,510,Buy WallDesign Small Vinyl Sticker for Rs.510 online. WallDesign Small Vinyl Sticker at best prices with FREE shipping & cash on delivery. Only Genuine Products. 30 Day Replacement Guarantee.
WallDesign Small Vinyl Sticker,"[""Baby Care >> Baby & Kids Gifts >> Stickers >> WallDesign Stickers""]",WallDesign,530,Buy WallDesign Small Vinyl Sticker for Rs.530 online. WallDesign Small Vinyl Sticker at best prices with FREE shipping & cash on delivery. Only Genuine Products. 30 Day Replacement Guarantee.
LED String Fairy Lights,"[""Home Decor >> Lighting >> Decorative Lights""]",BrightNest,499,Warm white LED string lights perfect for Christmas tree or wall decoration.
Christmas Tree Ornaments Set,"[""Home Decor >> Seasonal >> Christmas""]",FestiveCraft,799,"A set of 24 colorful ornaments including stars, bells, and baubles."
Scented Candles Gift Box,"[""Home Decor >> Candles""]",AromaBliss,599,Fragrant candles in festive jars to create a cozy holiday vibe.
Tabletop Christmas Tree,"[""Home Decor >> Seasonal >> Christmas""]",MiniTree,349,"A compact, pre-decorated tree ideal for desks and small spaces."
Santa Claus Wall Hanging for Christmas,"[""Home Decor >> Seasonal >> Christmas""]",HolidayTree,299,Cheerful Santa wall décor to welcome guests with holiday spirit.
